# Blender 4.4.1
# www.blender.org
mtllib Blond Poney Tail Hair.mtl
o poney_tail_
v 2.684543 1.772430 -4.328023
v 2.465974 1.641409 -4.917852
v 2.843143 1.818928 -4.511408
v 2.553973 1.694004 -4.961142
v 2.193913 1.683118 -5.190314
v -2.584277 1.691825 -4.284107
v -2.316827 1.576352 -4.765721
v -2.223217 1.527864 -4.730372
v -2.407827 1.653487 -4.111615
v -1.976157 1.581850 -5.023673
v 2.903113 2.075432 -3.735855
v 3.132303 2.114811 -4.059356
v -2.840887 1.970564 -3.820285
v -2.584957 1.942442 -3.516638
v 4.557123 1.769823 -3.841014
v 4.454923 1.706734 -4.129891
v 5.039923 2.014255 -4.165725
v 3.978123 2.037815 -3.543346
v 3.808523 1.948857 -3.989601
v -3.574827 1.666945 -2.671298
v -3.833267 1.318004 -2.382004
v -3.888937 1.460935 -2.524084
v -3.400897 1.540658 -2.502996
v -4.249967 1.458676 -2.210083
v 3.969523 1.849061 -2.972856
v 4.266723 1.514407 -2.706373
v 3.815823 1.714587 -2.791664
v 4.303923 1.659393 -2.851416
v 4.688623 1.674537 -2.567188
v -4.021837 3.718177 -2.968512
v -4.629067 4.497214 -2.744922
v -4.921817 4.315681 -3.665468
v -4.212167 3.505717 -3.673454
v 4.132623 3.919693 -3.300808
v 4.944123 4.557144 -4.067235
v 4.717523 4.727378 -3.124838
v 4.275923 3.714426 -4.019654
v 3.848923 4.040201 -2.747121
v 4.626123 4.807652 -2.922727
v 4.427623 4.801740 -2.486770
v 4.008623 4.039033 -3.103173
v -4.834857 4.975577 -2.694431
v -5.163447 4.863852 -3.674041
v 2.843143 1.818928 -4.511408
v 2.553973 1.694004 -4.961142
v 2.799164 2.035214 -4.752501
v 2.588933 1.912352 -4.985183
v 2.193913 1.683118 -5.190314
v -2.568917 1.909214 -4.532189
v -2.364077 1.792646 -4.786792
v -2.316827 1.576352 -4.765721
v -2.584277 1.691825 -4.284107
v -1.976157 1.581850 -5.023673
v 5.157623 5.117551 -4.093635
v 4.903423 5.213953 -3.090236
v -2.217037 2.822272 -4.603813
v -1.737677 2.512612 -4.335984
v -1.744037 2.474389 -4.320502
v -2.087057 2.922008 -4.657466
v 2.556224 2.946455 -4.690134
v 2.103743 2.612565 -4.405634
v 2.419304 3.040125 -4.739871
v 2.112663 2.575362 -4.391138
v -4.242067 4.642248 -4.148090
v -3.669857 3.810042 -4.064367
v -4.212167 3.505717 -3.673454
v -4.921817 4.315681 -3.665468
v 3.690103 3.991151 -4.365939
v 4.213123 4.849938 -4.492305
v 4.275923 3.714426 -4.019654
v 4.944123 4.557144 -4.067235
v -3.336547 5.281558 -5.788566
v -2.723867 4.151695 -5.142833
v -3.646997 4.151451 -5.124829
v -2.339887 5.105083 -5.606944
v 2.804963 4.285704 -5.364035
v 3.308964 5.442176 -6.054417
v 3.725583 4.329459 -5.419446
v 2.339633 5.218628 -5.794424
v -3.743697 2.564152 -3.048165
v -3.909277 2.534042 -3.556623
v -2.707247 3.291123 -4.368429
v -3.340447 3.014534 -4.401182
v 2.891853 3.426165 -4.592616
v 3.532993 3.180278 -4.675960
v -4.228397 5.691432 -1.941658
v -4.527927 5.329927 -2.349598
v -4.293817 5.285328 -1.937163
v -4.470347 5.761036 -2.354753
v -4.134487 4.595084 -2.144540
v -4.367077 4.590744 -2.562637
v -3.729637 3.851806 -2.792680
v -3.542327 3.862166 -2.450513
v -3.192877 3.094592 -2.634935
v -3.334197 3.104142 -2.896831
v -3.374067 2.058943 -2.815996
v -3.278997 2.020429 -2.630505
v 3.904923 2.752411 -3.361642
v 4.030623 2.729440 -3.879999
v -3.909277 2.534042 -3.556623
v -3.434567 2.447429 -3.807821
v 3.704783 5.767612 -5.125915
v 2.885854 6.126797 -6.095131
v 3.419823 6.339540 -5.043154
v 3.308964 5.442176 -6.054417
v 3.725583 4.329459 -5.419446
v 3.981123 4.923822 -4.630316
v 3.838923 3.435255 -4.009439
v 3.532993 3.180278 -4.675960
v 3.009393 2.330043 -4.517478
v 3.132303 2.114811 -4.059356
v -3.409067 6.171771 -4.765398
v -2.939817 5.983582 -5.859054
v -3.672127 5.589590 -4.830306
v -3.336547 5.281558 -5.788566
v -3.646997 4.151451 -5.124829
v -3.867007 4.734543 -4.315853
v -3.604097 3.255208 -3.711858
v -3.340447 3.014534 -4.401182
v -2.765457 2.190896 -4.285342
v -2.840887 1.970564 -3.820285
v -4.418037 5.018885 -4.191982
v -5.163447 4.863852 -3.674041
v -5.140137 5.426910 -3.675400
v -4.366697 5.401071 -4.202800
v 4.366623 5.234759 -4.550087
v 5.157623 5.117551 -4.093635
v 5.107123 5.678586 -4.092031
v 4.296223 5.614879 -4.555935
v 4.767623 5.554994 -2.721579
v 4.485023 5.898102 -2.284887
v 4.569623 5.499164 -2.292296
v 4.688923 5.977945 -2.714843
v 2.675053 12.367871 -3.404252
v 2.513473 12.183447 -3.816787
v 2.076194 12.279646 -3.535458
v 2.185023 12.432918 -3.185348
v 2.905023 11.767398 -3.963441
v 3.122453 11.922779 -3.547295
v 3.516243 11.356305 -3.589984
v 3.277653 11.283408 -3.967007
v -2.817997 12.216473 -3.154276
v -2.227267 12.160988 -3.340051
v -2.678327 12.040233 -3.580709
v -2.317537 12.309133 -2.981007
v -3.060887 11.603722 -3.692642
v -3.254667 11.747816 -3.256642
v -3.625787 11.160878 -3.265602
v -3.411617 11.100261 -3.662464
v 3.663413 10.794984 -3.643599
v 3.471463 10.780927 -3.934817
v 2.430303 11.146411 -5.147974
v 2.523933 11.825539 -4.046660
v 2.964893 10.922639 -4.354939
v 2.067493 12.171471 -4.482012
v 3.866524 9.915590 -3.621526
v 3.589093 10.243038 -3.873106
v 3.707773 10.288203 -3.663474
v 3.852023 9.834152 -3.736639
v 4.076423 9.717845 -3.567204
v 4.064423 9.758381 -3.532646
v -2.664187 11.023647 -4.944619
v -2.702157 11.699688 -3.837350
v -2.299137 12.066096 -4.307423
v -3.122227 10.775318 -4.110912
v -3.752227 10.591372 -3.305334
v -3.581007 10.587555 -3.613413
v -3.915617 9.701769 -3.267392
v -3.776317 10.082552 -3.322230
v -3.670977 10.043548 -3.542781
v -3.905857 9.621335 -3.383491
v -4.112417 9.493756 -3.194209
v -4.099767 9.534306 -3.160652
v 1.983733 12.291889 -3.405282
v 1.609523 12.549804 -3.471791
v -2.135467 12.192634 -3.239614
v -1.780657 12.467952 -3.335887
v 3.542013 2.619334 -4.093517
v 4.030623 2.729440 -3.879999
v 3.957224 2.092157 -4.084659
v 4.161723 2.258215 -3.940395
v 3.523333 3.257250 -2.903757
v 3.642633 3.272945 -3.175565
v 3.739153 2.230834 -3.100693
v 3.661143 2.187220 -2.908266
v 1.501303 12.161994 -2.971999
v 1.273813 12.227262 -3.728188
v 1.370133 12.231249 -2.916055
v 1.455463 12.133262 -3.729462
v 1.437353 11.789177 -4.463192
v 1.209023 11.880823 -4.509958
v 1.115223 11.153151 -4.907863
v 1.391673 11.083044 -4.826806
v -1.583237 12.081226 -2.916090
v -1.387107 12.157591 -3.679125
v -1.563557 12.053514 -3.674539
v -1.453857 12.156532 -2.864062
v -1.554206 11.710437 -4.408256
v -1.332847 11.814198 -4.463853
v -1.215716 11.092562 -4.864675
v -1.484967 11.007336 -4.774826
v 3.584943 3.736962 -3.542307
v 3.838923 3.435255 -4.009439
v -3.328407 3.569192 -3.265558
v -3.604097 3.255208 -3.711858
v 2.409034 9.552577 -5.170590
v 3.078713 9.415416 -4.127356
v 3.051333 8.095045 -4.404283
v 2.400654 8.290312 -5.380728
v 2.428463 11.933176 -2.176033
v 1.915233 11.963499 -2.567656
v 1.818213 12.035479 -2.344659
v 2.498793 11.877266 -2.477814
v 3.028293 11.273335 -2.413000
v 2.942963 11.284374 -2.047819
v 3.194813 10.245348 -2.051908
v 3.330383 10.272935 -2.464573
v -2.567967 9.432858 -4.971191
v -3.144797 9.265022 -3.878374
v -3.075977 7.946691 -4.158279
v -2.515547 8.171611 -5.183323
v -2.462807 11.815525 -1.980612
v -1.873607 11.946460 -2.196851
v -1.984517 11.869368 -2.411921
v -2.554207 11.755507 -2.275452
v -3.047147 11.127020 -2.169960
v -2.933567 11.143173 -1.812713
v -3.134487 10.091881 -1.797969
v -3.303817 10.112317 -2.198730
v 1.254933 11.956484 -1.018605
v 1.842863 11.704844 -1.489064
v 1.604183 11.861633 -1.619953
v 1.621693 11.688200 -0.778226
v 1.299983 11.523239 -0.266416
v 0.811813 11.836732 -0.595195
v -1.171227 11.956484 -1.018605
v -1.759167 11.704844 -1.489064
v -1.537987 11.688200 -0.778226
v -1.520477 11.861633 -1.619953
v -1.216277 11.523239 -0.266416
v -0.728107 11.836732 -0.595195
v 1.583173 11.310274 -0.270304
v 1.621693 11.688200 -0.778226
v 1.299983 11.523239 -0.266416
v 1.831173 11.495455 -0.797840
v -1.537987 11.688200 -0.778226
v -1.499467 11.310274 -0.270304
v -1.216277 11.523239 -0.266416
v -1.747467 11.495455 -0.797840
v 1.236183 11.023860 0.200854
v 0.881013 11.243515 0.227837
v -1.152477 11.023860 0.200854
v -0.797317 11.243515 0.227837
v 1.817193 11.735384 -2.265722
v 1.743993 11.663138 -2.690737
v 1.699313 11.793839 -2.298928
v 0.248683 11.530939 -0.170302
v 0.881013 11.243515 0.227837
v -0.797317 11.243515 0.227837
v -0.164977 11.530939 -0.170302
v -1.733487 11.735384 -2.265722
v -1.615607 11.793839 -2.298929
v -1.660277 11.663138 -2.690737
v 1.842863 11.704844 -1.489064
v 1.968483 11.588285 -1.522645
v -4.685827 6.712799 -3.731972
v -3.892127 6.389281 -4.285406
v -1.759167 11.704844 -1.489064
v -1.884767 11.588285 -1.522646
v -0.698637 10.780558 0.516584
v -0.345217 10.585346 0.751957
v -0.325457 10.892984 0.560112
v -0.638547 10.427383 0.747815
v 0.765973 10.780558 0.516584
v 0.412553 10.585346 0.751957
v 0.705893 10.427383 0.747816
v 0.392793 10.892984 0.560112
v 1.071713 12.014606 -1.543866
v 1.604183 11.861633 -1.619953
v 1.443793 11.903256 -1.960416
v 1.254933 11.956484 -1.018605
v 1.817193 11.735384 -2.265722
v 1.877653 11.688634 -2.285355
v -1.520477 11.861633 -1.619953
v -0.988007 12.014606 -1.543867
v -1.360087 11.903256 -1.960416
v -1.171227 11.956484 -1.018605
v 0.110323 10.526011 0.850168
v 0.026733 10.697908 0.785492
v 0.042743 10.511012 0.849965
v 0.077783 10.716930 0.783751
v -1.733487 11.735384 -2.265722
v -1.793947 11.688634 -2.285355
v 1.699313 11.793839 -2.298928
v 1.743993 11.663138 -2.690737
v 1.589703 11.811429 -2.416705
v -1.615607 11.793839 -2.298929
v -1.505997 11.811429 -2.416705
v -1.660277 11.663138 -2.690737
v 1.743993 11.663138 -2.690737
v 1.589703 11.811429 -2.416705
v 1.743993 11.663138 -2.690737
v 1.514133 11.806771 -2.589780
v 1.369653 11.885890 -2.376690
v 1.443793 11.903256 -1.960416
v -1.505997 11.811429 -2.416705
v -1.430427 11.806771 -2.589781
v -1.660277 11.663138 -2.690737
v -1.285947 11.885890 -2.376690
v -1.360087 11.903256 -1.960416
v 3.244583 6.911483 -4.960385
v 2.555313 6.807890 -5.876875
v 4.588323 6.939946 -4.109922
v 3.769513 6.578547 -4.598870
v 1.936363 11.634189 -2.326097
v 1.743993 11.663138 -2.690737
v -1.660277 11.663138 -2.690737
v 1.030643 10.854524 0.372577
v 0.647833 11.041681 0.435118
v -0.946927 10.854524 0.372577
v -0.564117 11.041681 0.435118
v -1.660277 11.663138 -2.690737
v -1.852657 11.634189 -2.326098
v 3.516243 11.356305 -3.589984
v 3.015853 11.721240 -3.066989
v 3.368073 11.255142 -3.136312
v 3.122453 11.922779 -3.547295
v 3.536503 10.762146 -3.287017
v 3.663413 10.794984 -3.643599
v -0.046887 11.308313 0.021696
v 0.647833 11.041681 0.435118
v -0.564117 11.041681 0.435118
v 0.130583 11.308313 0.021696
v -3.106227 11.553443 -2.788234
v -3.625787 11.160878 -3.265602
v -3.442047 11.068907 -2.825814
v -3.254667 11.747816 -3.256642
v -3.599427 10.565727 -2.962648
v -3.752227 10.591372 -3.305334
v 2.078263 11.467631 -1.622290
v -3.255797 6.753924 -4.699498
v -2.637797 6.682068 -5.668564
v -0.280517 10.759394 0.749320
v -0.458817 10.585798 0.865979
v -0.256787 10.741963 0.781084
v -0.491447 10.608383 0.823283
v -1.994557 11.467631 -1.622291
v 0.509093 10.584807 0.865966
v 0.330803 10.758402 0.749306
v 0.307073 10.740972 0.781070
v 0.541733 10.607376 0.823269
v -0.175907 10.486753 0.795630
v 0.013973 10.132634 0.874834
v 0.032733 10.475603 0.806473
v -0.252857 10.130744 0.866805
v -0.093767 10.679646 0.731238
v 0.064003 10.670522 0.740110
v -0.009347 10.771981 0.632483
v 0.082133 10.775190 0.617526
v 1.846503 11.079684 -0.375438
v 2.023163 11.301943 -0.909475
v -1.762797 11.079684 -0.375438
v -1.939447 11.301943 -0.909476
v 0.170703 10.509829 0.862942
v 0.204753 10.328249 0.904490
v 0.429143 10.465503 0.887345
v 0.314333 10.646103 0.843793
v -0.120417 10.509829 0.862942
v -0.378857 10.465503 0.887345
v -0.154457 10.328249 0.904490
v -0.264037 10.646103 0.843793
v -2.125387 5.949125 0.884095
v -2.281767 5.675767 0.687377
v -2.240087 5.621982 0.819655
v -2.210377 5.924342 0.646738
v -2.120977 5.447410 0.639270
v -2.159647 5.481779 0.537730
v -1.949197 5.387775 0.390437
v 2.192723 5.949125 0.884096
v 2.349093 5.675767 0.687377
v 2.277703 5.924342 0.646738
v 2.307423 5.621982 0.819656
v 2.188302 5.447410 0.639271
v 2.226993 5.481779 0.537730
v 2.016543 5.387775 0.390438
v 1.073213 11.940207 -2.177937
v 1.071713 12.014606 -1.543866
v 0.209013 9.825103 0.985672
v 0.232613 10.049095 0.987710
v 0.138383 10.032099 0.987480
v 0.300513 9.846086 0.987956
v 0.144603 10.383143 0.913231
v 0.066633 10.368159 0.912028
v 1.569513 10.758406 0.085244
v -0.989507 11.940207 -2.177937
v -0.988007 12.014606 -1.543867
v -4.323767 6.628520 -2.679018
v -5.140137 5.426910 -3.675400
v -4.792307 5.461512 -2.686841
v -4.685827 6.712799 -3.731972
v -1.485807 10.758406 0.085244
v -1.058267 10.570595 0.438732
v -0.877767 10.144718 0.721984
v 1.125603 10.570595 0.438732
v 0.945103 10.144718 0.721984
v -3.672057 10.076211 -3.076299
v -3.776317 10.082552 -3.322230
v -3.915617 9.701769 -3.267392
v -3.868647 9.685690 -3.113596
v 3.621533 10.276751 -3.408608
v 3.707773 10.288203 -3.663474
v 3.866524 9.915590 -3.621526
v 3.831223 9.897472 -3.464752
v -0.210307 10.790953 0.708744
v -0.189047 10.777601 0.734566
v 0.589513 11.945910 -1.270778
v 0.811813 11.836732 -0.595195
v -0.505807 11.945910 -1.270779
v -0.728107 11.836732 -0.595195
v 0.260593 10.789961 0.708730
v 0.239333 10.776609 0.734552
v -0.686627 10.305391 0.894177
v -0.732297 10.330152 0.838508
v 2.010333 11.523376 -2.488618
v 1.743993 11.663138 -2.690737
v 1.936363 11.634189 -2.326097
v 2.217983 11.239194 -1.960418
v 2.078263 11.467631 -1.622290
v -0.101697 10.609668 0.654278
v -0.038717 10.879941 0.488930
v 0.169033 10.609668 0.654278
v 0.106043 10.879941 0.488930
v 2.000643 11.427820 -2.668932
v 1.743993 11.663138 -2.690737
v 2.010333 11.523376 -2.488618
v -1.926627 11.523376 -2.488619
v -1.852657 11.634189 -2.326098
v -1.660277 11.663138 -2.690737
v -2.134277 11.239194 -1.960419
v -1.994557 11.467631 -1.622291
v -1.916947 11.427820 -2.668932
v -1.926627 11.523376 -2.488619
v -1.660277 11.663138 -2.690737
v 4.316023 6.841308 -3.031159
v 5.107123 5.678586 -4.092031
v 4.588323 6.939946 -4.109922
v 4.838223 5.697850 -3.078676
v 4.454923 1.706734 -4.129891
v 4.532623 1.827491 -4.185257
v 5.039923 2.014255 -4.165725
v 3.957224 2.092157 -4.084659
v 3.808523 1.948857 -3.989601
v 2.185023 12.432918 -3.185348
v 1.925773 12.087502 -2.714990
v 2.344713 12.184950 -2.894685
v 1.719993 12.241951 -2.893912
v 2.703973 12.079117 -2.981127
v 2.675053 12.367871 -3.404252
v 0.303363 10.042090 0.914610
v 0.588563 10.174313 0.899396
v -0.538277 10.174313 0.899396
v -0.253077 10.042090 0.914610
v -2.317537 12.309133 -2.981007
v -2.011697 11.980062 -2.535431
v -1.825927 12.144749 -2.732213
v -2.445557 12.052980 -2.676454
v -2.804837 11.927690 -2.730160
v -2.817997 12.216473 -3.154276
v -3.149627 11.635426 -3.081156
v -2.876407 10.586863 -3.931452
v -3.766057 10.784211 -3.365720
v -2.614107 11.157628 -3.688689
v -3.770707 9.299065 -3.659890
v -2.681317 9.282182 -4.259173
v -2.987737 7.856246 -4.347519
v -3.973997 8.103294 -3.759115
v -3.442757 10.394854 -2.383911
v -3.770707 9.299065 -3.659890
v -3.396687 9.095185 -2.490550
v -3.766057 10.784211 -3.365720
v -4.302447 1.491880 -3.772772
v -4.902487 1.769759 -3.762006
v -4.390017 1.608544 -3.821197
v -3.821867 1.899832 -3.767239
v -3.659227 1.764688 -3.684065
v 1.514133 11.806771 -2.589780
v 1.395383 11.720693 -2.804972
v 1.369653 11.885890 -2.376690
v 1.502973 11.729166 -2.765852
v 1.743993 11.663138 -2.690737
v -1.311677 11.720693 -2.804972
v -1.430427 11.806771 -2.589781
v -1.285947 11.885890 -2.376690
v -1.419267 11.729166 -2.765852
v -1.660277 11.663138 -2.690737
v -3.796757 1.846482 -3.224913
v -3.026067 2.420336 -3.653175
v -3.337557 2.533917 -2.883559
v -3.659227 1.764688 -3.684065
v -4.302447 1.491880 -3.772772
v -4.384107 1.549870 -3.476960
v -4.902487 1.769759 -3.762006
v -3.357957 7.120758 -4.316490
v -4.234227 7.438010 -3.742135
v 1.394773 10.590413 0.230982
v -1.311067 10.590413 0.230982
v 1.525993 11.662180 -2.841764
v 1.502973 11.729166 -2.765852
v 1.743993 11.663138 -2.690737
v 2.873682 11.784785 -3.328145
v 2.584213 10.722924 -4.156625
v 2.314923 11.280406 -3.893044
v 3.505664 10.964258 -3.663308
v 3.558383 9.480146 -3.959463
v 2.426623 9.410059 -4.470455
v 2.793353 7.999488 -4.585596
v 3.810523 8.294614 -4.076549
v 0.011213 9.905476 0.885755
v -0.262927 9.864533 0.881193
v -0.207077 9.599327 0.894604
v 0.074383 9.678288 0.897674
v -1.442287 11.662180 -2.841764
v -1.660277 11.663138 -2.690737
v -1.419267 11.729166 -2.765852
v -1.336437 10.181717 0.353449
v -1.051727 9.915651 0.651870
v 3.199883 7.283443 -4.586311
v 4.103023 7.642626 -4.081393
v 1.403773 10.181717 0.353449
v 1.119063 9.915651 0.651870
v 0.736912 10.305406 0.893178
v 0.782583 10.330152 0.838508
v 0.857923 10.124599 0.877724
v 0.908123 10.152445 0.816092
v 1.305633 9.577931 0.702295
v 1.277083 9.518104 0.762486
v 0.427863 10.758258 0.538286
v -0.306357 10.976062 0.112200
v -0.344157 10.758258 0.538286
v 0.390063 10.976062 0.112200
v -3.973997 8.103294 -3.759115
v -3.608607 7.975179 -2.644753
v -4.234227 7.438010 -3.742135
v -3.869637 7.318308 -2.659659
v -1.623787 9.638832 0.267076
v -1.346347 9.408352 0.595982
v 1.691133 9.638832 0.267076
v 1.413693 9.408352 0.595982
v -0.807627 10.124599 0.877724
v -0.857837 10.152445 0.816092
v -1.255337 9.577931 0.702295
v -1.226807 9.518104 0.762486
v -1.400567 9.401966 0.698909
v -1.405077 9.458557 0.655674
v -1.606327 9.406023 0.472938
v 1.450853 9.401966 0.698909
v 1.455373 9.458557 0.655674
v 1.656613 9.406023 0.472938
v 2.280463 10.946053 -1.362341
v 2.023163 11.301943 -0.909475
v 3.810523 8.294614 -4.076549
v 3.289203 9.260929 -2.765328
v 3.541873 8.151161 -2.937391
v 3.558383 9.480146 -3.959463
v 3.280993 10.560611 -2.659688
v 3.505664 10.964258 -3.663308
v -2.196757 10.946053 -1.362342
v -1.939447 11.301943 -0.909476
v -2.939817 5.983582 -5.859054
v -1.983477 5.682356 -5.476102
v 2.885854 6.126797 -6.095131
v 1.967793 5.778554 -5.636815
v 0.818513 10.674440 0.451143
v 0.427863 10.758258 0.538286
v 1.743993 11.663138 -2.690737
v 1.562053 11.587991 -2.901782
v -0.734807 10.674440 0.451143
v -0.344157 10.758258 0.538286
v -1.478347 11.587991 -2.901782
v -1.660277 11.663138 -2.690737
v -1.903887 9.048573 0.135066
v -1.643767 8.845155 0.533338
v 1.971223 9.048573 0.135067
v 1.711113 8.845155 0.533338
v 2.242193 10.622381 -0.872690
v 1.846503 11.079684 -0.375438
v 1.619103 11.518370 -2.930728
v 1.562053 11.587991 -2.901782
v 1.743993 11.663138 -2.690737
v -2.158497 10.622381 -0.872690
v -1.762797 11.079684 -0.375438
v 0.322983 9.618542 0.951869
v 0.411913 9.644500 0.955220
v -1.535387 11.518370 -2.930729
v -1.660277 11.663138 -2.690737
v -1.478347 11.587991 -2.901782
v 0.155693 11.626919 -1.053084
v -0.164977 11.530939 -0.170302
v -0.071977 11.626919 -1.053084
v 0.248683 11.530939 -0.170302
v 1.200363 11.691429 -2.859375
v 1.073213 11.940207 -2.177937
v 1.449083 11.567169 -2.989070
v 1.395383 11.720693 -2.804972
v -1.116657 11.691429 -2.859375
v -0.989507 11.940207 -2.177937
v -0.586537 11.874671 -2.064817
v -0.505807 11.945910 -1.270779
v -1.365377 11.567169 -2.989070
v -1.311677 11.720693 -2.804972
v -0.062097 10.819965 0.561121
v -0.030297 10.797964 0.560822
v 0.117703 10.620821 0.717439
v 0.197423 10.718519 0.739762
v 0.670243 11.874671 -2.064817
v 0.589513 11.945910 -1.270778
v 1.524653 11.400732 -3.105336
v -0.067417 10.620821 0.717439
v -0.147137 10.718519 0.739762
v -1.440947 11.400732 -3.105336
v -2.066567 8.488269 0.006454
v -1.816457 8.366735 0.413840
v -1.842987 8.017847 0.329099
v -2.049717 8.004506 -0.088120
v 2.133903 8.488269 0.006454
v 1.883793 8.366735 0.413840
v 1.910323 8.017847 0.329099
v 2.117052 8.004506 -0.088120
v 1.743993 11.663138 -2.690737
v 1.684593 11.450410 -2.933649
v -1.705067 11.393207 -2.108345
v -2.188937 11.980229 -2.769444
v -2.395807 11.449770 -2.222594
v -1.273287 11.711922 -2.453054
v -3.082837 11.087038 -2.318518
v -3.149627 11.635426 -3.081156
v 0.286693 10.700994 0.778529
v 0.465933 10.542939 0.855395
v 0.509093 10.584807 0.865966
v 0.307073 10.740972 0.781070
v 1.756063 11.402098 -2.911300
v 1.684593 11.450410 -2.933649
v 1.743993 11.663138 -2.690737
v 1.743993 11.663138 -2.690737
v 1.821473 11.369682 -2.880738
v -1.600887 11.450410 -2.933650
v -1.660277 11.663138 -2.690737
v -0.236407 10.700994 0.778529
v -0.458817 10.585798 0.865979
v -0.415647 10.542939 0.855395
v -0.256787 10.741963 0.781084
v -1.672347 11.402098 -2.911300
v -1.660277 11.663138 -2.690737
v -1.600887 11.450410 -2.933650
v -1.737767 11.369682 -2.880738
v -1.660277 11.663138 -2.690737
v 0.897003 10.023617 -4.949178
v 1.177093 9.974478 -4.865837
v 1.878943 11.366123 -2.838783
v 1.743993 11.663138 -2.690737
v 1.929003 11.371509 -2.793707
v -0.940447 9.976148 -4.915823
v -1.214337 9.911891 -4.822683
v 0.036333 10.809114 0.549979
v 0.054513 10.822263 0.539154
v 1.629913 11.231318 -3.149637
v 1.524653 11.400732 -3.105336
v 1.821473 11.369682 -2.880738
v 1.743993 11.663138 -2.690737
v -1.795237 11.366123 -2.838783
v -1.845297 11.371509 -2.793708
v -1.660277 11.663138 -2.690737
v 2.217983 11.239194 -1.960418
v 2.381333 10.658988 -1.949288
v 2.262293 11.043457 -2.350110
v 2.280463 10.946053 -1.362341
v -1.546197 11.231318 -3.149638
v -1.440947 11.400732 -3.105336
v -1.660277 11.663138 -2.690737
v -1.737767 11.369682 -2.880738
v -1.600377 7.616552 0.200651
v -1.737697 7.477029 -0.130274
v 1.667713 7.616552 0.200652
v 1.805043 7.477029 -0.130273
v -2.178587 11.043457 -2.350110
v -2.297627 10.658988 -1.949289
v -2.134277 11.239194 -1.960419
v -2.196757 10.946053 -1.362342
v 1.925483 12.083550 -2.940063
v 1.524743 11.475060 -2.244248
v 2.200663 11.564363 -2.413051
v 1.051973 11.772276 -2.553250
v 2.894463 11.235377 -2.564529
v 2.873682 11.784785 -3.328145
v -0.741827 9.443152 0.685466
v -0.697457 9.834863 0.856795
v -0.912187 9.623689 0.720915
v -0.456237 9.651731 0.865306
v -0.237867 10.587977 0.557975
v 0.507143 10.757917 0.121243
v 0.753773 8.640574 -4.881929
v 1.072863 8.622452 -4.799167
v 0.792113 9.443152 0.685467
v 0.747753 9.834863 0.856795
v 0.506533 9.651731 0.865306
v 0.962473 9.623689 0.720915
v 0.321583 10.587977 0.557975
v -0.423437 10.757917 0.121243
v 1.672973 11.761756 -2.441383
v 1.509513 11.865520 -2.422968
v -0.723367 8.606256 -4.858398
v -1.037307 8.572986 -4.764839
v 0.923893 7.158596 -4.820021
v 1.226583 7.226545 -4.742096
v 1.748753 5.621409 -4.816872
v 1.502523 5.500239 -4.878518
v 2.189733 4.454817 -5.001708
v 2.402803 4.576231 -4.958057
v 2.706013 3.670796 -5.006336
v 2.503823 3.636028 -5.022816
v 2.108473 10.159849 -0.467922
v 1.394773 10.590413 0.230982
v 1.995283 9.890581 -0.375565
v 1.569513 10.758406 0.085244
v -0.813277 7.117192 -4.790581
v -1.116127 7.171015 -4.702845
v -1.556927 5.546693 -4.763880
v -1.306477 5.435640 -4.834393
v -1.941437 4.346773 -4.926163
v -2.158847 4.457092 -4.874667
v -2.415827 3.536524 -4.913156
v -2.212897 3.512850 -4.937473
v 1.768683 11.069033 -3.129841
v -1.723567 11.679918 -2.305479
v -1.564287 11.790847 -2.299969
v -1.684977 11.069033 -3.129841
v -1.311067 10.590413 0.230982
v -2.024767 10.159849 -0.467923
v -1.911577 9.890581 -0.375565
v -1.485807 10.758406 0.085244
v 1.301033 11.463373 -3.152495
v 1.424933 11.174637 -3.321420
v -1.217327 11.463373 -3.152495
v -1.341227 11.174637 -3.321420
v 1.914213 10.940037 -3.056579
v 1.768683 11.069033 -3.129841
v 4.064423 9.758381 -3.532646
v 4.056923 9.747612 -3.476788
v -1.830497 10.940037 -3.056579
v -1.684977 11.069033 -3.129841
v -4.099767 9.534306 -3.160652
v -4.087977 9.524573 -3.105778
v 0.042263 9.287736 0.788364
v 0.112843 9.555746 0.863004
v -0.116057 9.443036 0.841477
v 0.218643 9.432212 0.828329
v 2.440703 10.271214 -1.599519
v 2.242193 10.622381 -0.872690
v -0.264037 10.646103 0.843793
v -0.502587 10.480452 0.669533
v -0.378857 10.465503 0.887345
v -0.373197 10.639191 0.690685
v -0.236807 10.715620 0.658721
v -0.147137 10.718519 0.739762
v 2.036783 10.869537 -2.946525
v -1.953077 10.869537 -2.946525
v -2.356997 10.271214 -1.599520
v -2.158497 10.622381 -0.872690
v 1.484713 11.849308 -2.554204
v 1.423273 11.846005 -2.459239
v 0.053493 10.672471 0.522122
v 0.118403 10.798434 0.378813
v 0.013853 10.672471 0.522122
v -0.051067 10.798434 0.378813
v 0.314333 10.646103 0.843793
v 0.429143 10.465503 0.887345
v 0.552873 10.480452 0.669533
v 0.423483 10.639191 0.690685
v 0.287093 10.715620 0.658721
v 0.197423 10.718519 0.739762
v 4.103023 7.642626 -4.081393
v 3.832223 7.507617 -2.975121
v -0.912187 9.623689 0.720915
v -0.697457 9.834863 0.856795
v -0.897637 9.828325 0.600678
v -0.764567 10.026346 0.600365
v 0.710533 10.580195 0.467865
v 0.321583 10.587977 0.557975
v -0.626827 10.580195 0.467864
v -0.237867 10.587977 0.557975
v 2.205373 10.893860 -2.675174
v 2.000643 11.427820 -2.668932
v 2.262293 11.043457 -2.350110
v 1.929003 11.371509 -2.793707
v 1.743993 11.663138 -2.690737
v 2.341843 10.432136 -2.477415
v 2.381333 10.658988 -1.949288
v 2.133193 10.856747 -2.814690
v 2.036783 10.869537 -2.946525
v 0.962473 9.623689 0.720915
v 0.947923 9.828325 0.600678
v 0.747753 9.834863 0.856795
v 0.814853 10.026346 0.600365
v -1.223717 9.552424 0.370917
v -1.028257 9.561528 0.584058
v -0.991497 9.712133 0.541098
v -1.535117 11.770553 -2.499268
v -1.470157 11.770283 -2.406260
v 2.970763 8.945632 -2.303558
v 3.175763 9.005717 -2.751781
v 3.160243 8.605160 -2.787216
v 2.961243 8.523129 -2.343287
v 1.195773 10.456602 0.290170
v -1.112067 10.456602 0.290169
v -1.845297 11.371509 -2.793708
v -2.121657 10.893860 -2.675174
v -1.916947 11.427820 -2.668932
v -2.178587 11.043457 -2.350110
v -1.660277 11.663138 -2.690737
v -2.258137 10.432136 -2.477415
v -2.297627 10.658988 -1.949289
v -1.953077 10.869537 -2.946525
v -2.049477 10.856747 -2.814690
v 1.274003 9.552424 0.370918
v 1.041783 9.712133 0.541098
v 1.078543 9.561528 0.584058
v 0.519373 11.403909 -0.980098
v 0.130583 11.308313 0.021696
v 0.390063 10.976062 0.112200
v 0.835073 11.162567 -0.956368
v 0.973113 11.001546 -0.955553
v 0.507143 10.757917 0.121243
v -2.868927 8.804458 -2.070451
v -3.111797 8.854305 -2.500814
v -3.079827 8.454753 -2.537234
v -2.842267 8.382960 -2.110167
v -0.435657 11.403909 -0.980098
v -0.046887 11.308313 0.021696
v -0.306357 10.976062 0.112200
v -0.751367 11.162567 -0.956368
v -0.889407 11.001546 -0.955553
v -0.423437 10.757917 0.121243
v 1.424933 11.174637 -3.321420
v 1.585323 10.875138 -3.359489
v -1.341227 11.174637 -3.321420
v -1.501617 10.875138 -3.359489
v 0.112383 10.789098 0.550707
v 0.080593 10.780056 0.553583
v 1.200363 11.691429 -2.859375
v 1.069653 11.300035 -3.275716
v 0.918083 11.577112 -2.910925
v -0.834377 11.577112 -2.910925
v -0.586537 11.874671 -2.064817
v -1.116657 11.691429 -2.859375
v -0.985957 11.300035 -3.275716
v -0.834377 11.577112 -2.910925
v 1.925483 12.083550 -2.940063
v 1.070513 11.472880 -3.115360
v 1.051973 11.772276 -2.553250
v 1.718513 11.600505 -3.529668
v 0.918083 11.577112 -2.910925
v 0.670243 11.874671 -2.064817
v -2.188937 11.980229 -2.769444
v -1.322337 11.411491 -3.013179
v -2.006687 11.507380 -3.373919
v -1.273287 11.711922 -2.453054
v -0.149137 10.754389 0.308209
v -0.124397 10.793697 0.284746
v -0.004627 11.609276 -2.037408
v 0.155693 11.626919 -1.053084
v 0.199433 10.754389 0.308209
v 0.174693 10.793697 0.284746
v 0.088343 11.609276 -2.037408
v -0.071977 11.626919 -1.053084
v 1.656613 9.406023 0.472938
v 1.450853 9.401966 0.698909
v 1.409493 9.340300 0.673069
v 1.277083 9.518104 0.762486
v 1.213273 9.452428 0.738598
v 0.782693 10.080855 0.859131
v 0.857923 10.124599 0.877724
v 0.736912 10.305406 0.893178
v 0.670563 10.264612 0.877624
v -1.606327 9.406023 0.472938
v -1.359207 9.340300 0.673069
v -1.400567 9.401966 0.698909
v -1.226807 9.518104 0.762486
v -1.162977 9.452428 0.738598
v -0.732407 10.080855 0.859131
v -0.807627 10.124599 0.877724
v -0.686627 10.305391 0.894177
v -0.620277 10.264612 0.877624
v -0.663477 10.239910 0.634263
v -0.538277 10.174313 0.899396
v 0.588563 10.174313 0.899396
v 0.713773 10.239910 0.634263
v 0.612583 9.312134 0.537672
v 0.366043 9.482244 0.677993
v 0.377353 9.347618 0.724175
v 0.218643 9.432212 0.828329
v 0.251743 9.608919 0.702715
v -2.390897 2.475260 -4.310488
v -2.765457 2.190896 -4.285342
v 2.620793 2.595985 -4.510872
v 3.009393 2.330043 -4.517478
v 1.995283 9.890581 -0.375565
v 2.382063 9.619822 -1.280321
v 2.108473 10.159849 -0.467922
v 2.313693 9.129485 -1.184964
v 1.788403 10.620975 -3.275930
v 3.278293 8.210734 -2.832570
v 3.085283 8.107763 -2.392931
v -1.704697 10.620975 -3.275930
v -2.298347 9.619822 -1.280321
v -1.911577 9.890581 -0.375565
v -2.024767 10.159849 -0.467923
v -2.229987 9.129485 -1.184965
v 0.112843 9.555746 0.863004
v 0.225263 9.673223 0.681582
v -3.181997 8.054223 -2.574674
v -2.949747 7.962469 -2.150877
v 0.536353 9.588215 0.828445
v 0.447103 9.683482 0.883744
v 0.411913 9.644500 0.955220
v 0.528653 9.524650 0.870587
v 1.245183 10.936988 -3.495664
v -1.161467 10.936988 -3.495664
v 1.988993 10.443778 -3.115316
v 1.788403 10.620975 -3.275930
v -0.400267 11.360405 -3.007875
v -0.004627 11.609276 -2.037408
v 0.465233 9.478811 0.857963
v 0.528653 9.524650 0.870587
v 0.483973 11.360405 -3.007875
v 0.088343 11.609276 -2.037408
v 2.251673 10.364222 -2.705354
v 2.138583 10.361112 -2.919421
v -0.574757 11.056827 -3.409032
v -0.400267 11.360405 -3.007875
v -0.298337 10.919025 -3.498906
v -0.138197 11.178480 -3.088352
v 0.658473 11.056827 -3.409032
v 0.483973 11.360405 -3.007875
v 0.382043 10.919025 -3.498906
v 0.221913 11.178480 -3.088352
v 2.138583 10.361112 -2.919421
v -1.905287 10.443778 -3.115317
v -1.704697 10.620975 -3.275930
v -2.054877 10.361112 -2.919421
v -2.167967 10.364222 -2.705355
v -2.054877 10.361112 -2.919421
v 1.245183 10.936988 -3.495664
v 1.443103 10.551673 -3.548891
v -1.161467 10.936988 -3.495664
v -1.359397 10.551673 -3.548891
v -1.453607 7.296874 0.175310
v -1.579077 7.146897 -0.049744
v -1.442977 6.974180 0.296945
v -1.556587 6.817719 0.035804
v -1.644867 6.557223 0.217285
v -1.534057 6.663647 0.481754
v 2.205373 10.893860 -2.675174
v 2.341843 10.432136 -2.477415
v 2.414423 10.003819 -2.310204
v 2.254373 9.915164 -2.631443
v 0.327453 11.364437 -2.051731
v 0.519373 11.403909 -0.980098
v 1.520943 7.296874 0.175310
v 1.510313 6.974180 0.296945
v 1.646403 7.146897 -0.049744
v 1.623923 6.817719 0.035804
v 1.712203 6.557223 0.217286
v 1.601393 6.663647 0.481754
v -0.243737 11.364437 -2.051731
v -0.435657 11.403909 -0.980098
v -2.121657 10.893860 -2.675174
v -2.258137 10.432136 -2.477415
v -2.330707 10.003819 -2.310205
v -2.170677 9.915164 -2.631444
v -1.387107 12.157591 -3.679125
v -1.453857 12.156532 -2.864062
v -1.320247 12.087497 -2.862000
v -1.218367 12.065182 -3.650377
v -1.132947 11.730848 -4.364975
v -1.332847 11.814198 -4.463853
v -1.215716 11.092562 -4.864675
v -0.996487 11.083172 -4.688791
v 0.300513 9.846086 0.987956
v 0.341443 9.865105 0.912210
v 2.414423 10.003819 -2.310204
v 2.440703 10.271214 -1.599519
v 2.382063 9.619822 -1.280321
v 2.304393 9.126022 -2.183096
v 0.833923 9.409029 0.472979
v 0.661503 9.490920 0.702115
v 0.663343 9.439713 0.717420
v 0.117973 10.827323 -3.521148
v -0.028147 11.020788 -3.112488
v -0.013757 10.765101 -3.504992
v -0.154587 10.953619 -3.099398
v -0.034267 10.827323 -3.521148
v 0.111853 11.020788 -3.112488
v 0.097463 10.765101 -3.504992
v 0.238303 10.953619 -3.099398
v -2.330707 10.003819 -2.310205
v -2.356997 10.271214 -1.599520
v -2.298347 9.619822 -1.280321
v -2.220687 9.126022 -2.183097
v 1.273813 12.227262 -3.728188
v 1.240483 12.154137 -2.909104
v 1.370133 12.231249 -2.916055
v 1.111253 12.126764 -3.692544
v 1.017463 11.787385 -4.404213
v 1.209023 11.880823 -4.509958
v 1.115223 11.153151 -4.907863
v 0.903333 11.133644 -4.723105
v 1.811903 9.639692 -0.385972
v 2.232583 8.701424 -1.109761
v -1.728197 9.639692 -0.385972
v -2.148877 8.701424 -1.109761
v 0.054513 10.822263 0.539154
v 0.077783 10.716930 0.783751
v 0.107473 10.704542 0.738573
v 0.073393 10.812376 0.530017
v 1.089563 10.399425 0.302396
v 0.631563 11.139494 -2.056781
v 0.835073 11.162567 -0.956368
v -1.005867 10.399425 0.302396
v 3.099873 6.682245 -4.133416
v 3.244583 6.911483 -4.960385
v 3.051333 8.095045 -4.404283
v 2.765484 7.898158 -3.528874
v -0.547847 11.139494 -2.056781
v -0.751367 11.162567 -0.956368
v 3.078713 9.415416 -4.127356
v 2.745183 10.610327 -3.671107
v 2.773413 9.307649 -3.186730
v 2.964893 10.922639 -4.354939
v 1.660853 10.216185 -3.441431
v 0.827663 10.601205 -3.661228
v 0.490723 10.446325 -3.745337
v -0.743957 10.601205 -3.661228
v -0.407017 10.446325 -3.745337
v -1.577137 10.216185 -3.441431
v -3.075977 7.946691 -4.158279
v -3.034637 6.533905 -3.888412
v -2.711927 7.765154 -3.308658
v -3.255797 6.753924 -4.699498
v -2.833797 10.475286 -3.446921
v -3.144797 9.265022 -3.878374
v -2.760507 9.173640 -2.965528
v -3.122227 10.775318 -4.110912
v -0.138197 11.178480 -3.088352
v 0.327453 11.364437 -2.051731
v 0.221913 11.178480 -3.088352
v -0.243737 11.364437 -2.051731
v 4.248523 6.298032 -2.277456
v 4.451323 6.400895 -2.709107
v 0.111853 11.020788 -3.112488
v 0.631563 11.139494 -2.056781
v 0.238303 10.953619 -3.099398
v 0.772883 11.032454 -2.055234
v 3.542013 2.619334 -4.093517
v 3.148973 2.573787 -3.907114
v -0.028147 11.020788 -3.112488
v -0.547847 11.139494 -2.056781
v -0.154587 10.953619 -3.099398
v -0.689177 11.032454 -2.055234
v 0.144643 10.360593 -3.765506
v -0.060937 10.360593 -3.765506
v 0.772883 11.032454 -2.055234
v 0.973113 11.001546 -0.955553
v -4.011437 6.098542 -1.947139
v -4.252787 6.191152 -2.360914
v -0.689177 11.032454 -2.055234
v -0.889407 11.001546 -0.955553
v 2.313693 9.129485 -1.184964
v 2.112453 8.418457 -2.293708
v 0.000193 10.775038 0.554514
v 0.070023 10.776302 0.535532
v 0.232613 10.049095 0.987710
v 0.280463 10.047176 0.908674
v 0.118303 10.326477 -3.756966
v -2.229987 9.129485 -1.184965
v -2.028747 8.418457 -2.293708
v 0.118403 10.798434 0.378813
v -0.005367 10.876111 0.254855
v -0.038717 10.879941 0.488930
v -0.134517 10.814093 0.256013
v -0.051067 10.798434 0.378813
v 0.106043 10.879941 0.488930
v 0.072703 10.876111 0.254855
v 0.201843 10.814093 0.256013
v -0.034597 10.326477 -3.756966
v -3.434567 2.447429 -3.807821
v -3.026067 2.420336 -3.653175
v 1.660853 10.216185 -3.441431
v 1.879343 9.986163 -3.220531
v 0.144603 10.383143 0.913231
v 0.186553 10.370019 0.848052
v 0.110323 10.526011 0.850168
v 0.148843 10.514805 0.792004
v -1.795627 9.986163 -3.220531
v -1.577137 10.216185 -3.441431
v -1.481937 11.746145 -2.469597
v -1.488347 12.170446 -3.520939
v -1.780657 12.467952 -3.335887
v -1.564287 11.790847 -2.299969
v -1.710737 11.653384 -4.331027
v -2.299137 12.066096 -4.307423
v -2.664187 11.023647 -4.944619
v -1.737017 10.793612 -4.722720
v 1.509513 11.865520 -2.422968
v 1.609523 12.549804 -3.471791
v 1.416093 11.815720 -2.585661
v 1.318073 12.237967 -3.633032
v 1.499643 11.731129 -4.459981
v 2.067493 12.171471 -4.482012
v 2.430303 11.146411 -5.147974
v 1.535993 10.872391 -4.853659
v -3.796757 1.846482 -3.224913
v -3.337557 2.533917 -2.883559
v -3.743697 2.564152 -3.048165
v -3.957547 1.978673 -3.312133
v -3.957547 1.978673 -3.312133
v -4.021947 2.056673 -3.606101
v 0.064003 10.670522 0.740110
v 0.128473 10.700295 0.609506
v 0.082133 10.775190 0.617526
v 0.141363 10.584812 0.643946
v 3.705103 7.372001 -2.783942
v 3.514103 7.240108 -2.349694
v -2.515547 8.171611 -5.183323
v -1.372977 9.454980 -4.611865
v -1.384727 8.107184 -4.857163
v -2.567967 9.432858 -4.971191
v 2.459043 11.333590 -3.759307
v 2.523933 11.825539 -4.046660
v 0.827663 10.601205 -3.661228
v 1.008913 10.119373 -3.750771
v 2.076593 9.895370 -2.940738
v -0.743957 10.601205 -3.661228
v -0.925197 10.119373 -3.750771
v 2.400654 8.290312 -5.380728
v 1.303913 8.171660 -4.965300
v 1.246863 9.518423 -4.717010
v 2.409034 9.552577 -5.170590
v 3.160603 6.257779 -4.250183
v 3.419823 6.339540 -5.043154
v -3.562617 7.197039 -2.492290
v -3.331367 7.075355 -2.074903
v -1.992877 9.895370 -2.940738
v -1.672407 11.795725 -2.364911
v -1.481397 11.848984 -2.457200
v 1.607723 11.885762 -2.514705
v 1.408823 11.927776 -2.589139
v 2.304393 9.126022 -2.183096
v 2.082553 9.024364 -2.651521
v 2.074083 8.356257 -1.689492
v 2.232583 8.701424 -1.109761
v 2.067133 8.532596 -1.124053
v -2.590797 11.210839 -3.556951
v -2.702157 11.699688 -3.837350
v 1.882133 8.176145 -2.420007
v 1.195773 10.456602 0.290170
v 1.811903 9.639692 -0.385972
v -2.220687 9.126022 -2.183097
v -1.998847 9.024364 -2.651521
v -1.990377 8.356257 -1.689493
v -2.148877 8.701424 -1.109761
v -1.983427 8.532596 -1.124053
v -1.112067 10.456602 0.290169
v -1.728197 9.639692 -0.385972
v 3.978123 2.037815 -3.543346
v 3.904923 2.752411 -3.361642
v 3.515153 2.703740 -3.164286
v 4.124923 2.178164 -3.642458
v -1.798417 8.176145 -2.420007
v -3.084807 6.105335 -3.996231
v -3.409067 6.171771 -4.765398
v 0.228863 10.739637 0.732052
v 0.239333 10.776609 0.734552
v 0.080593 10.780056 0.553583
v 0.078323 10.741261 0.538056
v 2.252003 11.713800 -2.001990
v 1.818213 12.035479 -2.344659
v 1.819313 11.868630 -2.135904
v 2.428463 11.933176 -2.176033
v 2.942963 11.284374 -2.047819
v 2.602963 11.132591 -1.916862
v -2.262607 11.605339 -1.821446
v -1.849987 11.780633 -1.989082
v -1.873607 11.946460 -2.196851
v -2.462807 11.815525 -1.980612
v -2.933567 11.143173 -1.812713
v -2.577237 11.006766 -1.709550
v 0.074383 9.678288 0.897674
v 0.206603 9.736519 0.660443
v 0.490723 10.446325 -3.745337
v 0.626653 9.925483 -3.834409
v -0.407017 10.446325 -3.745337
v -0.542957 9.925483 -3.834409
v 4.124923 2.178164 -3.642458
v 4.161723 2.258215 -3.940395
v -0.178577 10.739637 0.732052
v -0.189047 10.777601 0.734566
v -0.030297 10.797964 0.560822
v -0.028037 10.754192 0.543229
v 2.112453 8.418457 -2.293708
v 1.799474 8.510396 -2.878513
v -2.028747 8.418457 -2.293708
v -1.715767 8.510396 -2.878513
v 2.076593 9.895370 -2.940738
v 1.767093 9.136364 -3.093044
v 0.612583 9.312134 0.537672
v 0.377353 9.347618 0.724175
v 0.283083 9.241269 0.674724
v -1.992877 9.895370 -2.940738
v -1.683387 9.136364 -3.093044
v 1.215683 9.718343 -3.678207
v -1.131967 9.718343 -3.678207
v -2.637797 6.682068 -5.668564
v -1.691037 6.258638 -5.345274
v 0.017193 10.760580 0.441309
v -0.000457 10.758636 0.437284
v 0.011213 9.905476 0.885755
v 0.154563 10.064463 0.665890
v 0.013973 10.132634 0.874834
v 0.170333 9.900476 0.663666
v 2.555313 6.807890 -5.876875
v 1.659003 6.339457 -5.479192
v 0.144643 10.360593 -3.765506
v 0.221903 9.837778 -3.856604
v -0.060937 10.360593 -3.765506
v -0.138197 9.837778 -3.856604
v 0.025243 9.818755 -3.854856
v -0.034597 10.326477 -3.756966
v 0.118303 10.326477 -3.756966
v 0.058473 9.818755 -3.854856
v -1.825927 12.144749 -2.732213
v -1.417747 11.748600 -2.650580
v -1.756517 12.028560 -3.014813
v -1.481397 11.848984 -2.457200
v 1.635893 12.121670 -3.169563
v 1.336083 11.824321 -2.776564
v 1.719993 12.241951 -2.893912
v 1.408823 11.927776 -2.589139
v 0.032733 10.475603 0.806473
v 0.139583 10.399669 0.653437
v -1.520257 11.639754 -2.220017
v -1.400157 11.577518 -2.203854
v 1.473043 11.722599 -2.355900
v 1.357223 11.653238 -2.329838
v -1.058267 10.570595 0.438732
v -0.653527 10.752546 0.148174
v -0.969547 10.555338 0.015482
v -0.698637 10.780558 0.516584
v 1.125603 10.570595 0.438732
v 0.720863 10.752546 0.148174
v 0.765973 10.780558 0.516584
v 1.036883 10.555338 0.015482
v 1.215683 9.718343 -3.678207
v 1.466563 9.394255 -3.452578
v 1.767093 9.136364 -3.093044
v -1.131967 9.718343 -3.678207
v -1.382857 9.394255 -3.452579
v -1.683387 9.136364 -3.093044
v -0.325457 10.892984 0.560112
v -0.341917 10.823190 0.249139
v 0.409253 10.823190 0.249139
v 0.392793 10.892984 0.560112
v -1.223717 9.552424 0.370917
v -0.929007 9.431153 0.537287
v -1.028257 9.561528 0.584058
v 1.274003 9.552424 0.370918
v 1.078543 9.561528 0.584058
v 0.979293 9.431153 0.537287
v 0.033083 10.759573 0.441295
v 0.050743 10.754652 0.436231
v -0.723367 8.606256 -4.858398
v -0.591197 7.074626 -4.601146
v -0.813277 7.117192 -4.790581
v -0.488367 8.640759 -4.673907
v -1.306477 5.435640 -4.834393
v -1.127657 5.340368 -4.667670
v -1.780857 4.262393 -4.751296
v -1.941437 4.346773 -4.926163
v -4.021837 3.718177 -2.968512
v -3.994587 4.817689 -2.483556
v -4.629067 4.497214 -2.744922
v -3.558997 4.042580 -2.775092
v 1.700173 9.516090 -0.415651
v 2.067133 8.532596 -1.124053
v -1.616467 9.516090 -0.415651
v -1.983427 8.532596 -1.124053
v 1.983733 12.291889 -3.405282
v 1.717793 11.666297 -2.555687
v 2.037053 11.935631 -3.463113
v 1.672973 11.761756 -2.441383
v 1.286053 8.538963 -3.289167
v 1.882133 8.176145 -2.420007
v 1.269633 8.162333 -3.097250
v -1.202337 8.538963 -3.289167
v -1.798417 8.176145 -2.420007
v -1.185927 8.162333 -3.097251
v 4.132623 3.919693 -3.300808
v 4.091223 5.017194 -2.813880
v 3.671593 4.220601 -3.070709
v 4.717523 4.727378 -3.124838
v 1.089563 10.399425 0.302396
v 1.700173 9.516090 -0.415651
v -1.005867 10.399425 0.302396
v -1.616467 9.516090 -0.415651
v 0.712183 7.105912 -4.622719
v 0.753773 8.640574 -4.881929
v 0.923893 7.158596 -4.820021
v 0.524793 8.663969 -4.689593
v 1.502523 5.500239 -4.878518
v 1.336693 5.396905 -4.706907
v 2.040253 4.362346 -4.820946
v 2.189733 4.454817 -5.001708
v 2.503823 3.636028 -5.022816
v 2.355913 3.623781 -4.857966
v 0.782633 9.483837 -3.789392
v 0.283853 9.362300 -3.825047
v 0.034103 9.337255 -3.821389
v -0.698927 9.483837 -3.789392
v -0.200147 9.362300 -3.825047
v 0.049603 9.337255 -3.821389
v -2.135467 12.192634 -3.239614
v -1.772647 11.581400 -2.415827
v -1.723567 11.679918 -2.305479
v -2.176027 11.834336 -3.294473
v -0.940447 9.976148 -4.915823
v -0.733527 10.022659 -4.731176
v -0.006837 10.758514 0.446279
v 0.042233 10.758744 0.429282
v 0.782633 9.483837 -3.789392
v 0.977863 9.046534 -3.622310
v -0.698927 9.483837 -3.789392
v -0.894157 9.046534 -3.622311
v -4.131707 5.143734 -2.410127
v -4.834857 4.975577 -2.694431
v -4.792307 5.461512 -2.686841
v -4.055957 5.468552 -2.394719
v 0.897003 10.023617 -4.949178
v 0.694783 10.060024 -4.757673
v 4.217923 5.348378 -2.751384
v 4.903423 5.213953 -3.090236
v 4.838223 5.697850 -3.078676
v 4.128023 5.670110 -2.729013
v 0.431133 8.269709 -3.566838
v 1.286053 8.538963 -3.289167
v 0.431133 8.269709 -3.566838
v 0.315923 8.864758 -3.713781
v -0.347437 8.269709 -3.566838
v -1.202337 8.538963 -3.289167
v -0.347437 8.269709 -3.566838
v -0.232217 8.864758 -3.713781
v -1.470157 11.770283 -2.406260
v -1.373627 11.724324 -2.408883
v 0.283853 9.362300 -3.825047
v -0.200147 9.362300 -3.825047
v 1.423273 11.846005 -2.459239
v 1.329273 11.794988 -2.457932
v 0.833923 9.409029 0.472979
v 0.663343 9.439713 0.717420
v 0.623363 9.403938 0.700935
v 0.000443 8.898602 -3.702327
v 0.034103 9.337255 -3.821389
v 0.049603 9.337255 -3.821389
v 0.083253 8.898602 -3.702327
v 3.199883 7.283443 -4.586311
v 3.091893 6.288444 -4.224771
v 2.466553 6.972305 -4.209492
v 3.769513 6.578547 -4.598870
v -1.336437 10.181717 0.353449
v -1.211487 10.189163 -0.122492
v 1.403773 10.181717 0.353449
v 1.278823 10.189163 -0.122492
v -0.054687 8.460034 -3.516256
v 0.138393 8.460034 -3.516256
v 0.052483 10.714672 0.360677
v 0.174693 10.793697 0.284746
v -0.124397 10.793697 0.284746
v -0.002197 10.714672 0.360677
v 2.793353 7.999488 -4.585596
v 1.986053 7.724207 -4.197295
v -3.357957 7.120758 -4.316490
v -3.173667 6.132952 -3.967854
v -3.892127 6.389281 -4.285406
v -2.582737 6.846454 -4.000181
v -3.639277 5.413443 -3.861604
v -4.366697 5.401071 -4.202800
v -2.987737 7.856246 -4.347519
v -2.139627 7.620873 -4.025684
v -4.293817 5.285328 -1.937163
v -4.134487 4.595084 -2.144540
v -3.661717 4.855221 -2.079010
v -3.784597 5.315162 -1.924756
v -3.542327 3.862166 -2.450513
v -3.195637 4.026494 -2.400276
v 3.949623 5.039360 -2.383539
v 4.569623 5.499164 -2.292296
v 4.062223 5.504441 -2.239218
v 4.427623 4.801740 -2.486770
v 3.848923 4.040201 -2.747121
v 3.499863 4.188146 -2.668112
v 3.598654 5.592471 -4.157200
v 4.296223 5.614879 -4.555935
v -1.211657 11.311122 -2.397487
v -1.335317 11.265036 -2.538124
v 1.173773 11.368419 -2.492719
v 1.287833 11.328465 -2.643276
v -1.623787 9.638832 0.267076
v -1.453487 9.659103 -0.194689
v 1.691133 9.638832 0.267076
v 1.520833 9.659103 -0.194689
v -1.932047 5.154833 -4.925207
v -1.983477 5.682356 -5.476102
v -1.678747 5.592232 -4.730254
v -2.339887 5.105083 -5.606944
v -2.723867 4.151695 -5.142833
v -2.262177 4.491243 -4.664186
v -0.000457 10.758636 0.437284
v -0.003657 10.747744 0.429132
v -2.058617 3.508681 -4.777519
v -2.212897 3.512850 -4.937473
v -2.087057 2.922008 -4.657466
v -1.985357 2.999571 -4.551401
v -1.726977 2.538285 -4.311632
v -1.737677 2.512612 -4.335984
v 1.985703 5.248978 -5.081942
v 1.967793 5.778554 -5.636815
v 2.339633 5.218628 -5.794424
v 1.727273 5.676124 -4.869128
v 2.804963 4.285704 -5.364035
v 2.367173 4.603770 -4.849672
v 0.050743 10.754652 0.436231
v 0.053943 10.744752 0.428092
v 3.322734 5.834336 -4.366937
v 3.704783 5.767612 -5.125915
v 3.981123 4.923822 -4.630316
v 3.540044 5.266540 -4.091614
v -3.234347 5.676763 -4.105050
v -3.672127 5.589590 -4.830306
v -3.867007 4.734543 -4.315853
v -3.401287 5.098756 -3.813866
v -3.396687 9.095185 -2.490550
v -2.766557 10.025215 -2.117903
v -3.442757 10.394854 -2.383911
v -2.482017 8.956259 -2.128395
v -2.758497 7.740606 -2.309898
v -3.608607 7.975179 -2.644753
v -1.903887 9.048573 0.135066
v -1.692927 9.082591 -0.308513
v 1.971223 9.048573 0.135067
v 1.760253 9.082591 -0.308513
v 0.029633 10.768860 0.420415
v 0.041943 10.777970 0.412543
v 2.646803 10.160257 -2.341090
v 3.289203 9.260929 -2.765328
v 3.280993 10.560611 -2.659688
v 2.414233 9.078017 -2.330764
v 0.041943 10.777970 0.412543
v 0.056423 10.772028 0.408464
v 2.426623 9.410059 -4.470455
v 1.545293 9.228330 -4.048885
v 1.876223 10.319633 -3.843065
v 2.584213 10.722924 -4.156625
v 3.541873 8.151161 -2.937391
v 2.733523 7.876697 -2.536077
v 3.072753 7.197348 -2.589294
v 3.832223 7.507617 -2.975121
v -2.681317 9.282182 -4.259173
v -2.127067 10.219372 -3.676410
v -1.761377 9.144438 -3.910011
v -2.876407 10.586863 -3.931452
v -2.707007 10.444599 -2.217220
v -3.082837 11.087038 -2.318518
v 2.559353 10.575563 -2.434466
v 2.894463 11.235377 -2.564529
v -3.554107 6.376189 -2.361411
v -4.323767 6.628520 -2.679018
v 3.690103 3.991151 -4.365939
v 3.247283 4.294152 -4.142808
v -3.067727 7.044915 -2.337341
v -3.869637 7.318308 -2.659659
v 4.316023 6.841308 -3.031159
v 3.587313 6.552170 -2.654049
v -3.669857 3.810042 -4.064367
v -3.225737 4.133534 -3.876964
v -1.252567 11.261498 -2.204142
v -1.211657 11.311122 -2.397487
v 2.314923 11.280406 -3.893044
v 1.975563 10.620712 -3.772973
v 1.173773 11.368419 -2.492719
v 1.232273 11.321855 -2.303331
v 2.419304 3.040125 -4.739871
v 2.317633 3.111653 -4.629889
v 2.092613 2.638237 -4.381282
v 2.103743 2.612565 -4.405634
v -2.614107 11.157628 -3.688689
v -2.234827 10.515325 -3.597392
v 0.107903 10.719260 0.537757
v 0.070023 10.776302 0.535532
v 0.042233 10.758744 0.429282
v 0.070373 10.717693 0.432723
v 3.194813 10.245348 -2.051908
v 2.747183 10.219026 -1.955256
v 2.970763 8.945632 -2.303558
v 2.451563 8.919895 -2.248901
v -3.134487 10.091881 -1.797969
v -2.679817 10.088077 -1.738010
v -2.868927 8.804458 -2.070451
v -2.346417 8.804281 -2.057451
v 1.718513 11.600505 -3.529668
v 1.759463 10.973033 -3.572178
v -3.192877 3.094592 -2.634935
v -2.888457 3.162349 -2.617016
v -3.081857 1.948308 -2.621480
v -3.278997 2.020429 -2.630505
v 3.523333 3.257250 -2.903757
v 3.218363 3.309683 -2.862042
v 3.469033 2.106887 -2.884352
v 3.661143 2.187220 -2.908266
v -2.066567 8.488269 0.006454
v -1.818237 8.549864 -0.405751
v -1.779297 8.124449 -0.452524
v -2.049717 8.004506 -0.088120
v -1.737697 7.477029 -0.130274
v -1.442677 7.575300 -0.444972
v 2.133903 8.488269 0.006454
v 1.885573 8.549864 -0.405750
v 1.846643 8.124449 -0.452524
v 2.117052 8.004506 -0.088120
v 1.805043 7.477029 -0.130273
v 1.510013 7.575300 -0.444971
v -1.691037 6.258638 -5.345274
v -1.479627 6.029644 -4.536308
v -2.006687 11.507380 -3.373919
v -2.020657 10.877883 -3.414457
v 1.659003 6.339457 -5.479192
v 1.524153 6.102278 -4.656336
v 4.485023 5.898102 -2.284887
v 3.993223 5.780484 -2.240472
v -2.212847 1.974975 -4.809322
v -2.568917 1.909214 -4.532189
v -2.303717 2.144559 -4.555992
v -2.364077 1.792646 -4.786792
v -1.976157 1.581850 -5.023673
v -4.471077 1.666562 -3.527384
v -4.902487 1.769759 -3.762006
v -4.384107 1.549870 -3.476960
v -3.729347 5.597337 -1.935930
v -4.228397 5.691432 -1.941658
v -2.412637 10.820148 -2.255130
v -2.395807 11.449770 -2.222594
v -1.579077 7.146897 -0.049744
v -1.288467 7.136310 -0.300910
v 1.355803 7.136310 -0.300910
v 1.646403 7.146897 -0.049744
v 2.470573 8.406490 -2.296869
v 3.085283 8.107763 -2.392931
v 2.961243 8.523129 -2.343287
v 2.623163 7.899247 -2.355755
v 2.245153 10.936780 -2.448565
v 2.200663 11.564363 -2.413051
v 4.634023 1.890607 -3.898380
v 4.557123 1.769823 -3.841014
v 5.039923 2.014255 -4.165725
v -2.344427 8.289872 -2.104433
v -2.949747 7.962469 -2.150877
v -2.476587 7.775462 -2.151414
v -2.842267 8.382960 -2.110167
v -3.543027 5.879512 -1.947103
v -4.011437 6.098542 -1.947139
v 2.524274 2.256255 -4.754500
v 2.799164 2.035214 -4.752501
v 2.588933 1.912352 -4.985183
v 2.427744 2.087502 -4.994810
v 2.193913 1.683118 -5.190314
v 4.248523 6.298032 -2.277456
v 3.792623 6.056514 -2.240735
v 1.376763 11.100058 -3.278428
v 1.070513 11.472880 -3.115360
v -1.442977 6.974180 0.296945
v -1.288467 7.136310 -0.300910
v -1.453607 7.296874 0.175310
v -1.270407 6.696326 -0.157861
v -1.412977 6.387412 0.054964
v -1.534057 6.663647 0.481754
v -1.750997 6.369308 0.652773
v -1.678847 6.094665 0.256014
v -2.060767 5.836470 0.489534
v -2.125387 5.949125 0.884095
v -1.859147 6.310871 0.389963
v -1.750997 6.369308 0.652773
v 1.355803 7.136310 -0.300910
v 1.510313 6.974180 0.296945
v 1.520943 7.296874 0.175310
v 1.337743 6.696326 -0.157861
v 1.480313 6.387412 0.054964
v 1.601393 6.663647 0.481754
v 1.818333 6.369308 0.652773
v 1.746183 6.094665 0.256015
v 2.128103 5.836470 0.489534
v 2.192723 5.949125 0.884096
v 1.926483 6.310871 0.389963
v 1.818333 6.369308 0.652773
v 0.083253 8.898602 -3.702327
v 0.049603 9.337255 -3.821389
v -0.106937 10.103077 -2.033839
v 0.138393 8.460034 -3.516256
v -0.106937 10.103077 -2.033839
v -1.622277 11.024337 -3.152445
v -1.322337 11.411491 -3.013179
v 0.000443 8.898602 -3.702327
v 0.190643 10.103077 -2.033839
v 0.034103 9.337255 -3.821389
v -0.054687 8.460034 -3.516256
v 0.190643 10.103077 -2.033839
v -2.888457 3.162349 -2.617016
v -3.374067 2.058943 -2.815996
v -3.334197 3.104142 -2.896831
v -3.081857 1.948308 -2.621480
v 3.469033 2.106887 -2.884352
v 3.218363 3.309683 -2.862042
v 3.739153 2.230834 -3.100693
v 3.642633 3.272945 -3.175565
v -4.021947 2.056673 -3.606101
v -3.821867 1.899832 -3.767239
v -4.390017 1.608544 -3.821197
v -4.500157 1.730110 -3.714535
v -4.902487 1.769759 -3.762006
v 4.213123 4.849938 -4.492305
v 3.597703 5.139279 -4.146346
v 3.693193 5.371578 -4.167200
v 4.366623 5.234759 -4.550087
v -4.242067 4.642248 -4.148090
v -3.723577 5.188444 -3.863657
v -3.615597 4.961243 -3.850730
v -4.418037 5.018885 -4.191982
v -2.007817 11.005973 -2.240608
v -1.705067 11.393207 -2.108345
v -1.644867 6.557223 0.217285
v -1.556587 6.817719 0.035804
v -1.270407 6.696326 -0.157861
v -1.412977 6.387412 0.054964
v 1.712203 6.557223 0.217286
v 1.337743 6.696326 -0.157861
v 1.623923 6.817719 0.035804
v 1.480313 6.387412 0.054964
v -2.707247 3.291123 -4.368429
v -2.409497 3.592788 -3.899299
v -2.171267 2.485020 -3.998330
v -2.390897 2.475260 -4.310488
v 1.834324 11.102156 -2.401320
v 1.524743 11.475060 -2.244248
v -3.331367 7.075355 -2.074903
v -2.921077 6.767331 -2.075074
v 3.514103 7.240108 -2.349694
v 3.120413 6.912625 -2.317129
v 2.891853 3.426165 -4.592616
v 2.618253 3.714518 -4.100661
v 2.426563 2.596541 -4.182832
v 2.620793 2.595985 -4.510872
v 0.049603 9.337255 -3.821389
v 0.058473 9.818755 -3.854856
v -0.106937 10.103077 -2.033839
v 0.118303 10.326477 -3.756966
v -0.106937 10.103077 -2.033839
v 0.034103 9.337255 -3.821389
v 0.190643 10.103077 -2.033839
v 0.025243 9.818755 -3.854856
v 0.190643 10.103077 -2.033839
v -0.034597 10.326477 -3.756966
v -1.384727 8.107184 -4.857163
v -1.005707 7.926736 -4.013532
v 1.303913 8.171660 -4.965300
v 1.002693 7.974827 -4.093888
v -1.437807 10.493647 -4.063725
v -0.975447 9.365664 -3.703989
v -1.372977 9.454980 -4.611865
v -1.737017 10.793612 -4.722720
v -2.210377 5.924342 0.646738
v -2.167627 5.659311 0.574137
v -2.281767 5.675767 0.687377
v -2.060767 5.836470 0.489534
v -2.159647 5.481779 0.537730
v -2.113477 5.501875 0.457993
v -1.949197 5.387775 0.390437
v 2.277703 5.924342 0.646738
v 2.234963 5.659311 0.574137
v 2.128103 5.836470 0.489534
v 2.349093 5.675767 0.687377
v 2.226993 5.481779 0.537730
v 2.180813 5.501875 0.457993
v 2.016543 5.387775 0.390438
v -1.360117 11.478784 -2.297204
v -1.400157 11.577518 -2.203854
v 1.535993 10.872391 -4.853659
v 1.246863 9.518423 -4.717010
v 1.305173 10.560135 -4.172833
v 0.927913 9.410710 -3.780388
v 1.315003 11.552436 -2.419218
v 1.357223 11.653238 -2.329838
v 0.097463 10.765101 -3.504992
v 0.238303 10.953619 -3.099398
v -0.106937 10.103077 -2.033839
v 0.118303 10.326477 -3.756966
v -0.106937 10.103077 -2.033839
v -0.013757 10.765101 -3.504992
v 0.190643 10.103077 -2.033839
v -0.154587 10.953619 -3.099398
v -0.034597 10.326477 -3.756966
v 0.190643 10.103077 -2.033839
v -1.591717 11.164577 -4.053626
v -1.710737 11.653384 -4.331027
v -3.562617 7.197039 -2.492290
v -3.181997 8.054223 -2.574674
v -2.476587 7.775462 -2.151414
v -2.921077 6.767331 -2.075074
v -3.543027 5.879512 -1.947103
v -4.252787 6.191152 -2.360914
v 1.426844 11.238215 -4.174640
v 1.499643 11.731129 -4.459981
v 3.705103 7.372001 -2.783942
v 2.623163 7.899247 -2.355755
v 3.278293 8.210734 -2.832570
v 3.120413 6.912625 -2.317129
v 3.792623 6.056514 -2.240735
v 4.451323 6.400895 -2.709107
v 0.431133 8.269709 -3.566838
v 0.190643 10.103077 -2.033839
v -0.347437 8.269709 -3.566838
v -0.106937 10.103077 -2.033839
v -1.185927 8.162333 -3.097251
v -0.347437 8.269709 -3.566838
v -0.106937 10.103077 -2.033839
v 1.269633 8.162333 -3.097250
v 0.190643 10.103077 -2.033839
v 0.431133 8.269709 -3.566838
v 2.903113 2.075432 -3.735855
v 2.372283 2.232711 -4.566798
v 2.684543 1.772430 -4.328023
v 2.426563 2.596541 -4.182832
v -1.616467 9.516090 -0.415651
v -1.983427 8.532596 -1.124053
v -0.106937 10.103077 -2.033839
v 1.700173 9.516090 -0.415651
v 0.190643 10.103077 -2.033839
v 2.067133 8.532596 -1.124053
v -1.798417 8.176145 -2.420007
v -0.106937 10.103077 -2.033839
v 1.882133 8.176145 -2.420007
v 0.190643 10.103077 -2.033839
v 2.318023 2.041870 -4.948427
v 2.465974 1.641409 -4.917852
v 2.193913 1.683118 -5.190314
v -1.990377 8.356257 -1.689493
v -1.798417 8.176145 -2.420007
v -0.106937 10.103077 -2.033839
v 3.993223 5.780484 -2.240472
v 4.688923 5.977945 -2.714843
v 2.074083 8.356257 -1.689492
v 0.190643 10.103077 -2.033839
v 1.882133 8.176145 -2.420007
v -3.729347 5.597337 -1.935930
v -4.470347 5.761036 -2.354753
v 1.315003 11.552436 -2.419218
v 1.607723 11.885762 -2.514705
v 1.473043 11.722599 -2.355900
v 1.336083 11.824321 -2.776564
v -1.859147 6.310871 0.389963
v -1.678847 6.094665 0.256014
v 1.926483 6.310871 0.389963
v 1.746183 6.094665 0.256015
v -1.616467 9.516090 -0.415651
v -0.106937 10.103077 -2.033839
v -1.005867 10.399425 0.302396
v -1.360117 11.478784 -2.297204
v -1.672407 11.795725 -2.364911
v -1.417747 11.748600 -2.650580
v -1.520257 11.639754 -2.220017
v 1.700173 9.516090 -0.415651
v 1.089563 10.399425 0.302396
v 0.190643 10.103077 -2.033839
v -1.983427 8.532596 -1.124053
v -1.990377 8.356257 -1.689493
v -0.106937 10.103077 -2.033839
v 1.287833 11.328465 -2.643276
v 1.819313 11.868630 -2.135904
v 1.232273 11.321855 -2.303331
v 1.915233 11.963499 -2.567656
v 2.067133 8.532596 -1.124053
v 0.190643 10.103077 -2.033839
v 2.074083 8.356257 -1.689492
v 0.238303 10.953619 -3.099398
v 0.772883 11.032454 -2.055234
v -0.106937 10.103077 -2.033839
v -0.154587 10.953619 -3.099398
v 0.190643 10.103077 -2.033839
v -0.689177 11.032454 -2.055234
v 0.973113 11.001546 -0.955553
v -0.106937 10.103077 -2.033839
v 0.772883 11.032454 -2.055234
v -1.849987 11.780633 -1.989082
v -1.335317 11.265036 -2.538124
v -1.252567 11.261498 -2.204142
v -1.984517 11.869368 -2.411921
v -1.488347 12.170446 -3.520939
v -1.523727 11.811171 -3.576811
v -0.889407 11.001546 -0.955553
v -0.689177 11.032454 -2.055234
v 0.190643 10.103077 -2.033839
v 1.318073 12.237967 -3.633032
v 1.366103 11.880743 -3.692883
v 0.507143 10.757917 0.121243
v -0.106937 10.103077 -2.033839
v 0.973113 11.001546 -0.955553
v 0.073393 10.812376 0.530017
v 0.029633 10.768860 0.420415
v 0.056423 10.772028 0.408464
v 0.036333 10.809114 0.549979
v -0.423437 10.757917 0.121243
v -0.889407 11.001546 -0.955553
v 0.190643 10.103077 -2.033839
v 2.307423 5.621982 0.819656
v 2.234963 5.659311 0.574137
v 2.188302 5.447410 0.639271
v 2.180813 5.501875 0.457993
v 2.016543 5.387775 0.390438
v -2.167627 5.659311 0.574137
v -2.240087 5.621982 0.819655
v -2.120977 5.447410 0.639270
v -2.113477 5.501875 0.457993
v -1.949197 5.387775 0.390437
v -2.344427 8.289872 -2.104433
v -3.079827 8.454753 -2.537234
v 2.470573 8.406490 -2.296869
v 3.160243 8.605160 -2.787216
v 0.710533 10.580195 0.467865
v 0.190643 10.103077 -2.033839
v 1.089563 10.399425 0.302396
v 0.321583 10.587977 0.557975
v 0.190643 10.103077 -2.033839
v 0.507143 10.757917 0.121243
v -0.237867 10.587977 0.557975
v -0.106937 10.103077 -2.033839
v -0.626827 10.580195 0.467864
v -1.005867 10.399425 0.302396
v -0.106937 10.103077 -2.033839
v -0.237867 10.587977 0.557975
v -0.106937 10.103077 -2.033839
v -0.423437 10.757917 0.121243
v 0.190643 10.103077 -2.033839
v 0.321583 10.587977 0.557975
v 3.587313 6.552170 -2.654049
v 2.466553 6.972305 -4.209492
v 3.091893 6.288444 -4.224771
v 3.072753 7.197348 -2.589294
v -2.346417 8.804281 -2.057451
v -3.111797 8.854305 -2.500814
v 2.451563 8.919895 -2.248901
v 3.175763 9.005717 -2.751781
v -3.554107 6.376189 -2.361411
v -2.582737 6.846454 -4.000181
v -3.067727 7.044915 -2.337341
v -3.173667 6.132952 -3.967854
v 3.969523 1.849061 -2.972856
v 3.916923 1.804969 -2.819440
v -1.442677 7.575300 -0.444972
v -1.600377 7.616552 0.200651
v 1.510013 7.575300 -0.444971
v 1.667713 7.616552 0.200652
v -3.574827 1.666945 -2.671298
v -3.508087 1.625928 -2.521846
v -2.679817 10.088077 -1.738010
v -3.047147 11.127020 -2.169960
v -2.577237 11.006766 -1.709550
v -3.303817 10.112317 -2.198730
v -1.779297 8.124449 -0.452524
v -1.816457 8.366735 0.413840
v -1.842987 8.017847 0.329099
v -1.818237 8.549864 -0.405751
v 1.846643 8.124449 -0.452524
v 1.910323 8.017847 0.329099
v 1.883793 8.366735 0.413840
v 1.885573 8.549864 -0.405750
v 4.128023 5.670110 -2.729013
v 3.598654 5.592471 -4.157200
v -1.005707 7.926736 -4.013532
v -2.711927 7.765154 -3.308658
v -1.479627 6.029644 -4.536308
v -3.034637 6.533905 -3.888412
v -3.084807 6.105335 -3.996231
v -1.678747 5.592232 -4.730254
v -1.932047 5.154833 -4.925207
v -3.234347 5.676763 -4.105050
v -3.401287 5.098756 -3.813866
v -2.262177 4.491243 -4.664186
v 1.986053 7.724207 -4.197295
v 2.733523 7.876697 -2.536077
v -4.055957 5.468552 -2.394719
v -3.639277 5.413443 -3.861604
v 2.252003 11.713800 -2.001990
v 2.498793 11.877266 -2.477814
v 3.028293 11.273335 -2.413000
v 2.602963 11.132591 -1.916862
v 2.747183 10.219026 -1.955256
v 3.330383 10.272935 -2.464573
v 1.925773 12.087502 -2.714990
v 1.635893 12.121670 -3.169563
v -2.139627 7.620873 -4.025684
v -2.758497 7.740606 -2.309898
v -2.011697 11.980062 -2.535431
v -1.756517 12.028560 -3.014813
v -1.481937 11.746145 -2.469597
v -1.529237 11.648647 -2.580930
v -2.590797 11.210839 -3.556951
v -2.833797 10.475286 -3.446921
v -1.437807 10.493647 -4.063725
v -1.591717 11.164577 -4.053626
v -2.760507 9.173640 -2.965528
v -0.975447 9.365664 -3.703989
v 1.416093 11.815720 -2.585661
v 1.459023 11.720274 -2.700964
v -1.453487 9.659103 -0.194689
v -1.051727 9.915651 0.651870
v -1.346347 9.408352 0.595982
v -1.211487 10.189163 -0.122492
v -1.692927 9.082591 -0.308513
v -1.643767 8.845155 0.533338
v 1.520833 9.659103 -0.194689
v 1.413693 9.408352 0.595982
v 1.119063 9.915651 0.651870
v 1.278823 10.189163 -0.122492
v 1.760253 9.082591 -0.308513
v 1.711113 8.845155 0.533338
v 2.355913 3.623781 -4.857966
v 2.402803 4.576231 -4.958057
v 2.040253 4.362346 -4.820946
v 2.706013 3.670796 -5.006336
v -2.058617 3.508681 -4.777519
v -1.780857 4.262393 -4.751296
v -2.158847 4.457092 -4.874667
v -2.415827 3.536524 -4.913156
v -3.400897 1.540658 -2.502996
v -3.508087 1.625928 -2.521846
v 3.815823 1.714587 -2.791664
v 3.916923 1.804969 -2.819440
v 1.305173 10.560135 -4.172833
v 2.459043 11.333590 -3.759307
v 1.426844 11.238215 -4.174640
v 2.745183 10.610327 -3.671107
v 2.773413 9.307649 -3.186730
v 0.927913 9.410710 -3.780388
v 1.002693 7.974827 -4.093888
v 2.765484 7.898158 -3.528874
v 1.524153 6.102278 -4.656336
v 3.099873 6.682245 -4.133416
v 3.160603 6.257779 -4.250183
v 1.727273 5.676124 -4.869128
v 1.985703 5.248978 -5.081942
v 3.322734 5.834336 -4.366937
v 3.540044 5.266540 -4.091614
v 2.367173 4.603770 -4.849672
v 4.532623 1.827491 -4.185257
v 4.645023 1.955176 -4.086517
v 5.039923 2.014255 -4.165725
v 0.524793 8.663969 -4.689593
v 0.712183 7.105912 -4.622719
v 1.072863 8.622452 -4.799167
v 1.226583 7.226545 -4.742096
v 1.748753 5.621409 -4.816872
v 1.336693 5.396905 -4.706907
v -0.591197 7.074626 -4.601146
v -0.488367 8.640759 -4.673907
v -1.037307 8.572986 -4.764839
v -1.116127 7.171015 -4.702845
v -1.556927 5.546693 -4.763880
v -1.127657 5.340368 -4.667670
v 0.903333 11.133644 -4.723105
v 1.177093 9.974478 -4.865837
v 1.391673 11.083044 -4.826806
v 0.694783 10.060024 -4.757673
v 1.545293 9.228330 -4.048885
v 2.414233 9.078017 -2.330764
v 2.646803 10.160257 -2.341090
v 1.876223 10.319633 -3.843065
v -1.214337 9.911891 -4.822683
v -0.996487 11.083172 -4.688791
v -1.484967 11.007336 -4.774826
v -0.733527 10.022659 -4.731176
v 2.317633 3.111653 -4.629889
v 2.092613 2.638237 -4.381282
v 2.556224 2.946455 -4.690134
v 2.112663 2.575362 -4.391138
v -1.320247 12.087497 -2.862000
v -1.373627 11.724324 -2.408883
v -1.535117 11.770553 -2.499268
v -1.583237 12.081226 -2.916090
v 1.329273 11.794988 -2.457932
v 1.240483 12.154137 -2.909104
v 1.484713 11.849308 -2.554204
v 1.501303 12.161994 -2.971999
v -0.877767 10.144718 0.721984
v -0.969547 10.555338 0.015482
v 0.945103 10.144718 0.721984
v 1.036883 10.555338 0.015482
v -1.726977 2.538285 -4.311632
v -2.217037 2.822272 -4.603813
v -1.744037 2.474389 -4.320502
v -1.985357 2.999571 -4.551401
v -2.482017 8.956259 -2.128395
v -1.761377 9.144438 -3.910011
v -2.766557 10.025215 -2.117903
v -2.127067 10.219372 -3.676410
v 0.833923 9.409029 0.472979
v 0.623363 9.403938 0.700935
v 0.661503 9.490920 0.702115
v 0.465233 9.478811 0.857963
v 0.536353 9.588215 0.828445
v 0.447103 9.683482 0.883744
v 0.322983 9.618542 0.951869
v 0.052483 10.714672 0.360677
v -0.067417 10.620821 0.717439
v -0.236807 10.715620 0.658721
v 0.199433 10.754389 0.308209
v -0.252857 10.130744 0.866805
v 0.154563 10.064463 0.665890
v -0.262927 9.864533 0.881193
v 0.170333 9.900476 0.663666
v -0.002197 10.714672 0.360677
v 0.287093 10.715620 0.658721
v 0.117703 10.620821 0.717439
v -0.149137 10.754389 0.308209
v -3.784597 5.315162 -1.924756
v -4.527927 5.329927 -2.349598
v -4.367077 4.590744 -2.562637
v -3.661717 4.855221 -2.079010
v -0.210307 10.790953 0.708744
v -0.178577 10.739637 0.732052
v -0.236407 10.700994 0.778529
v -0.280517 10.759394 0.749320
v -0.028037 10.754192 0.543229
v -0.062097 10.819965 0.561121
v 0.033083 10.759573 0.441295
v 0.053943 10.744752 0.428092
v 4.062223 5.504441 -2.239218
v 4.767623 5.554994 -2.721579
v 4.626123 4.807652 -2.922727
v 3.949623 5.039360 -2.383539
v 0.612583 9.312134 0.537672
v 0.283083 9.241269 0.674724
v 0.366043 9.482244 0.677993
v 0.042263 9.287736 0.788364
v 0.251743 9.608919 0.702715
v 0.139583 10.399669 0.653437
v -0.175907 10.486753 0.795630
v 1.274003 9.552424 0.370918
v 0.979293 9.431153 0.537287
v 1.041783 9.712133 0.541098
v 0.792113 9.443152 0.685467
v 0.947923 9.828325 0.600678
v -1.223717 9.552424 0.370917
v -0.991497 9.712133 0.541098
v -0.929007 9.431153 0.537287
v -0.741827 9.443152 0.685466
v -0.897637 9.828325 0.600678
v 0.225263 9.673223 0.681582
v -0.207077 9.599327 0.894604
v 0.206603 9.736519 0.660443
v -0.116057 9.443036 0.841477
v 0.260593 10.789961 0.708730
v 0.286693 10.700994 0.778529
v 0.228863 10.739637 0.732052
v 0.330803 10.758402 0.749306
v 0.078323 10.741261 0.538056
v 0.112383 10.789098 0.550707
v 0.017193 10.760580 0.441309
v -0.003657 10.747744 0.429132
v -0.093767 10.679646 0.731238
v 0.141363 10.584812 0.643946
v 0.128473 10.700295 0.609506
v -0.009347 10.771981 0.632483
v 0.000193 10.775038 0.554514
v 0.107903 10.719260 0.537757
v 0.070373 10.717693 0.432723
v -0.006837 10.758514 0.446279
v 2.344713 12.184950 -2.894685
v 2.076194 12.279646 -3.535458
v -2.445557 12.052980 -2.676454
v -2.227267 12.160988 -3.340051
v -0.345217 10.585346 0.751957
v -0.341917 10.823190 0.249139
v -0.101697 10.609668 0.654278
v -0.134517 10.814093 0.256013
v -0.638547 10.427383 0.747815
v -0.653527 10.752546 0.148174
v 0.409253 10.823190 0.249139
v 0.412553 10.585346 0.751957
v 0.169033 10.609668 0.654278
v 0.201843 10.814093 0.256013
v 0.705893 10.427383 0.747816
v 0.720863 10.752546 0.148174
v -4.131707 5.143734 -2.410127
v -3.723577 5.188444 -3.863657
v 1.759463 10.973033 -3.572178
v 2.245153 10.936780 -2.448565
v 1.834324 11.102156 -2.401320
v 1.376763 11.100058 -3.278428
v 2.559353 10.575563 -2.434466
v 1.975563 10.620712 -3.772973
v 0.506533 9.651731 0.865306
v 0.814853 10.026346 0.600365
v 3.247283 4.294152 -4.142808
v 3.515153 2.703740 -3.164286
v 3.671593 4.220601 -3.070709
v 3.148973 2.573787 -3.907114
v -0.456237 9.651731 0.865306
v -0.764567 10.026346 0.600365
v -2.554207 11.755507 -2.275452
v -2.262607 11.605339 -1.821446
v 0.341443 9.865105 0.912210
v 0.209013 9.825103 0.985672
v 0.280463 10.047176 0.908674
v 0.138383 10.032099 0.987480
v -2.412637 10.820148 -2.255130
v -2.020657 10.877883 -3.414457
v -2.007817 11.005973 -2.240608
v -1.622277 11.024337 -3.152445
v -2.707007 10.444599 -2.217220
v -2.234827 10.515325 -3.597392
v -3.195637 4.026494 -2.400276
v -3.729637 3.851806 -2.792680
v 3.499863 4.188146 -2.668112
v 4.008623 4.039033 -3.103173
v 0.053493 10.672471 0.522122
v -0.005367 10.876111 0.254855
v 0.013853 10.672471 0.522122
v 0.072703 10.876111 0.254855
v 0.303363 10.042090 0.914610
v 0.713773 10.239910 0.634263
v 0.552873 10.480452 0.669533
v 0.204753 10.328249 0.904490
v 0.170703 10.509829 0.862942
v 0.423483 10.639191 0.690685
v -0.253077 10.042090 0.914610
v -0.663477 10.239910 0.634263
v -0.502587 10.480452 0.669533
v -0.154457 10.328249 0.904490
v -0.120417 10.509829 0.862942
v -0.373197 10.639191 0.690685
v 0.186553 10.370019 0.848052
v 0.066633 10.368159 0.912028
v 1.656613 9.406023 0.472938
v 1.409493 9.340300 0.673069
v 1.455373 9.458557 0.655674
v 1.213273 9.452428 0.738598
v 1.305633 9.577931 0.702295
v -1.606327 9.406023 0.472938
v -1.405077 9.458557 0.655674
v -1.359207 9.340300 0.673069
v -1.162977 9.452428 0.738598
v -1.255337 9.577931 0.702295
v 0.148843 10.514805 0.792004
v 0.042743 10.511012 0.849965
v 0.782693 10.080855 0.859131
v 0.908123 10.152445 0.816092
v 0.782583 10.330152 0.838508
v 0.670563 10.264612 0.877624
v 0.541733 10.607376 0.823269
v 0.465933 10.542939 0.855395
v -0.732407 10.080855 0.859131
v -0.857837 10.152445 0.816092
v -0.732297 10.330152 0.838508
v -0.620277 10.264612 0.877624
v -0.491447 10.608383 0.823283
v -0.415647 10.542939 0.855395
v 0.107473 10.704542 0.738573
v 0.026733 10.697908 0.785492
v -3.833267 1.318004 -2.382004
v -3.850527 1.418393 -2.410644
v -4.249967 1.458676 -2.210083
v 4.276723 1.614824 -2.736012
v 4.266723 1.514407 -2.706373
v 4.688623 1.674537 -2.567188
v -1.218367 12.065182 -3.650377
v -1.563557 12.053514 -3.674539
v 1.111253 12.126764 -3.692544
v 1.455463 12.133262 -3.729462
v -1.529237 11.648647 -2.580930
v -2.176027 11.834336 -3.294473
v -1.523727 11.811171 -3.576811
v -1.772647 11.581400 -2.415827
v 1.459023 11.720274 -2.700964
v 2.037053 11.935631 -3.463113
v 1.717793 11.666297 -2.555687
v 1.366103 11.880743 -3.692883
v -1.554206 11.710437 -4.408256
v -1.132947 11.730848 -4.364975
v 1.017463 11.787385 -4.404213
v 1.437353 11.789177 -4.463192
v -3.868647 9.685690 -3.113596
v -3.670977 10.043548 -3.542781
v -3.672057 10.076211 -3.076299
v -3.905857 9.621335 -3.383491
v -4.112417 9.493756 -3.194209
v -4.087977 9.524573 -3.105778
v -2.804837 11.927690 -2.730160
v -2.678327 12.040233 -3.580709
v 3.589093 10.243038 -3.873106
v 3.831223 9.897472 -3.464752
v 3.621533 10.276751 -3.408608
v 3.852023 9.834152 -3.736639
v 4.076423 9.717845 -3.567204
v 4.056923 9.747612 -3.476788
v -3.581007 10.587555 -3.613413
v -3.599427 10.565727 -2.962648
v 2.703973 12.079117 -2.981127
v 2.513473 12.183447 -3.816787
v -3.328407 3.569192 -3.265558
v -2.409497 3.592788 -3.899299
v -2.171267 2.485020 -3.998330
v -2.584957 1.942442 -3.516638
v -2.407827 1.653487 -4.111615
v -2.135227 2.130138 -4.378178
v -2.097647 1.935449 -4.770854
v -2.223217 1.527864 -4.730372
v -1.976157 1.581850 -5.023673
v 3.536503 10.762146 -3.287017
v 3.277653 11.283408 -3.967007
v 3.471463 10.780927 -3.934817
v 3.368073 11.255142 -3.136312
v -4.500157 1.730110 -3.714535
v -4.902487 1.769759 -3.762006
v -4.471077 1.666562 -3.527384
v 4.645023 1.955176 -4.086517
v 4.634023 1.890607 -3.898380
v 5.039923 2.014255 -4.165725
v -2.135227 2.130138 -4.378178
v -2.303717 2.144559 -4.555992
v -3.106227 11.553443 -2.788234
v -3.060887 11.603722 -3.692642
v -3.411617 11.100261 -3.662464
v -3.442047 11.068907 -2.825814
v 2.372283 2.232711 -4.566798
v 2.524274 2.256255 -4.754500
v -3.225737 4.133534 -3.876964
v -3.558997 4.042580 -2.775092
v 2.905023 11.767398 -3.963441
v 3.015853 11.721240 -3.066989
v 3.584943 3.736962 -3.542307
v 2.618253 3.714518 -4.100661
v 3.597703 5.139279 -4.146346
v 4.091223 5.017194 -2.813880
v 4.217923 5.348378 -2.751384
v 3.693193 5.371578 -4.167200
v -2.097647 1.935449 -4.770854
v -2.212847 1.974975 -4.809322
v -1.976157 1.581850 -5.023673
v 2.318023 2.041870 -4.948427
v 2.427744 2.087502 -4.994810
v 2.193913 1.683118 -5.190314
v -3.994587 4.817689 -2.483556
v -3.615597 4.961243 -3.850730
v 4.303923 1.659393 -2.851416
v 4.276723 1.614824 -2.736012
v 4.688623 1.674537 -2.567188
v -3.888937 1.460935 -2.524084
v -3.850527 1.418393 -2.410644
v -4.249967 1.458676 -2.210083
vn 0.4655 -0.8701 0.1618
vn 0.3534 -0.9081 -0.2244
vn 0.4432 -0.8880 0.1225
vn 0.3694 -0.9177 -0.1461
vn 0.2993 -0.8523 -0.4290
vn -0.3927 -0.9055 0.1605
vn -0.3381 -0.9341 -0.1150
vn -0.3228 -0.9264 -0.1938
vn -0.4085 -0.8906 0.2001
vn -0.2908 -0.8669 -0.4049
vn 0.6548 -0.6135 0.4414
vn 0.6453 -0.6353 0.4242
vn -0.5760 -0.6615 0.4803
vn -0.5878 -0.6415 0.4929
vn 0.0552 -0.9799 0.1917
vn 0.0473 -0.9803 0.1917
vn 0.4657 -0.8845 0.0275
vn -0.4789 -0.7979 0.3660
vn -0.4651 -0.8090 0.3595
vn 0.2590 -0.5941 -0.7616
vn -0.1727 -0.7368 -0.6536
vn -0.1026 -0.7326 -0.6728
vn 0.2606 -0.5977 -0.7582
vn -0.4566 -0.7092 -0.5371
vn -0.2915 -0.6047 -0.7412
vn 0.1575 -0.7313 -0.6636
vn -0.2902 -0.6096 -0.7376
vn 0.0865 -0.7298 -0.6782
vn 0.4502 -0.6873 -0.5701
vn -0.8056 -0.4787 0.3490
vn -0.7914 -0.4985 0.3537
vn -0.7823 -0.5107 0.3566
vn -0.8282 -0.4386 0.3490
vn 0.8522 -0.4381 0.2861
vn 0.8327 -0.4752 0.2842
vn 0.8411 -0.4598 0.2846
vn 0.8743 -0.3977 0.2782
vn 0.7708 -0.5395 0.3388
vn 0.8064 -0.4713 0.3573
vn 0.8120 -0.4621 0.3565
vn 0.7707 -0.5395 0.3389
vn -0.9290 -0.1542 0.3365
vn -0.9243 -0.1784 0.3373
vn 0.8573 -0.2852 -0.4286
vn 0.6791 -0.2274 -0.6980
vn 0.8472 -0.2869 -0.4473
vn 0.7393 -0.2511 -0.6248
vn 0.5339 -0.1772 -0.8268
vn -0.8651 -0.3252 -0.3820
vn -0.7726 -0.2918 -0.5639
vn -0.7179 -0.2674 -0.6427
vn -0.8745 -0.3261 -0.3590
vn -0.5900 -0.2019 -0.7817
vn 0.9550 -0.1299 0.2666
vn 0.9583 -0.1057 0.2656
vn 0.0237 -0.4945 -0.8688
vn 0.1181 -0.5393 -0.8338
vn 0.1181 -0.5392 -0.8338
vn -0.0158 -0.4757 -0.8794
vn -0.0236 -0.5003 -0.8655
vn -0.1261 -0.5390 -0.8328
vn 0.0079 -0.4757 -0.8796
vn -0.1261 -0.5391 -0.8328
vn -0.4513 -0.3133 -0.8356
vn -0.4420 -0.3122 -0.8409
vn -0.4494 -0.3040 -0.8400
vn -0.4575 -0.3122 -0.8326
vn 0.3854 -0.2870 -0.8770
vn 0.4004 -0.2945 -0.8677
vn 0.3929 -0.2789 -0.8762
vn 0.4014 -0.2873 -0.8697
vn 0.1341 -0.3266 -0.9356
vn 0.0631 -0.5331 -0.8437
vn 0.0707 -0.5384 -0.8397
vn 0.1654 -0.2705 -0.9484
vn -0.1100 -0.5309 -0.8403
vn -0.1890 -0.3262 -0.9262
vn -0.1102 -0.5400 -0.8344
vn -0.2208 -0.2792 -0.9345
vn -0.9463 -0.0753 0.3144
vn -0.9518 -0.0120 0.3066
vn 0.0867 -0.3656 -0.9267
vn 0.0868 -0.3491 -0.9331
vn -0.1415 -0.3728 -0.9171
vn -0.1416 -0.3563 -0.9236
vn -0.8095 0.2680 0.5224
vn -0.8645 -0.0931 0.4939
vn -0.8645 -0.0932 0.4939
vn -0.7566 -0.5022 0.4188
vn -0.7536 -0.5081 0.4170
vn -0.7147 -0.5787 0.3927
vn -0.7157 -0.5717 0.4012
vn -0.8589 -0.2034 0.4701
vn -0.8578 -0.2266 0.4613
vn -0.8292 0.2775 0.4852
vn -0.8097 0.3316 0.4841
vn 0.9712 -0.0269 0.2366
vn 0.9732 0.0283 0.2280
vn -0.4811 -0.0355 -0.8760
vn -0.4812 -0.0276 -0.8762
vn 0.8520 0.2743 -0.4460
vn 0.7502 0.4332 -0.4996
vn 0.7472 0.4316 -0.5054
vn 0.8431 0.2898 -0.4531
vn 0.9451 -0.0823 -0.3162
vn 0.9444 -0.0586 -0.3235
vn 0.9064 -0.3355 -0.2568
vn 0.8889 -0.3740 -0.2647
vn 0.8556 -0.3879 -0.3428
vn 0.8503 -0.4049 -0.3362
vn -0.8050 0.3928 -0.4446
vn -0.8026 0.3995 -0.4431
vn -0.8972 0.2334 -0.3750
vn -0.8880 0.2567 -0.3816
vn -0.9633 -0.1231 -0.2386
vn -0.9622 -0.0991 -0.2537
vn -0.9048 -0.3831 -0.1862
vn -0.8891 -0.4144 -0.1945
vn -0.8601 -0.4303 -0.2742
vn -0.8559 -0.4440 -0.2652
vn -0.5356 -0.1147 -0.8366
vn -0.5351 -0.1224 -0.8359
vn -0.5526 0.0981 -0.8276
vn -0.5517 0.1138 -0.8262
vn 0.4730 -0.0906 -0.8764
vn 0.4726 -0.0984 -0.8758
vn 0.4820 0.1224 -0.8676
vn 0.4778 0.1371 -0.8677
vn 0.9039 -0.0606 0.4233
vn 0.8358 0.3093 0.4537
vn 0.9042 -0.0529 0.4239
vn 0.8358 0.3092 0.4537
vn 0.2127 0.8572 -0.4689
vn 0.3003 0.8204 -0.4866
vn -0.2357 0.9158 -0.3254
vn -0.2921 0.9043 -0.3114
vn 0.6054 0.5969 -0.5266
vn 0.5976 0.6048 -0.5265
vn 0.7400 0.3932 -0.5458
vn 0.7341 0.4022 -0.5471
vn -0.3061 0.8380 -0.4517
vn 0.1576 0.9263 -0.3421
vn -0.3782 0.8022 -0.4620
vn 0.2132 0.9206 -0.3271
vn -0.6697 0.5660 -0.4808
vn -0.6668 0.5713 -0.4786
vn -0.8018 0.3524 -0.4826
vn -0.7945 0.3685 -0.4828
vn 0.8195 0.1886 -0.5412
vn 0.8183 0.1962 -0.5403
vn 0.8319 0.2734 -0.4829
vn 0.7248 0.6415 -0.2513
vn 0.8401 0.2111 -0.4996
vn 0.7014 0.6807 -0.2115
vn 0.7572 0.4482 -0.4752
vn 0.8344 0.2116 -0.5089
vn 0.8364 0.2199 -0.5021
vn 0.7545 0.4545 -0.4735
vn 0.6624 0.5743 -0.4812
vn 0.6624 0.5742 -0.4811
vn -0.8801 0.2335 -0.4134
vn -0.7697 0.6075 -0.1960
vn -0.7476 0.6472 -0.1489
vn -0.8868 0.1706 -0.4294
vn -0.8657 0.1482 -0.4781
vn -0.8647 0.1558 -0.4775
vn -0.8138 0.4086 -0.4133
vn -0.8797 0.1866 -0.4374
vn -0.8821 0.1714 -0.4389
vn -0.8085 0.4139 -0.4184
vn -0.7249 0.5415 -0.4257
vn -0.7250 0.5415 -0.4256
vn 0.5592 0.8005 0.2157
vn 0.5433 0.7999 0.2550
vn -0.5743 0.7755 0.2623
vn -0.5611 0.7704 0.3029
vn 0.4090 -0.0112 -0.9125
vn 0.4091 -0.0114 -0.9124
vn 0.2588 0.3963 -0.8809
vn 0.2515 0.3971 -0.8827
vn 0.9067 -0.1552 0.3921
vn 0.9018 -0.1794 0.3931
vn 0.8497 0.3169 0.4213
vn 0.8265 0.3722 0.4223
vn 0.5437 0.8169 0.1923
vn 0.4400 0.8675 -0.2318
vn 0.5599 0.7932 0.2394
vn 0.4392 0.8660 -0.2392
vn 0.3936 0.6392 -0.6607
vn 0.4025 0.6482 -0.6464
vn 0.3221 0.2018 -0.9250
vn 0.3226 0.1940 -0.9264
vn -0.5734 0.7906 0.2150
vn -0.4950 0.8435 -0.2086
vn -0.4965 0.8384 -0.2250
vn -0.5883 0.7652 0.2614
vn -0.4559 0.6141 -0.6442
vn -0.4561 0.6299 -0.6286
vn -0.3630 0.1869 -0.9129
vn -0.3631 0.1785 -0.9145
vn 0.8371 -0.0548 0.5442
vn 0.8176 -0.1491 0.5562
vn -0.7893 -0.0951 0.6066
vn -0.7626 -0.1892 0.6186
vn 0.8400 0.0388 -0.5412
vn 0.8400 0.0387 -0.5412
vn 0.8171 0.2038 -0.5393
vn 0.4962 0.8671 -0.0433
vn -0.1733 0.9112 -0.3737
vn -0.2278 0.8929 -0.3884
vn 0.5361 0.8439 -0.0201
vn 0.8722 0.4452 0.2025
vn 0.8654 0.4616 0.1951
vn 0.9490 0.0271 0.3141
vn 0.9487 0.0036 0.3163
vn -0.8815 -0.0015 -0.4723
vn -0.8680 0.1563 -0.4714
vn -0.8669 0.1643 -0.4706
vn -0.5364 0.8440 0.0036
vn 0.1494 0.9021 -0.4047
vn 0.1024 0.9187 -0.3814
vn -0.5744 0.8181 0.0269
vn -0.8754 0.3985 0.2736
vn -0.8668 0.4220 0.2658
vn -0.9223 -0.0210 0.3860
vn -0.9191 -0.0367 0.3923
vn 0.3862 0.8625 0.3270
vn 0.5041 0.8571 0.1061
vn 0.5109 0.8557 0.0823
vn 0.3707 0.8631 0.3430
vn 0.1495 0.8344 0.5305
vn 0.1571 0.8334 0.5298
vn -0.3862 0.8625 0.3270
vn -0.5041 0.8571 0.1061
vn -0.3707 0.8631 0.3430
vn -0.5109 0.8557 0.0823
vn -0.1495 0.8344 0.5305
vn -0.1571 0.8334 0.5298
vn 0.5770 0.5451 0.6082
vn 0.6137 0.6791 0.4027
vn 0.4876 0.6129 0.6218
vn 0.6874 0.6191 0.3798
vn -0.6137 0.6791 0.4027
vn -0.5770 0.5451 0.6082
vn -0.4876 0.6129 0.6218
vn -0.6874 0.6191 0.3798
vn 0.4738 0.4239 0.7719
vn 0.3779 0.5013 0.7784
vn -0.4738 0.4239 0.7719
vn -0.3779 0.5013 0.7784
vn 0.5037 0.8591 -0.0906
vn 0.4812 0.8472 -0.2252
vn 0.5023 0.8571 -0.1139
vn -0.0236 0.7799 0.6255
vn -0.0157 0.7800 0.6256
vn 0.0157 0.7800 0.6256
vn 0.0237 0.7799 0.6255
vn -0.5037 0.8591 -0.0907
vn -0.5023 0.8571 -0.1139
vn -0.4812 0.8472 -0.2252
vn 0.6774 0.7229 0.1359
vn 0.7215 0.6807 0.1269
vn -0.4958 0.2239 -0.8391
vn -0.4949 0.2313 -0.8376
vn -0.6775 0.7229 0.1359
vn -0.7215 0.6806 0.1269
vn -0.3545 0.4537 0.8176
vn -0.0706 0.5143 0.8547
vn 0.0316 0.5096 0.8598
vn -0.3867 0.4389 0.8110
vn 0.3545 0.4537 0.8176
vn 0.0706 0.5143 0.8547
vn 0.3867 0.4389 0.8110
vn -0.0316 0.5096 0.8598
vn 0.1335 0.9887 0.0683
vn 0.2829 0.9590 -0.0184
vn 0.2992 0.9533 -0.0422
vn 0.0317 0.9927 0.1163
vn 0.6204 0.7789 -0.0916
vn 0.6370 0.7643 -0.0998
vn -0.2829 0.9590 -0.0184
vn -0.1335 0.9887 0.0683
vn -0.2992 0.9533 -0.0421
vn -0.0317 0.9927 0.1163
vn -0.0865 0.3493 0.9330
vn -0.2042 0.5944 0.7778
vn -0.0865 0.3492 0.9330
vn -0.2444 0.6683 0.7026
vn -0.6205 0.7789 -0.0916
vn -0.6370 0.7643 -0.0998
vn 0.3462 0.9303 -0.1212
vn 0.4097 0.8778 -0.2481
vn 0.3782 0.9087 -0.1769
vn -0.3462 0.9303 -0.1212
vn -0.3782 0.9086 -0.1769
vn -0.4096 0.8779 -0.2481
vn 0.5577 0.7967 -0.2329
vn 0.3450 0.9274 -0.1444
vn 0.4408 0.8691 -0.2244
vn 0.3877 0.9045 -0.1778
vn 0.2519 0.9620 -0.1051
vn 0.1813 0.9786 -0.0970
vn -0.3450 0.9274 -0.1444
vn -0.3877 0.9045 -0.1778
vn -0.4408 0.8691 -0.2244
vn -0.2519 0.9620 -0.1051
vn -0.1813 0.9786 -0.0969
vn 0.7655 0.3623 -0.5318
vn 0.7578 0.3782 -0.5317
vn 0.4186 0.2488 -0.8734
vn 0.4178 0.2562 -0.8716
vn 0.6437 0.7553 -0.1231
vn 0.5578 0.7967 -0.2326
vn -0.5578 0.7967 -0.2328
vn 0.3623 0.2082 0.9085
vn 0.2844 0.2716 0.9194
vn -0.3623 0.2082 0.9085
vn -0.2841 0.2718 0.9195
vn -0.5578 0.7967 -0.2326
vn -0.6436 0.7554 -0.1231
vn 0.8562 0.3643 0.3663
vn 0.7479 0.5460 0.3775
vn 0.8490 0.3803 0.3668
vn 0.9279 0.1527 0.3402
vn 0.9300 0.1376 0.3408
vn -0.2210 0.6134 0.7582
vn -0.1965 0.6344 0.7476
vn 0.1965 0.6345 0.7475
vn 0.2210 0.6134 0.7582
vn -0.7407 0.5142 0.4325
vn -0.8403 0.3319 0.4286
vn -0.8334 0.3480 0.4293
vn -0.7407 0.5141 0.4325
vn -0.9048 0.1125 0.4107
vn -0.9085 0.1051 0.4044
vn 0.7468 0.6592 0.0876
vn -0.8218 0.3225 -0.4698
vn -0.8197 0.3296 -0.4685
vn -0.1973 0.7970 0.5709
vn -0.4327 0.6207 0.6538
vn -0.2048 0.7957 0.5700
vn -0.4327 0.6207 0.6539
vn -0.7468 0.6592 0.0876
vn 0.4327 0.6205 0.6539
vn 0.1960 0.7997 0.5676
vn 0.2048 0.7957 0.5701
vn 0.4328 0.6205 0.6539
vn -0.0316 0.2552 0.9664
vn -0.0316 0.1277 0.9913
vn -0.0315 0.2626 0.9644
vn -0.0314 0.1202 0.9922
vn -0.0078 0.4911 0.8711
vn -0.0002 0.5575 0.8302
vn 0.0157 0.8833 0.4686
vn 0.0079 0.9392 0.3432
vn 0.6667 0.4786 0.5713
vn 0.7555 0.5702 0.3226
vn -0.6668 0.4786 0.5713
vn -0.7555 0.5702 0.3226
vn -0.2356 0.3254 0.9157
vn -0.0000 0.1125 0.9937
vn -0.0078 0.1280 0.9917
vn -0.3070 0.3659 0.8786
vn 0.2357 0.3254 0.9157
vn 0.0078 0.1280 0.9917
vn 0.3070 0.3659 0.8786
vn -0.8124 0.5332 0.2360
vn -0.9633 -0.1295 0.2351
vn -0.9630 -0.1452 0.2269
vn -0.8203 0.5174 0.2437
vn -0.7031 -0.7110 -0.0096
vn -0.6454 -0.7631 -0.0339
vn -0.4730 -0.8736 -0.1144
vn 0.8124 0.5332 0.2359
vn 0.9633 -0.1296 0.2351
vn 0.8204 0.5173 0.2436
vn 0.9630 -0.1452 0.2269
vn 0.7031 -0.7110 -0.0095
vn 0.6454 -0.7631 -0.0339
vn 0.4728 -0.8737 -0.1146
vn 0.0236 0.9942 -0.1047
vn -0.1027 0.9891 -0.1051
vn 0.0001 -0.0764 0.9971
vn -0.0315 0.0891 0.9955
vn -0.0314 0.1047 0.9940
vn 0.0001 -0.0920 0.9958
vn -0.0705 0.2931 0.9535
vn -0.0710 0.2954 0.9527
vn 0.5597 0.3446 0.7537
vn -0.0236 0.9942 -0.1046
vn 0.1027 0.9891 -0.1051
vn -0.8439 0.4296 0.3213
vn -0.9262 0.1919 0.3245
vn -0.9244 0.2091 0.3189
vn -0.8490 0.4202 0.3202
vn -0.5597 0.3446 0.7537
vn -0.5185 0.3271 0.7901
vn -0.5428 0.3040 0.7829
vn 0.5185 0.3271 0.7901
vn 0.5428 0.3040 0.7829
vn -0.9062 0.1840 0.3808
vn -0.8989 0.2156 0.3814
vn -0.7539 0.5770 0.3141
vn -0.7471 0.5856 0.3146
vn 0.9212 0.2240 0.3180
vn 0.9170 0.2488 0.3117
vn 0.7465 0.6093 0.2675
vn 0.7430 0.6129 0.2691
vn 0.1410 0.8559 0.4975
vn 0.1180 0.8584 0.4992
vn -0.1971 0.9593 0.2023
vn -0.2452 0.9463 0.2106
vn 0.1971 0.9593 0.2023
vn 0.2452 0.9463 0.2106
vn -0.0947 0.9188 0.3833
vn -0.0785 0.9144 0.3971
vn -0.5911 0.4401 0.6759
vn -0.5902 0.4313 0.6824
vn 0.7091 0.6876 -0.1561
vn 0.5895 0.7659 -0.2567
vn 0.7629 0.6385 -0.1014
vn 0.8585 0.5114 0.0384
vn 0.8814 0.4631 0.0929
vn 0.3533 0.4597 0.8148
vn 0.4480 0.4295 0.7841
vn -0.3532 0.4599 0.8147
vn -0.4480 0.4296 0.7840
vn 0.7858 0.5538 -0.2755
vn 0.6380 0.6669 -0.3849
vn 0.8172 0.5220 -0.2444
vn -0.7091 0.6876 -0.1561
vn -0.7629 0.6386 -0.1014
vn -0.5894 0.7659 -0.2568
vn -0.8585 0.5114 0.0384
vn -0.8814 0.4631 0.0929
vn -0.7858 0.5538 -0.2754
vn -0.8172 0.5220 -0.2444
vn -0.6380 0.6669 -0.3849
vn 0.8456 0.4708 0.2514
vn 0.9384 0.2411 0.2477
vn 0.8510 0.4615 0.2505
vn 0.9346 0.2559 0.2470
vn -0.1729 -0.3410 -0.9240
vn 0.0314 -0.4442 -0.8954
vn 0.2207 -0.5169 -0.8271
vn -0.3237 -0.2798 -0.9038
vn -0.3377 -0.2784 -0.8991
vn 0.2133 0.7980 0.5637
vn 0.0079 0.7621 0.6475
vn 0.2208 0.7966 0.5627
vn 0.0079 0.7620 0.6475
vn 0.5669 0.6948 0.4425
vn 0.5455 0.7055 0.4524
vn 0.0628 -0.0136 0.9979
vn 0.0628 -0.0135 0.9979
vn -0.0629 -0.0136 0.9979
vn -0.0628 -0.0136 0.9979
vn -0.2053 0.7891 0.5789
vn -0.2127 0.7879 0.5779
vn -0.5639 0.6670 0.4869
vn -0.5361 0.6872 0.4903
vn -0.2290 0.6575 -0.7178
vn -0.4505 0.3196 -0.8336
vn -0.4426 0.3510 -0.8252
vn -0.2598 0.6396 -0.7235
vn -0.4801 0.1534 -0.8637
vn -0.4789 0.1687 -0.8615
vn -0.4790 0.1687 -0.8615
vn -0.9205 0.1604 0.3563
vn -0.9510 0.0352 0.3071
vn -0.9507 0.0430 0.3070
vn -0.9115 0.1915 0.3641
vn 0.1183 -0.3342 -0.9351
vn -0.2603 -0.5335 -0.8048
vn -0.0865 -0.4521 -0.8878
vn 0.2682 -0.2636 -0.9266
vn 0.2755 -0.2630 -0.9246
vn 0.1101 0.9180 -0.3810
vn -0.0314 0.9309 -0.3640
vn -0.0472 0.9329 -0.3570
vn 0.1493 0.9092 -0.3887
vn 0.3549 0.8492 -0.3909
vn 0.0314 0.9309 -0.3640
vn -0.1101 0.9180 -0.3810
vn 0.0472 0.9329 -0.3570
vn -0.1494 0.9092 -0.3887
vn -0.3549 0.8493 -0.3908
vn 0.5521 -0.7696 0.3209
vn 0.8896 -0.2727 0.3663
vn 0.9060 -0.2098 0.3675
vn 0.5288 -0.7858 0.3209
vn 0.0157 -0.9813 0.1920
vn -0.0003 -0.9814 0.1919
vn -0.4173 -0.9063 0.0665
vn -0.4705 0.2311 -0.8516
vn -0.4728 0.2400 -0.8478
vn 0.4396 0.1292 0.8889
vn -0.4396 0.1292 0.8889
vn 0.3077 0.7340 -0.6054
vn 0.2745 0.7687 -0.5777
vn 0.3944 0.7176 -0.5740
vn 0.1421 0.6652 -0.7331
vn 0.3707 0.3430 -0.8631
vn 0.1649 0.6462 -0.7451
vn 0.3555 0.3750 -0.8561
vn 0.4028 0.1778 -0.8979
vn 0.4027 0.1780 -0.8978
vn 0.4016 0.1933 -0.8952
vn -0.0239 0.0492 0.9985
vn -0.0241 0.0500 0.9985
vn 0.0158 -0.1083 0.9940
vn 0.0154 -0.1159 0.9931
vn -0.3077 0.7340 -0.6054
vn -0.3944 0.7176 -0.5740
vn -0.2745 0.7687 -0.5777
vn -0.6055 0.2414 0.7583
vn -0.6056 0.2414 0.7583
vn 0.3932 0.2480 -0.8854
vn 0.3850 0.2635 -0.8845
vn 0.6055 0.2414 0.7583
vn 0.6056 0.2414 0.7583
vn 0.5860 0.4421 0.6791
vn 0.5901 0.4313 0.6825
vn 0.6469 0.3538 0.6755
vn 0.6533 0.3451 0.6739
vn 0.6219 0.3844 0.6822
vn 0.6151 0.3930 0.6835
vn -0.3630 0.4149 0.8343
vn -0.3711 0.3912 0.8422
vn 0.3630 0.4149 0.8343
vn 0.3710 0.3912 0.8422
vn -0.9142 0.2400 0.3265
vn -0.9143 0.2400 0.3264
vn -0.8415 0.4287 0.3288
vn -0.8418 0.4283 0.3284
vn -0.6604 0.2419 0.7109
vn -0.6685 0.2422 0.7032
vn 0.6604 0.2420 0.7109
vn 0.6685 0.2422 0.7032
vn -0.6469 0.3538 0.6755
vn -0.6533 0.3451 0.6739
vn -0.6220 0.3845 0.6821
vn -0.6151 0.3930 0.6835
vn -0.6124 0.4386 0.6577
vn -0.6226 0.4325 0.6522
vn -0.6706 0.4177 0.6131
vn 0.6123 0.4386 0.6578
vn 0.6226 0.4325 0.6522
vn 0.6706 0.4177 0.6131
vn 0.8989 0.3755 0.2259
vn 0.8949 0.3415 0.2872
vn 0.9226 0.2883 0.2562
vn 0.9696 0.0836 0.2298
vn 0.9249 0.2810 0.2560
vn 0.9390 0.2014 0.2789
vn 0.9276 0.2398 0.2863
vn -0.8989 0.3755 0.2259
vn -0.8949 0.3415 0.2872
vn 0.3065 -0.0264 -0.9515
vn 0.3233 -0.0029 -0.9463
vn -0.3790 -0.0428 -0.9244
vn -0.3927 -0.0268 -0.9193
vn 0.2758 -0.0288 0.9608
vn 0.2275 0.0260 0.9734
vn 0.3943 0.7177 -0.5740
vn 0.3938 0.6626 -0.6371
vn -0.2758 -0.0288 0.9608
vn -0.2275 0.0260 0.9734
vn -0.3938 0.6626 -0.6371
vn -0.3943 0.7177 -0.5740
vn -0.7640 0.1886 0.6170
vn -0.7652 0.1810 0.6178
vn 0.7640 0.1886 0.6170
vn 0.7652 0.1810 0.6178
vn 0.8606 0.2466 0.4455
vn 0.8479 0.2211 0.4819
vn 0.5278 0.5602 -0.6384
vn 0.4814 0.6084 -0.6310
vn 0.5041 0.5992 -0.6219
vn -0.8606 0.2466 0.4455
vn -0.8479 0.2211 0.4819
vn 0.0630 -0.2810 0.9576
vn 0.0867 -0.3443 0.9348
vn -0.5278 0.5602 -0.6385
vn -0.5042 0.5992 -0.6219
vn -0.4814 0.6084 -0.6310
vn 0.4026 0.8809 0.2488
vn 0.4186 0.8734 0.2488
vn -0.4027 0.8809 0.2489
vn -0.4186 0.8734 0.2488
vn -0.1734 0.9112 -0.3737
vn -0.2051 0.9043 -0.3743
vn 0.2442 0.7178 -0.6520
vn 0.1345 0.7836 -0.6065
vn 0.1733 0.9112 -0.3738
vn 0.2051 0.9044 -0.3743
vn 0.3069 0.9459 -0.1052
vn 0.3633 0.9256 -0.1059
vn -0.2442 0.7178 -0.6520
vn -0.1345 0.7836 -0.6065
vn 0.3921 0.8576 0.3328
vn 0.4475 0.8849 0.1293
vn -0.5908 0.4955 0.6368
vn -0.5747 0.4946 0.6520
vn -0.3069 0.9459 -0.1052
vn -0.3633 0.9257 -0.1059
vn 0.3320 0.6105 -0.7191
vn 0.5908 0.4955 0.6368
vn 0.5746 0.4945 0.6521
vn -0.3320 0.6105 -0.7191
vn -0.8495 0.0164 0.5273
vn -0.8493 0.0243 0.5273
vn -0.8346 -0.2898 0.4685
vn -0.8263 -0.3133 0.4680
vn 0.8495 0.0165 0.5273
vn 0.8494 0.0243 0.5273
vn 0.8346 -0.2898 0.4685
vn 0.8263 -0.3133 0.4680
vn 0.5041 0.5992 -0.6220
vn 0.5849 0.5066 -0.6335
vn -0.0313 0.7358 0.6765
vn -0.2374 0.7426 0.6263
vn -0.2752 0.7386 0.6154
vn -0.6761 0.5596 0.4793
vn -0.6392 0.5932 0.4895
vn -0.4177 0.1218 0.9004
vn -0.2591 0.0105 0.9658
vn -0.2592 0.0104 0.9658
vn -0.4332 0.1297 0.8919
vn 0.6127 0.4877 -0.6219
vn 0.5930 0.5067 -0.6257
vn 0.5659 0.5507 -0.6135
vn 0.5660 0.5506 -0.6135
vn 0.6393 0.4583 -0.6174
vn -0.5848 0.5066 -0.6335
vn -0.5041 0.5992 -0.6220
vn 0.4178 0.1218 0.9004
vn 0.2591 0.0105 0.9658
vn 0.2590 0.0104 0.9658
vn 0.4332 0.1297 0.8919
vn -0.6127 0.4877 -0.6219
vn -0.5659 0.5507 -0.6136
vn -0.5930 0.5067 -0.6258
vn -0.6393 0.4583 -0.6174
vn -0.5661 0.5506 -0.6135
vn 0.2681 -0.0421 -0.9625
vn 0.6384 0.4499 -0.6245
vn 0.5195 0.5597 -0.6457
vn 0.6695 0.4255 -0.6089
vn -0.2988 -0.0579 -0.9526
vn -0.2988 -0.0579 -0.9525
vn -0.4810 0.8570 0.1851
vn -0.5691 0.8218 0.0270
vn 0.5584 0.4422 -0.7019
vn 0.5186 0.5122 -0.6846
vn 0.6139 0.4732 -0.6318
vn 0.5193 0.5597 -0.6458
vn -0.6383 0.4499 -0.6246
vn -0.6693 0.4256 -0.6090
vn -0.5195 0.5597 -0.6456
vn 0.9452 0.3236 -0.0429
vn 0.9700 0.2358 0.0584
vn 0.9275 0.3628 -0.0895
vn 0.9728 0.2105 0.0970
vn -0.5584 0.4421 -0.7020
vn -0.5186 0.5122 -0.6846
vn -0.5193 0.5598 -0.6457
vn -0.6139 0.4733 -0.6318
vn -0.7569 -0.4402 0.4830
vn -0.7619 -0.4152 0.4971
vn 0.7569 -0.4403 0.4829
vn 0.7619 -0.4152 0.4971
vn -0.9276 0.3628 -0.0894
vn -0.9700 0.2358 0.0584
vn -0.9452 0.3236 -0.0429
vn -0.9728 0.2105 0.0970
vn 0.2514 0.7537 0.6072
vn 0.0549 0.7389 0.6716
vn 0.2902 0.7529 0.5907
vn 0.0551 0.7389 0.6715
vn 0.6840 0.5927 0.4253
vn 0.6453 0.6236 0.4413
vn -0.3548 -0.4605 0.8137
vn -0.1813 -0.2180 0.9590
vn -0.3782 -0.4835 0.7894
vn -0.1737 -0.2183 0.9603
vn 0.4181 0.3039 0.8561
vn 0.2587 -0.0418 -0.9650
vn 0.3548 -0.4604 0.8137
vn 0.1813 -0.2180 0.9590
vn 0.1737 -0.2183 0.9603
vn 0.3782 -0.4835 0.7894
vn -0.4181 0.3039 0.8561
vn -0.4181 0.3040 0.8560
vn 0.4408 0.7249 0.5294
vn -0.2844 -0.0581 -0.9569
vn -0.2846 -0.0503 -0.9573
vn 0.2293 0.0527 -0.9719
vn 0.1653 0.1549 -0.9740
vn 0.1182 0.1393 -0.9832
vn 0.1177 0.1474 -0.9820
vn 0.1105 -0.1603 -0.9809
vn 0.1100 -0.1832 -0.9769
vn 0.7546 0.0619 0.6533
vn 0.5583 -0.2231 0.7991
vn 0.5592 -0.2157 0.8005
vn 0.7483 0.0383 0.6622
vn -0.2684 0.0368 -0.9626
vn -0.2052 0.1394 -0.9687
vn -0.2053 0.1395 -0.9687
vn -0.1570 0.1232 -0.9799
vn -0.1581 0.1319 -0.9786
vn -0.1413 -0.1673 -0.9757
vn -0.1418 -0.1916 -0.9712
vn 0.5992 0.3488 -0.7206
vn -0.4321 0.7073 0.5595
vn -0.5992 0.3488 -0.7206
vn -0.5583 -0.2231 0.7991
vn -0.7546 0.0619 0.6533
vn -0.5592 -0.2157 0.8005
vn -0.7483 0.0383 0.6622
vn 0.0787 0.6867 -0.7227
vn 0.1418 0.5548 -0.8198
vn -0.0787 0.6866 -0.7228
vn -0.1418 0.5548 -0.8198
vn 0.6920 0.2999 -0.6566
vn 0.6516 0.3701 -0.6622
vn 0.5439 0.8087 0.2239
vn 0.5439 0.8087 0.2241
vn -0.6921 0.2999 -0.6566
vn -0.6516 0.3701 -0.6622
vn -0.5667 0.7836 0.2546
vn -0.5667 0.7836 0.2547
vn 0.1178 -0.3893 0.9135
vn 0.0395 -0.2813 0.9588
vn 0.0473 -0.2812 0.9585
vn 0.1490 -0.4354 0.8878
vn 0.9728 0.1071 0.2054
vn 0.9703 0.0758 0.2298
vn -0.5511 0.7428 0.3802
vn -0.7456 0.4804 0.4618
vn -0.7328 0.4980 0.4637
vn -0.6005 0.6898 0.4045
vn -0.3688 0.9258 0.0835
vn -0.3696 0.9281 0.0444
vn 0.7485 0.2369 -0.6193
vn -0.7485 0.2369 -0.6193
vn -0.9728 0.1071 0.2055
vn -0.9703 0.0758 0.2298
vn 0.5968 0.6372 0.4876
vn 0.5968 0.6373 0.4876
vn 0.5821 0.3757 0.7211
vn 0.5824 0.3758 0.7208
vn -0.5821 0.3757 0.7211
vn -0.5824 0.3758 0.7208
vn 0.5511 0.7428 0.3801
vn 0.7328 0.4980 0.4637
vn 0.7454 0.4805 0.4621
vn 0.6005 0.6899 0.4044
vn 0.3689 0.9257 0.0835
vn 0.3695 0.9282 0.0443
vn 0.8440 0.4698 0.2588
vn -0.7541 0.3856 0.5316
vn -0.7692 0.3777 0.5154
vn -0.7393 0.4017 0.5404
vn -0.7862 0.3628 0.5003
vn 0.2360 -0.0997 0.9666
vn 0.2202 -0.0368 0.9748
vn -0.2361 -0.0997 0.9666
vn -0.2202 -0.0368 0.9748
vn 0.9244 0.2489 -0.2890
vn 0.7540 0.4386 -0.4889
vn 0.9342 0.2314 -0.2716
vn 0.7388 0.4548 -0.4973
vn 0.5721 0.5721 -0.5877
vn 0.9809 0.1353 -0.1394
vn 0.9840 0.1276 -0.1242
vn 0.8192 0.2120 -0.5328
vn 0.7789 0.2595 -0.5709
vn 0.7541 0.3856 0.5317
vn 0.7394 0.4017 0.5404
vn 0.7692 0.3777 0.5154
vn 0.7862 0.3628 0.5003
vn -0.6995 0.3452 0.6258
vn -0.7387 0.3458 0.5785
vn -0.7556 0.3467 0.5558
vn -0.6141 0.6072 0.5042
vn 0.9179 -0.1306 0.3748
vn 0.9169 -0.1383 0.3744
vn 0.9054 0.0731 0.4183
vn 0.3313 -0.1074 0.9374
vn -0.3313 -0.1074 0.9374
vn -0.7388 0.4548 -0.4973
vn -0.9244 0.2489 -0.2890
vn -0.7540 0.4386 -0.4889
vn -0.9342 0.2314 -0.2716
vn -0.5719 0.5722 -0.5878
vn -0.9809 0.1353 -0.1394
vn -0.9840 0.1276 -0.1242
vn -0.7789 0.2595 -0.5709
vn -0.8192 0.2121 -0.5328
vn 0.6995 0.3453 0.6258
vn 0.7556 0.3467 0.5558
vn 0.7387 0.3458 0.5785
vn 0.5597 0.7685 0.3100
vn 0.5598 0.7685 0.3101
vn 0.6929 0.6089 0.3862
vn 0.7000 0.6009 0.3859
vn 0.7466 0.5130 0.4235
vn 0.7467 0.5130 0.4235
vn -0.8761 -0.1797 0.4474
vn -0.8760 -0.1797 0.4475
vn -0.8671 0.0327 0.4971
vn -0.5597 0.7685 0.3100
vn -0.5598 0.7685 0.3100
vn -0.6929 0.6089 0.3862
vn -0.7000 0.6009 0.3858
vn -0.7466 0.5130 0.4235
vn 0.4728 0.3890 -0.7907
vn 0.5197 0.3022 -0.7991
vn -0.4728 0.3890 -0.7907
vn -0.5197 0.3022 -0.7991
vn -0.2509 0.9544 0.1615
vn -0.2367 0.9701 0.0526
vn -0.0475 0.7753 -0.6298
vn -0.0787 0.6323 -0.7707
vn -0.2054 0.7355 -0.6456
vn 0.3235 0.8653 -0.3829
vn 0.3306 0.8631 -0.3819
vn 0.0474 0.7753 -0.6298
vn 0.0787 0.6323 -0.7707
vn 0.2053 0.7355 -0.6456
vn -0.2444 0.7882 -0.5648
vn -0.4566 0.7697 -0.4461
vn -0.4566 0.7697 -0.4462
vn -0.2049 0.7882 -0.5804
vn -0.3235 0.8653 -0.3828
vn -0.3305 0.8631 -0.3819
vn 0.1646 0.7998 -0.5773
vn 0.3868 0.7881 -0.4788
vn 0.1263 0.7979 -0.5895
vn 0.3868 0.7881 -0.4789
vn -0.6529 0.5041 0.5653
vn 0.4964 0.8605 -0.1144
vn 0.5173 0.8482 -0.1139
vn 0.6529 0.5040 0.5654
vn -0.4964 0.8605 -0.1144
vn -0.5173 0.8482 -0.1139
vn 0.5897 -0.6127 0.5261
vn 0.3461 -0.5454 0.7634
vn 0.3134 -0.5357 0.7841
vn -0.0236 -0.3360 0.9416
vn -0.0157 -0.3361 0.9417
vn -0.1177 -0.2095 0.9707
vn -0.1184 -0.2185 0.9686
vn -0.1648 -0.1231 0.9786
vn -0.1649 -0.1153 0.9795
vn -0.5897 -0.6129 0.5260
vn -0.3134 -0.5357 0.7841
vn -0.3461 -0.5453 0.7634
vn 0.0237 -0.3361 0.9415
vn 0.0158 -0.3362 0.9417
vn 0.1177 -0.2094 0.9707
vn 0.1184 -0.2185 0.9686
vn 0.1647 -0.1230 0.9786
vn 0.1648 -0.1153 0.9796
vn -0.7993 0.3776 0.4675
vn -0.7940 0.3867 0.4691
vn 0.7940 0.3867 0.4691
vn 0.7993 0.3776 0.4675
vn 0.6236 0.2981 0.7226
vn 0.6144 0.3369 0.7135
vn 0.6142 0.3210 0.7209
vn 0.6142 0.3685 0.6979
vn 0.6219 0.3844 0.6823
vn -0.1501 0.1476 -0.9776
vn -0.2047 0.2019 -0.9578
vn 0.0633 0.1556 -0.9858
vn 0.1100 0.2096 -0.9716
vn 0.8495 -0.1645 0.5014
vn 0.9307 -0.0522 0.3621
vn 0.9343 -0.0519 0.3527
vn 0.8087 -0.1957 0.5547
vn 0.5971 0.2069 -0.7750
vn 0.8366 0.3176 0.4463
vn -0.5971 0.2070 -0.7750
vn -0.9307 -0.0522 0.3621
vn -0.8495 -0.1645 0.5014
vn -0.9343 -0.0519 0.3526
vn -0.8087 -0.1957 0.5547
vn 0.7239 0.3064 0.6181
vn 0.7486 0.2759 0.6029
vn -0.8110 0.2765 0.5156
vn 0.7625 0.2909 0.5778
vn 0.7545 0.3382 0.5624
vn 0.7578 0.3398 0.5570
vn 0.7625 0.2909 0.5779
vn 0.0079 0.5087 -0.8609
vn -0.0079 0.5087 -0.8609
vn 0.7477 0.0719 -0.6602
vn 0.6848 0.1436 -0.7144
vn 0.4394 0.8134 -0.3813
vn 0.4485 0.8078 -0.3825
vn 0.2282 -0.5617 0.7952
vn 0.2444 -0.5860 0.7726
vn -0.4394 0.8134 -0.3813
vn -0.4485 0.8078 -0.3825
vn 0.8895 0.0219 -0.4563
vn 0.8677 0.0146 -0.4968
vn 0.1259 0.6245 -0.7708
vn 0.2291 0.7354 -0.6378
vn 0.1490 0.6224 -0.7684
vn 0.2838 0.7568 -0.5888
vn -0.1260 0.6245 -0.7708
vn -0.2291 0.7354 -0.6377
vn -0.1491 0.6224 -0.7683
vn -0.2838 0.7568 -0.5888
vn 0.7914 0.0161 -0.6110
vn -0.7477 0.0719 -0.6602
vn -0.6848 0.1435 -0.7144
vn -0.8677 0.0146 -0.4968
vn -0.8895 0.0219 -0.4563
vn -0.7914 0.0161 -0.6110
vn 0.3221 0.2950 -0.8996
vn 0.4088 0.1851 -0.8937
vn -0.3221 0.2951 -0.8996
vn -0.4088 0.1851 -0.8937
vn -0.8594 -0.1564 0.4868
vn -0.8758 -0.1011 0.4721
vn -0.9241 0.2324 0.3033
vn -0.9228 0.2564 0.2874
vn -0.8332 0.5326 0.1488
vn -0.8332 0.5325 0.1487
vn 0.8461 0.1965 -0.4955
vn 0.9079 0.0294 -0.4181
vn 0.9106 -0.0966 -0.4017
vn 0.8809 -0.1196 -0.4579
vn 0.5767 0.8076 -0.1234
vn 0.5820 0.8039 -0.1228
vn 0.8594 -0.1564 0.4868
vn 0.9240 0.2327 0.3033
vn 0.8758 -0.1011 0.4721
vn 0.9228 0.2564 0.2874
vn 0.8332 0.5326 0.1487
vn -0.5768 0.8075 -0.1234
vn -0.5819 0.8039 -0.1228
vn -0.8461 0.1965 -0.4955
vn -0.9079 0.0294 -0.4181
vn -0.9107 -0.0966 -0.4017
vn -0.8809 -0.1197 -0.4579
vn 0.4889 0.8614 -0.1381
vn 0.4320 0.8440 0.3179
vn 0.4333 0.8305 0.3501
vn 0.4876 0.8594 -0.1535
vn 0.5436 0.6533 -0.5270
vn 0.5431 0.6604 -0.5185
vn 0.5988 0.3330 -0.7284
vn 0.5969 0.3241 -0.7339
vn 0.7956 0.3158 0.5170
vn 0.7925 0.3147 0.5223
vn 0.9988 -0.0151 -0.0474
vn 0.9986 -0.0230 -0.0475
vn 0.9874 -0.1579 -0.0100
vn 0.9835 -0.1808 -0.0103
vn 0.8170 0.1890 0.5448
vn 0.7964 0.2210 0.5630
vn 0.8027 0.2207 0.5540
vn -0.2595 0.6313 -0.7308
vn -0.3845 0.7604 -0.5233
vn -0.3307 0.6238 -0.7081
vn -0.4336 0.7480 -0.5025
vn 0.2596 0.6313 -0.7308
vn 0.3845 0.7605 -0.5233
vn 0.3307 0.6238 -0.7081
vn 0.4336 0.7481 -0.5024
vn -0.9988 -0.0151 -0.0474
vn -0.9986 -0.0230 -0.0475
vn -0.9874 -0.1579 -0.0100
vn -0.9835 -0.1809 -0.0103
vn -0.5351 0.8359 -0.1225
vn -0.4586 0.8094 0.3668
vn -0.4699 0.8178 0.3322
vn -0.5381 0.8326 -0.1312
vn -0.5968 0.6195 -0.5099
vn -0.5936 0.6321 -0.4981
vn -0.6398 0.3018 -0.7068
vn -0.6377 0.2931 -0.7124
vn 0.6220 -0.3250 0.7124
vn 0.5044 -0.3966 0.7670
vn -0.6220 -0.3250 0.7124
vn -0.5037 -0.3960 0.7677
vn 0.5328 0.8460 0.0191
vn 0.7791 0.4826 0.4001
vn 0.7421 0.5635 0.3629
vn 0.4734 0.8769 -0.0830
vn 0.2828 -0.2249 0.9324
vn 0.6383 0.7584 -0.1316
vn 0.6468 0.7512 -0.1318
vn -0.2829 -0.2249 0.9324
vn 0.9550 0.1226 0.2700
vn 0.9540 0.1304 0.2699
vn 0.9591 0.0040 0.2831
vn 0.9591 -0.0038 0.2830
vn -0.6383 0.7584 -0.1316
vn -0.6468 0.7512 -0.1318
vn 0.9482 0.0273 0.3165
vn 0.9006 0.1923 0.3897
vn 0.9493 0.0114 0.3140
vn 0.8738 0.2304 0.4283
vn 0.4957 0.0826 -0.8645
vn -0.0000 0.4841 -0.8750
vn -0.0315 0.4684 -0.8830
vn 0.0315 0.4684 -0.8829
vn -0.4958 0.0825 -0.8645
vn -0.9349 -0.0362 0.3531
vn -0.9370 0.0820 0.3397
vn -0.9369 0.0820 0.3397
vn -0.8752 0.1515 0.4594
vn -0.9195 -0.0132 0.3928
vn -0.9193 -0.0289 0.3925
vn -0.8448 0.1906 0.5000
vn 0.5059 0.7797 -0.3689
vn 0.5118 0.7766 -0.3674
vn -0.5059 0.7797 -0.3689
vn -0.5118 0.7766 -0.3674
vn 0.7298 0.5039 0.4619
vn 0.7324 0.4979 0.4644
vn 0.5206 0.7777 -0.3523
vn 0.5220 0.7799 -0.3454
vn 0.5292 0.7787 -0.3371
vn 0.5292 0.7787 -0.3370
vn -0.4179 -0.2009 -0.8860
vn -0.4264 -0.1775 -0.8869
vn -0.5205 0.7778 -0.3523
vn -0.5220 0.7799 -0.3454
vn -0.5292 0.7787 -0.3370
vn -0.1495 0.4604 -0.8750
vn 0.1495 0.4604 -0.8750
vn 0.6848 0.7181 -0.1241
vn 0.6851 0.7179 -0.1240
vn -0.7170 0.4658 0.5186
vn -0.6848 0.7181 -0.1241
vn -0.6851 0.7179 -0.1240
vn 0.9632 -0.2682 -0.0194
vn 0.9435 -0.3302 -0.0279
vn -0.0392 0.9984 -0.0415
vn -0.0392 0.9971 -0.0648
vn 0.8207 0.3012 0.4855
vn 0.8205 0.3014 0.4856
vn 0.2121 0.4675 -0.8582
vn -0.9632 -0.2682 -0.0194
vn -0.9435 -0.3302 -0.0280
vn 0.0629 0.9980 -0.0022
vn 0.0625 0.9980 -0.0023
vn 0.0392 0.9910 -0.1279
vn 0.0312 0.9866 -0.1599
vn -0.0629 0.9980 -0.0023
vn -0.0392 0.9910 -0.1279
vn -0.0625 0.9980 -0.0022
vn -0.0312 0.9866 -0.1599
vn -0.2121 0.4675 -0.8582
vn 0.3546 -0.1846 -0.9166
vn 0.3630 -0.1612 -0.9177
vn 0.6485 -0.0451 -0.7599
vn 0.7067 -0.1005 -0.7003
vn 0.8119 0.3564 0.4623
vn 0.8120 0.3564 0.4623
vn 0.8200 0.3486 0.4541
vn 0.8200 0.3486 0.4540
vn -0.7067 -0.1005 -0.7003
vn -0.6485 -0.0451 -0.7599
vn 0.7663 0.5971 0.2372
vn 0.6320 0.7305 -0.2588
vn 0.6782 0.7198 -0.1480
vn 0.3620 0.5454 -0.7560
vn 0.3762 0.5819 -0.7210
vn 0.2830 0.2249 -0.9324
vn 0.2834 0.1781 -0.9423
vn -0.7727 0.5638 0.2915
vn -0.7228 0.6848 -0.0929
vn -0.6831 0.7017 -0.2025
vn -0.4426 0.5236 -0.7280
vn -0.4646 0.5606 -0.6854
vn -0.3682 0.2082 -0.9061
vn -0.3614 0.1695 -0.9169
vn -0.4398 -0.0828 0.8943
vn -0.3852 -0.1539 0.9099
vn -0.3947 -0.1544 0.9058
vn -0.4343 -0.0438 0.8997
vn -0.8381 0.4422 0.3193
vn -0.7978 0.5091 0.3229
vn 0.8265 0.1896 0.5300
vn 0.8601 0.4142 0.2976
vn 0.8709 0.4688 0.1476
vn 0.8263 0.1421 0.5450
vn 0.7392 0.4892 0.4629
vn 0.7327 0.4980 0.4638
vn 0.3086 0.1946 -0.9311
vn 0.2747 0.0993 -0.9564
vn 0.3063 0.1933 -0.9321
vn 0.2756 0.0912 -0.9569
vn 0.8096 0.2522 0.5301
vn 0.7943 0.2125 0.5692
vn 0.1657 0.2261 -0.9599
vn 0.2601 0.0997 -0.9604
vn 0.7566 -0.1332 -0.6402
vn -0.1657 0.2261 -0.9599
vn -0.2601 0.0997 -0.9604
vn -0.3932 0.1774 -0.9022
vn -0.3554 0.0837 -0.9310
vn -0.3555 0.0761 -0.9316
vn 0.9218 0.2322 0.3104
vn 0.9106 0.2547 0.3254
vn -0.7235 0.4570 0.5174
vn -0.7197 0.4596 0.5204
vn -0.7566 -0.1332 -0.6402
vn 0.1259 0.7307 0.6710
vn 0.1337 0.7299 0.6703
vn -0.1020 0.7287 0.6772
vn -0.1098 0.7281 0.6766
vn 0.8906 -0.1915 -0.4125
vn 0.8345 -0.1977 -0.5144
vn 0.9125 -0.4090 -0.0055
vn 0.8715 -0.4873 0.0560
vn 0.6870 -0.6901 0.2275
vn -0.7731 0.2207 0.5947
vn -0.7555 0.1724 0.6320
vn 0.9286 -0.3699 -0.0286
vn 0.3766 -0.4035 0.8339
vn 0.3686 -0.4113 0.8337
vn -0.8906 -0.1915 -0.4125
vn -0.8345 -0.1977 -0.5144
vn -0.9125 -0.4090 -0.0055
vn -0.8715 -0.4872 0.0560
vn -0.6870 -0.6901 0.2276
vn -0.3765 -0.4035 0.8339
vn -0.3686 -0.4113 0.8336
vn 0.5116 -0.0589 0.8572
vn 0.4718 -0.1376 0.8709
vn 0.4628 -0.1296 0.8769
vn 0.5122 -0.0195 0.8586
vn -0.9286 -0.3699 -0.0286
vn -0.9048 0.1915 0.3803
vn -0.8950 0.2066 0.3954
vn -0.6604 0.0685 0.7478
vn -0.6560 0.0689 0.7516
vn -0.7791 -0.0871 0.6209
vn -0.7867 -0.1262 0.6043
vn 0.1412 0.5379 0.8311
vn -0.3858 0.7007 0.6002
vn -0.3706 0.7014 0.6088
vn 0.1261 0.5481 0.8268
vn 0.2762 0.1924 0.9417
vn 0.2766 0.1848 0.9430
vn -0.0944 0.5317 0.8416
vn 0.3800 0.7206 0.5799
vn 0.3952 0.7195 0.5710
vn -0.0868 0.5413 0.8363
vn -0.2119 0.1832 0.9600
vn -0.2122 0.1756 0.9613
vn 0.8104 0.2129 0.5459
vn 0.0708 0.1939 -0.9785
vn 0.1179 0.0605 -0.9912
vn -0.0708 0.1939 -0.9785
vn -0.1179 0.0605 -0.9912
vn 0.8393 0.4830 0.2497
vn 0.7954 0.5478 0.2594
vn 0.6523 0.0605 0.7556
vn 0.6562 0.0610 0.7521
vn 0.7719 -0.0952 0.6286
vn 0.7794 -0.1343 0.6120
vn 0.8056 -0.3487 -0.4790
vn 0.7063 -0.3606 -0.6092
vn -0.8057 -0.3489 -0.4787
vn -0.7063 -0.3606 -0.6092
vn 0.8381 -0.1417 -0.5268
vn 0.7415 -0.1964 -0.6416
vn 0.4092 -0.6540 0.6363
vn 0.3374 -0.6140 0.7136
vn 0.3063 -0.5914 0.7460
vn -0.8381 -0.1417 -0.5268
vn -0.7415 -0.1964 -0.6416
vn 0.3303 -0.0029 -0.9439
vn -0.3303 -0.0029 -0.9439
vn 0.3531 0.1460 -0.9241
vn 0.3535 0.1383 -0.9252
vn -0.2196 0.9747 -0.0417
vn -0.2197 0.9747 -0.0417
vn 0.8222 0.1269 0.5549
vn 0.8271 0.0476 0.5600
vn 0.8272 0.0476 0.5600
vn 0.8212 0.1346 0.5546
vn -0.4315 0.1298 -0.8927
vn -0.4319 0.1221 -0.8936
vn -0.0158 0.1713 -0.9851
vn 0.0079 0.0529 -0.9986
vn 0.0158 0.1713 -0.9851
vn -0.0079 0.0529 -0.9986
vn -0.0236 0.0529 -0.9983
vn -0.0473 0.1712 -0.9841
vn 0.0473 0.1712 -0.9841
vn 0.0236 0.0529 -0.9983
vn 0.5832 0.7907 -0.1863
vn 0.8178 0.5746 -0.0314
vn 0.5438 0.8146 -0.2017
vn 0.8496 0.5273 -0.0086
vn -0.6047 0.7798 -0.1622
vn -0.8439 0.5360 0.0230
vn -0.6332 0.7612 -0.1403
vn -0.8721 0.4864 0.0537
vn 0.8268 0.0554 0.5598
vn 0.8267 0.0554 0.5598
vn 0.1814 0.7248 0.6647
vn 0.1816 0.7248 0.6646
vn -0.1654 0.7152 0.6790
vn -0.1657 0.7152 0.6790
vn -0.6390 0.7517 -0.1633
vn -0.3780 0.9155 -0.1373
vn -0.6640 0.7295 -0.1640
vn -0.3549 0.9248 -0.1374
vn 0.6390 0.7517 -0.1633
vn 0.3780 0.9156 -0.1373
vn 0.3549 0.9248 -0.1374
vn 0.6640 0.7295 -0.1640
vn 0.4982 -0.1783 -0.8485
vn 0.5751 -0.2099 -0.7907
vn 0.6453 -0.2341 -0.7272
vn -0.4982 -0.1783 -0.8485
vn -0.5751 -0.2099 -0.7907
vn -0.6453 -0.2341 -0.7272
vn -0.1105 0.9736 -0.1999
vn -0.1262 0.9732 -0.1920
vn 0.1262 0.9732 -0.1920
vn 0.1105 0.9736 -0.1999
vn -0.5582 -0.6285 0.5417
vn -0.5042 -0.5993 0.6218
vn -0.5208 -0.6079 0.5994
vn 0.5582 -0.6285 0.5417
vn 0.5208 -0.6079 0.5994
vn 0.5042 -0.5993 0.6218
vn 0.4814 0.8761 -0.0283
vn 0.4815 0.8760 -0.0282
vn 0.6323 -0.0053 -0.7747
vn 0.6305 -0.1236 -0.7663
vn 0.6312 -0.1162 -0.7669
vn 0.6323 0.0026 -0.7747
vn 0.6128 -0.2254 -0.7574
vn 0.6117 -0.2329 -0.7561
vn 0.6404 -0.2591 -0.7230
vn 0.6404 -0.2590 -0.7230
vn -0.2597 -0.2488 0.9331
vn -0.2209 -0.3280 0.9185
vn -0.2133 -0.3286 0.9201
vn -0.2214 -0.2972 0.9288
vn 0.3548 -0.4605 0.8137
vn -0.3547 -0.4604 0.8137
vn -0.3548 -0.4604 0.8137
vn 0.8826 0.1041 0.4585
vn 0.9351 0.0739 0.3467
vn 0.8434 0.1269 0.5220
vn 0.5264 -0.3668 -0.7671
vn 0.6603 -0.5433 -0.5184
vn 0.5130 -0.4479 -0.7322
vn -0.5264 -0.3667 -0.7671
vn -0.6604 -0.5433 -0.5184
vn -0.5130 -0.4479 -0.7323
vn 0.3384 -0.2406 0.9097
vn 0.3065 -0.3109 0.8997
vn 0.3064 -0.2873 0.9075
vn 0.2986 -0.3187 0.8996
vn 0.3134 -0.4578 0.8320
vn 0.3133 -0.4577 0.8321
vn -0.3133 -0.4578 0.8320
vn -0.6483 -0.1559 -0.7453
vn -0.6616 -0.0371 -0.7489
vn -0.6619 -0.0292 -0.7490
vn -0.6284 -0.2571 -0.7341
vn -0.6271 -0.2644 -0.7327
vn -0.6546 -0.2903 -0.6980
vn -0.6546 -0.2902 -0.6980
vn -0.7165 -0.2352 -0.6567
vn -0.7253 -0.2277 -0.6496
vn 0.1654 -0.0496 -0.9850
vn 0.0390 -0.0650 -0.9971
vn -0.0079 -0.0650 -0.9979
vn -0.1653 -0.0497 -0.9850
vn -0.0391 -0.0650 -0.9971
vn 0.0079 -0.0650 -0.9979
vn -0.8476 0.0635 0.5268
vn -0.9077 0.0259 0.4187
vn -0.8058 0.0868 0.5858
vn 0.6318 0.1288 -0.7643
vn -0.0552 0.9869 -0.1519
vn -0.0552 0.9868 -0.1519
vn 0.2830 -0.2311 -0.9309
vn 0.3632 -0.2563 -0.8958
vn -0.2830 -0.2311 -0.9309
vn -0.3632 -0.2563 -0.8958
vn -0.3383 -0.1071 0.9349
vn -0.3305 -0.1307 0.9347
vn -0.3618 0.0739 0.9293
vn -0.3610 0.0973 0.9275
vn -0.6638 0.0970 -0.7416
vn 0.4175 -0.0832 0.9049
vn 0.4102 -0.1070 0.9057
vn 0.4319 0.0978 0.8966
vn 0.4243 0.1214 0.8974
vn 0.4665 -0.4164 -0.7804
vn 0.4404 -0.2794 -0.8532
vn 0.1177 -0.3012 -0.9463
vn 0.0631 -0.2789 -0.9583
vn -0.4664 -0.4164 -0.7804
vn -0.4404 -0.2794 -0.8532
vn -0.1177 -0.3012 -0.9463
vn -0.0631 -0.2789 -0.9583
vn 0.3549 0.7094 0.6090
vn 0.0790 -0.2398 -0.9676
vn -0.0791 -0.2398 -0.9676
vn -0.3693 0.6905 0.6219
vn -0.3692 0.6905 0.6220
vn 0.4972 -0.7479 0.4398
vn 0.4243 -0.7147 0.5560
vn 0.4098 -0.7093 0.5736
vn -0.0944 -0.2782 -0.9559
vn -0.0314 -0.2385 -0.9706
vn 0.0314 -0.2385 -0.9706
vn 0.0944 -0.2782 -0.9559
vn -0.3608 -0.2543 -0.8973
vn -0.3777 -0.2951 -0.8776
vn -0.3614 -0.2471 -0.8991
vn -0.3862 -0.3034 -0.8711
vn -0.8185 0.5303 -0.2210
vn -0.8218 0.5246 -0.2222
vn 0.8185 0.5303 -0.2210
vn 0.8219 0.5246 -0.2221
vn -0.1581 -0.3114 -0.9370
vn 0.1581 -0.3114 -0.9370
vn -0.3474 0.9177 -0.1929
vn -0.3473 0.9177 -0.1929
vn 0.3474 0.9177 -0.1927
vn -0.3951 -0.1296 -0.9094
vn -0.4017 -0.1216 -0.9077
vn 0.2990 -0.2392 -0.9238
vn 0.3236 -0.2799 -0.9038
vn 0.3299 -0.2863 -0.8996
vn 0.2995 -0.2318 -0.9255
vn 0.3866 -0.2246 -0.8945
vn 0.4033 -0.1855 -0.8961
vn 0.3302 -0.1131 -0.9371
vn 0.3307 -0.0977 -0.9387
vn -0.0000 -0.1394 0.9902
vn 0.0314 -0.3195 0.9471
vn 0.0315 -0.3195 0.9471
vn -0.0000 -0.1317 0.9913
vn 0.0157 -0.2960 0.9551
vn 0.0628 -0.3190 0.9457
vn 0.0869 -0.1476 0.9852
vn 0.0870 -0.1399 0.9863
vn 0.0711 -0.2974 0.9521
vn -0.4476 -0.2475 -0.8593
vn -0.4643 -0.2087 -0.8607
vn 0.4948 0.6674 -0.5565
vn -0.5674 0.6453 -0.5115
vn -0.5674 0.6453 -0.5114
vn -0.8422 0.4527 -0.2930
vn 0.8422 0.4527 -0.2930
vn 0.8422 0.4526 -0.2930
vn 0.8030 -0.4274 -0.4152
vn 0.8512 -0.3414 -0.3987
vn 0.8629 -0.3321 -0.3810
vn 0.7943 -0.4507 -0.4073
vn 0.7993 -0.4537 -0.3940
vn 0.7935 -0.4661 -0.3913
vn -0.7899 -0.1976 0.5805
vn -0.7900 -0.1976 0.5804
vn 0.7078 -0.1953 -0.6789
vn 0.7394 -0.0696 -0.6696
vn 0.7367 -0.0457 -0.6747
vn 0.7291 0.0722 -0.6806
vn -0.8106 -0.4675 -0.3526
vn -0.8647 -0.3808 -0.3275
vn -0.8008 -0.4900 -0.3443
vn -0.8736 -0.3735 -0.3120
vn -0.8050 -0.4928 -0.3303
vn -0.7958 -0.5077 -0.3300
vn 0.7883 -0.1972 0.5829
vn 0.7881 -0.1972 0.5831
vn 0.8439 0.3974 0.3603
vn 0.8412 0.4040 0.3593
vn 0.8439 0.3096 0.4381
vn 0.8362 0.3493 0.4229
vn -0.8262 0.3640 0.4299
vn -0.8219 0.2698 0.5016
vn -0.8187 0.3083 0.4844
vn -0.3855 -0.0754 0.9196
vn -0.3398 -0.0285 0.9401
vn -0.2994 0.0265 0.9538
vn -0.3629 0.0268 0.9315
vn -0.3559 0.0348 0.9339
vn -0.8491 0.3746 -0.3723
vn -0.8469 0.3771 -0.3749
vn 0.8491 0.3746 -0.3723
vn 0.8469 0.3771 -0.3749
vn -0.6568 0.7303 -0.1878
vn -0.6569 0.7303 -0.1878
vn 0.4156 -0.0123 0.9095
vn 0.4623 -0.0590 0.8848
vn 0.3694 0.0424 0.9283
vn 0.4563 -0.0514 0.8884
vn 0.2982 0.8914 -0.3412
vn -0.4628 0.1296 -0.8769
vn -0.4578 0.1067 -0.8826
vn -0.5047 0.2557 -0.8246
vn -0.5182 0.2388 -0.8212
vn 0.4337 0.0509 0.8996
vn 0.4339 0.0430 0.8999
vn 0.3927 0.1606 0.9055
vn 0.3922 0.1682 0.9044
vn 0.3856 0.1462 -0.9110
vn 0.4246 0.2791 -0.8613
vn 0.3769 0.1302 -0.9170
vn 0.4421 0.2643 -0.8571
vn -0.1814 0.0893 0.9793
vn -0.1421 0.0655 0.9877
vn 0.2522 0.0973 0.9628
vn 0.2136 0.0738 0.9741
vn -0.3298 0.1680 0.9290
vn -0.3368 0.1675 0.9266
vn -0.4409 0.0043 -0.8975
vn -0.4343 0.0438 -0.8997
vn -0.3311 0.1451 0.9324
vn -0.3237 0.1531 0.9337
vn 0.4004 0.1840 0.8977
vn 0.3938 0.1847 0.9005
vn 0.3700 0.0205 -0.9288
vn 0.3559 0.0601 -0.9326
vn 0.6920 0.6243 0.3624
vn 0.6921 0.6243 0.3624
vn -0.5362 0.1296 -0.8341
vn -0.5424 0.1684 -0.8231
vn -0.6909 0.5911 0.4163
vn -0.7557 -0.1015 -0.6470
vn -0.7569 -0.0858 -0.6478
vn -0.7566 0.0327 -0.6530
vn -0.7567 0.0328 -0.6529
vn 0.4646 0.1536 -0.8721
vn 0.4648 0.1929 -0.8641
vn 0.8243 0.5363 -0.1812
vn 0.8213 0.5319 -0.2062
vn 0.7994 0.5214 -0.2987
vn 0.7994 0.5215 -0.2984
vn 0.2211 -0.1000 0.9701
vn 0.2209 -0.1079 0.9693
vn 0.1418 -0.1709 0.9750
vn 0.1334 -0.1545 0.9789
vn -0.1342 -0.1081 0.9850
vn -0.1340 -0.1159 0.9842
vn -0.0552 -0.1711 0.9837
vn -0.0474 -0.1635 0.9854
vn -0.5511 0.0113 -0.8344
vn -0.5417 0.0428 -0.8395
vn -0.0316 -0.1161 0.9927
vn -0.0315 -0.1316 0.9908
vn -0.0079 0.1203 0.9927
vn -0.0079 0.1280 0.9917
vn 0.1185 -0.1160 0.9862
vn 0.1183 -0.1317 0.9842
vn 0.0789 0.1286 0.9885
vn 0.0789 0.1287 0.9885
vn -0.8518 0.1724 -0.4947
vn -0.8507 0.1800 -0.4939
vn -0.7626 -0.1724 -0.6235
vn -0.6245 -0.4020 -0.6696
vn 0.8517 0.1724 -0.4949
vn 0.8507 0.1800 -0.4938
vn 0.7626 -0.1724 -0.6235
vn 0.6245 -0.4020 -0.6696
vn 0.9111 -0.2073 -0.3563
vn 0.9126 -0.1997 -0.3567
vn 0.4815 0.0356 -0.8757
vn 0.4715 0.0670 -0.8793
vn -0.9228 -0.2564 -0.2874
vn -0.9276 -0.2398 -0.2863
vn 0.0869 0.0260 0.9959
vn 0.0790 0.0260 0.9965
vn -0.5222 0.3979 -0.7543
vn -0.4947 0.4810 -0.7238
vn -0.4965 0.4749 -0.7266
vn -0.5191 0.3957 -0.7576
vn -0.4107 0.2331 -0.8815
vn -0.4557 0.0508 0.8887
vn -0.4717 0.0352 0.8811
vn -0.4332 0.0666 0.8988
vn -0.0079 0.0258 0.9996
vn -0.0863 -0.0213 0.9960
vn -0.0947 -0.0608 0.9936
vn -0.6110 -0.3507 -0.7098
vn -0.6109 -0.3507 -0.7098
vn 0.6110 -0.3507 -0.7097
vn 0.6110 -0.3507 -0.7098
vn 0.1102 -0.0843 0.9903
vn 0.0785 -0.0135 0.9968
vn 0.1101 -0.0842 0.9903
vn 0.0785 -0.0057 0.9969
vn 0.1657 -0.0134 0.9861
vn 0.1731 -0.0606 0.9830
vn 0.5197 0.0749 0.8511
vn 0.5037 0.0907 0.8591
vn 0.5354 0.0592 0.8425
vn -0.0314 -0.0920 0.9953
vn -0.0000 -0.0135 0.9999
vn -0.0001 -0.0057 1.0000
vn 0.0314 0.0650 0.9974
vn 0.0314 0.0571 0.9979
vn 0.4182 0.4995 -0.7587
vn 0.4407 0.4278 -0.7891
vn 0.4407 0.4279 -0.7891
vn 0.3308 0.2487 -0.9104
vn 0.0474 0.0655 0.9967
vn 0.0395 0.0656 0.9971
vn -0.5649 -0.0282 -0.8246
vn -0.5650 -0.0281 -0.8246
vn 0.9436 0.0191 0.3305
vn 0.9364 0.2564 0.2396
vn 0.9309 0.2814 0.2328
vn 0.9437 0.0112 0.3305
vn 0.8801 -0.2335 0.4134
vn 0.8751 -0.2502 0.4143
vn 0.7779 -0.4693 0.4180
vn 0.7780 -0.4617 0.4261
vn 0.8070 -0.4872 0.3336
vn 0.8176 -0.4761 0.3238
vn -0.7177 0.6845 0.1276
vn -0.9364 0.2564 0.2396
vn -0.9436 0.0191 0.3305
vn -0.9310 0.2813 0.2328
vn -0.9437 0.0113 0.3305
vn -0.8801 -0.2335 0.4134
vn -0.8750 -0.2500 0.4145
vn -0.7779 -0.4693 0.4180
vn -0.7780 -0.4616 0.4261
vn -0.8070 -0.4872 0.3336
vn -0.8176 -0.4761 0.3238
vn 0.7177 0.6845 0.1276
vn 0.9925 0.1177 0.0331
vn 0.9951 0.0863 0.0486
vn 0.9219 -0.1779 0.3441
vn 0.6440 -0.4560 0.6143
vn 0.9218 -0.1780 0.3443
vn 0.4966 -0.0038 -0.8679
vn 0.4968 -0.0040 -0.8678
vn -0.9925 0.1177 0.0331
vn -0.9219 -0.1778 0.3441
vn -0.9951 0.0863 0.0486
vn -0.6440 -0.4561 0.6143
vn -0.9218 -0.1780 0.3443
vn 0.5099 0.1605 -0.8451
vn 0.4724 -0.2721 -0.8383
vn 0.5105 0.1528 -0.8462
vn 0.4557 -0.3030 -0.8370
vn -0.5109 -0.3193 -0.7982
vn -0.5831 0.1291 -0.8021
vn -0.5205 -0.2968 -0.8006
vn -0.3373 0.3882 -0.8576
vn -0.3452 0.3804 -0.8580
vn -0.1022 0.6089 -0.7867
vn -0.0000 0.6687 -0.7435
vn 0.1501 0.7277 -0.6692
vn -0.4421 0.1068 -0.8906
vn -0.4420 0.1068 -0.8906
vn -0.4871 -0.0353 -0.8726
vn -0.4874 -0.0196 -0.8730
vn 0.3633 0.1310 -0.9224
vn 0.4184 -0.0114 -0.9082
vn 0.4185 -0.0034 -0.9082
vn -0.1019 -0.1310 0.9861
vn -0.1022 -0.1312 0.9861
vn -0.6220 -0.1234 -0.7733
vn -0.6297 -0.2498 -0.7355
vn -0.6228 -0.1552 -0.7668
vn 0.6220 -0.1234 -0.7733
vn 0.6297 -0.2498 -0.7355
vn 0.6228 -0.1552 -0.7668
vn 0.8444 -0.0796 -0.5298
vn 0.8506 -0.1428 -0.5060
vn 0.7331 0.3704 -0.5704
vn 0.7157 0.4166 -0.5606
vn 0.1888 -0.1234 0.9742
vn 0.1891 -0.1236 0.9741
vn 0.0474 0.0812 0.9956
vn 0.0316 0.0813 0.9962
vn 0.0237 0.0813 0.9964
vn -0.8801 -0.1274 -0.4575
vn -0.8784 -0.1823 -0.4417
vn -0.7876 0.3378 -0.5153
vn -0.7747 0.3863 -0.5007
vn 0.9955 -0.0092 0.0947
vn 0.9927 -0.0644 0.1015
vn 0.9916 -0.0801 0.1012
vn 0.9927 -0.0644 0.1016
vn 0.9848 -0.1354 0.1085
vn -0.9955 -0.0092 0.0947
vn -0.9916 -0.0801 0.1012
vn -0.9927 -0.0644 0.1015
vn -0.9927 -0.0645 0.1016
vn -0.9848 -0.1354 0.1084
vn 0.9260 -0.0184 -0.3770
vn 0.9262 -0.0106 -0.3769
vn -0.9517 -0.0667 -0.2998
vn -0.9522 -0.0589 -0.2999
vn 0.9213 0.2092 -0.3279
vn 0.9157 0.1393 -0.3770
vn 0.9163 0.1551 -0.3692
vn 0.9313 0.1858 -0.3132
vn -0.6604 0.0887 -0.7457
vn -0.7319 0.0879 -0.6757
vn -0.7243 0.0880 -0.6838
vn -0.6436 0.0888 -0.7602
vn -0.7717 -0.0781 -0.6312
vn -0.7159 -0.3775 -0.5874
vn -0.6223 -0.5920 -0.5121
vn 0.6604 0.0888 -0.7456
vn 0.7319 0.0879 -0.6757
vn 0.6437 0.0888 -0.7601
vn 0.7243 0.0880 -0.6839
vn 0.7717 -0.0780 -0.6312
vn 0.7159 -0.3775 -0.5874
vn 0.6223 -0.5917 -0.5124
vn 0.9328 0.3465 0.0996
vn 0.9328 0.3464 0.0996
vn -0.9613 0.1450 -0.2344
vn -0.9474 0.1141 -0.2991
vn -0.9534 0.1689 -0.2499
vn -0.9505 0.0904 -0.2973
vn -0.9384 0.3054 0.1619
vn 0.9802 -0.1908 0.0526
vn 0.8820 -0.4636 -0.0851
vn 0.9693 -0.2449 0.0202
vn 0.9917 -0.0255 0.1263
vn 0.9803 -0.1902 0.0529
vn 0.9695 -0.2443 0.0205
vn -0.9802 -0.1908 0.0526
vn -0.9693 -0.2449 0.0202
vn -0.8820 -0.4636 -0.0851
vn -0.9917 -0.0255 0.1263
vn -0.9695 -0.2443 0.0205
vn -0.9803 -0.1901 0.0529
vn 0.9547 0.1142 -0.2746
vn 0.9603 0.0823 -0.2665
vn 0.3770 -0.3022 -0.8755
vn 0.4568 -0.1535 -0.8762
vn 0.4567 -0.1535 -0.8763
vn 0.3717 -0.3124 -0.8742
vn 0.3785 -0.3115 -0.8716
vn 0.3795 -0.3044 -0.8737
vn -0.9763 0.0736 -0.2037
vn -0.9816 0.0340 -0.1880
vn -0.4345 -0.3204 -0.8418
vn -0.5191 -0.1774 -0.8361
vn -0.5191 -0.1775 -0.8361
vn -0.4269 -0.3285 -0.8425
vn -0.4257 -0.3355 -0.8403
vn -0.4333 -0.3274 -0.8396
vn -0.1725 -0.6454 0.7441
vn -0.6439 -0.4560 0.6143
vn 0.1725 -0.6454 0.7441
vn 0.6439 -0.4560 0.6143
vn 0.5182 -0.6128 0.5966
vn 0.4495 -0.6082 0.6542
vn 0.5101 -0.6125 0.6039
vn -0.5182 -0.6129 0.5966
vn -0.5101 -0.6125 0.6038
vn -0.4495 -0.6082 0.6542
vn -0.7178 -0.1276 0.6845
vn -0.8431 -0.3444 0.4130
vn -0.8403 -0.3434 0.4195
vn -0.7000 -0.1040 0.7065
vn 0.6919 -0.5721 0.4404
vn -0.6919 -0.5721 0.4404
vn 0.5769 -0.6157 0.5368
vn 0.5183 -0.6129 0.5964
vn 0.5103 -0.6125 0.6036
vn -0.5768 -0.6157 0.5368
vn -0.5102 -0.6125 0.6037
vn -0.5183 -0.6129 0.5964
vn -0.8283 -0.3062 0.4692
vn -0.8124 -0.2987 0.5008
vn -0.7077 -0.2136 0.6734
vn 0.6780 -0.6818 0.2746
vn 0.6709 -0.6598 0.3384
vn 0.6801 -0.6761 0.2835
vn -0.5041 -0.2092 -0.8379
vn -0.5117 -0.1934 -0.8371
vn -0.6780 -0.6818 0.2746
vn -0.6801 -0.6761 0.2835
vn -0.6710 -0.6598 0.3384
vn 0.4479 -0.1846 -0.8748
vn 0.4549 -0.1764 -0.8729
vn 0.6436 -0.6700 -0.3701
vn 0.5212 -0.7852 -0.3345
vn 0.6437 -0.6700 -0.3697
vn 0.5179 -0.7882 -0.3325
vn -0.6061 0.0344 -0.7946
vn -0.6062 0.0265 -0.7949
vn 0.6061 0.0344 -0.7946
vn 0.6062 0.0265 -0.7949
vn 0.6291 -0.7044 0.3286
vn -0.6387 -0.6975 -0.3249
vn -0.5118 -0.8071 -0.2944
vn -0.5027 -0.8130 -0.2938
vn -0.6389 -0.6974 -0.3247
vn -0.6291 -0.7044 0.3286
vn -0.6291 -0.7044 0.3287
vn 0.6857 -0.6964 0.2116
vn 0.6780 -0.6818 0.2747
vn 0.6941 -0.7185 0.0454
vn 0.2985 -0.9406 -0.1620
vn 0.2668 -0.9472 -0.1777
vn -0.6857 -0.6965 0.2113
vn 0.6879 -0.6602 -0.3016
vn 0.6880 -0.6601 -0.3016
vn -0.6880 -0.6601 -0.3016
vn 0.7157 -0.6820 -0.1505
vn 0.7156 -0.6821 -0.1507
vn -0.2683 -0.9532 -0.1392
vn -0.6545 -0.7504 0.0924
vn -0.2364 -0.9592 -0.1548
vn 0.9883 -0.0846 -0.1267
vn 0.9841 -0.0370 -0.1737
vn -0.7156 -0.6821 -0.1507
vn -0.9899 -0.1329 -0.0489
vn -0.9918 -0.0853 -0.0956
vn 0.5905 -0.8035 0.0756
vn 0.5902 -0.8037 0.0757
vn 0.5904 -0.8036 0.0756
vn 0.0785 -0.9969 -0.0057
vn 0.2286 -0.9328 0.2788
vn 0.2284 -0.9328 0.2789
vn -0.0237 -0.9821 -0.1866
vn -0.5901 -0.8038 0.0757
vn -0.5902 -0.8037 0.0757
vn -0.9565 -0.1523 0.2489
vn -0.9659 -0.0662 0.2504
vn -0.8750 0.4145 0.2501
vn -0.7804 0.5721 0.2522
vn -0.6212 0.7439 0.2464
vn 0.9659 -0.0664 0.2501
vn 0.9565 -0.1523 0.2489
vn 0.8751 0.4145 0.2500
vn 0.7804 0.5721 0.2522
vn 0.6213 0.7439 0.2462
vn 0.5063 0.0196 -0.8621
vn 0.5063 0.0275 -0.8619
vn -0.5744 -0.0046 -0.8185
vn -0.5745 0.0033 -0.8185
vn -0.1424 -0.9660 0.2159
vn -0.1655 -0.9625 0.2151
vn -0.3318 -0.9121 0.2406
vn 0.0227 -0.9829 0.1827
vn -0.1649 -0.9626 0.2150
vn -0.1412 -0.9657 0.2180
vn 0.3237 -0.9263 0.1927
vn 0.1424 -0.9660 0.2159
vn 0.3318 -0.9121 0.2406
vn 0.1655 -0.9625 0.2151
vn -0.0241 -0.9829 0.1828
vn 0.1417 -0.9661 0.2158
vn 0.1649 -0.9626 0.2150
vn -0.3237 -0.9263 0.1927
vn -0.3237 -0.9264 0.1926
vn -0.3236 -0.9264 0.1926
vn -0.7463 -0.5780 0.3300
vn -0.7546 -0.5473 0.3620
vn 0.5255 0.1917 -0.8289
vn 0.5274 0.2080 -0.8238
vn -0.5975 0.1679 -0.7841
vn -0.6005 0.1765 -0.7799
vn 0.7955 -0.5394 0.2762
vn 0.8086 -0.5066 0.2993
vn 0.8026 -0.5156 0.2999
vn 0.7955 -0.5394 0.2763
vn 0.5734 0.7092 0.4101
vn 0.5278 0.7429 0.4117
vn 0.8790 0.4451 0.1709
vn 0.8741 0.4545 0.1715
vn -0.8790 0.4451 0.1709
vn -0.8741 0.4545 0.1715
vn -0.5691 0.6815 0.4600
vn -0.5338 0.7162 0.4495
vn 0.5986 0.1053 -0.7941
vn 0.6300 -0.2895 -0.7206
vn 0.6222 -0.3053 -0.7209
vn 0.5925 0.1214 -0.7964
vn 0.9610 0.2586 0.0980
vn 0.9907 -0.1334 -0.0254
vn 0.9654 0.2420 0.0975
vn 0.9905 -0.1332 -0.0333
vn -0.9610 0.2586 0.0980
vn -0.9654 0.2420 0.0975
vn -0.9907 -0.1333 -0.0254
vn -0.9905 -0.1332 -0.0332
vn -0.8431 -0.4222 0.3331
vn -0.8351 -0.4379 0.3329
vn 0.3624 -0.2878 0.8865
vn 0.3547 -0.2959 0.8869
vn 0.2977 -0.3879 0.8723
vn 0.2998 -0.3905 0.8704
vn 0.2919 -0.4140 0.8622
vn 0.2989 -0.4134 0.8601
vn 0.4710 -0.1922 0.8609
vn 0.4790 -0.1685 0.8615
vn 0.6067 0.2340 0.7597
vn 0.6079 0.2265 0.7610
vn -0.8343 -0.3832 0.3963
vn 0.8853 -0.3830 0.2636
vn 0.8827 -0.3898 0.2627
vn -0.4098 -0.7736 -0.4833
vn -0.4247 -0.7562 -0.4979
vn -0.6675 -0.3208 -0.6719
vn -0.6675 -0.3365 -0.6642
vn -0.6611 0.0731 -0.7467
vn -0.6603 0.0887 -0.7457
vn 0.2835 -0.9261 -0.2488
vn 0.2675 -0.9330 -0.2408
vn 0.8788 -0.3420 0.3328
vn 0.8788 -0.3419 0.3328
vn -0.2591 -0.9393 -0.2248
vn -0.2444 -0.9430 -0.2257
vn 0.9850 -0.1651 -0.0497
vn 0.9850 -0.1651 -0.0496
vn 0.4027 -0.2173 0.8892
vn 0.3783 0.2401 0.8940
vn 0.3858 0.2320 0.8929
vn 0.4013 -0.2323 0.8860
vn 0.3848 0.0739 0.9200
vn 0.3846 0.0817 0.9195
vn -0.9782 -0.2058 0.0286
vn -0.9782 -0.2058 0.0287
vn 0.8797 -0.4051 -0.2490
vn 0.8440 -0.4295 -0.3213
vn 0.8842 -0.3994 -0.2423
vn 0.8440 -0.4295 -0.3214
vn 0.9314 -0.3295 -0.1544
vn 0.9335 -0.3275 -0.1457
vn -0.8797 -0.4051 -0.2490
vn -0.8842 -0.3994 -0.2423
vn -0.8440 -0.4295 -0.3213
vn -0.8440 -0.4295 -0.3214
vn -0.9315 -0.3294 -0.1545
vn -0.9335 -0.3275 -0.1457
vn 0.3622 0.2082 0.9085
vn 0.3079 0.0740 0.9485
vn 0.3078 0.0740 0.9486
vn 0.3609 0.1916 0.9127
vn -0.3377 0.1917 0.9215
vn -0.2751 0.0577 0.9597
vn -0.3388 0.1766 0.9242
vn 0.0710 0.2787 0.9577
vn 0.0707 0.2860 0.9556
vn -0.0078 0.2772 0.9608
vn -0.0078 0.2794 0.9601
vn -0.3220 0.2153 0.9219
vn -0.3226 -0.2327 0.9175
vn -0.3214 -0.2476 0.9140
vn -0.3154 0.0581 0.9472
vn -0.3154 0.0582 0.9472
vn -0.2763 -0.3044 0.9116
vn -0.2683 -0.3123 0.9113
vn -0.2044 -0.4053 0.8910
vn -0.2126 -0.3980 0.8924
vn -0.2046 -0.4212 0.8836
vn -0.2038 -0.4280 0.8805
vn -0.3938 -0.2091 0.8951
vn -0.4017 -0.1930 0.8952
vn -0.5573 0.2089 0.8036
vn -0.5583 0.2014 0.8049
vn 0.0158 0.6169 -0.7869
vn -0.0947 0.6651 -0.7407
vn -0.2368 0.7192 -0.6532
vn 0.2049 0.0419 0.9779
vn 0.2198 0.0496 0.9743
vn 0.2048 0.0498 0.9775
vn 0.2513 0.0497 0.9666
vn -0.1883 0.0338 0.9815
vn -0.1731 0.0339 0.9843
vn -0.1883 0.0416 0.9812
vn -0.2200 0.0339 0.9749
vn 0.1732 -0.2647 0.9487
vn 0.2052 -0.0212 0.9785
vn 0.1730 -0.2648 0.9487
vn -0.8911 -0.0691 0.4486
vn -0.8915 -0.0613 0.4489
vn -0.8841 0.1202 0.4516
vn -0.1733 -0.0291 0.9844
vn -0.1257 -0.2722 0.9540
vn -0.1256 -0.2720 0.9541
vn -0.1733 -0.0370 0.9842
vn 0.4023 0.2801 0.8716
vn 0.4346 0.2249 0.8721
vn 0.4033 0.2728 0.8735
vn 0.0868 -0.9432 -0.3206
vn 0.1333 -0.7837 -0.6066
vn 0.1333 -0.7838 -0.6066
vn 0.0708 -0.9639 -0.2569
vn -0.1106 -0.7898 -0.6033
vn -0.0472 -0.9489 -0.3121
vn -0.0315 -0.9658 -0.2574
vn 0.7578 -0.5317 -0.3782
vn 0.7479 -0.5460 -0.3775
vn -0.7578 -0.5317 -0.3782
vn -0.7479 -0.5460 -0.3775
vn -0.4179 0.2006 0.8861
vn -0.3862 0.2560 0.8862
vn -0.4178 0.2006 0.8861
vn -0.3853 0.2633 0.8844
vn 0.9263 -0.0130 0.3767
vn 0.9262 -0.0208 0.3765
vn 0.9114 0.1598 0.3793
vn 0.9114 0.1599 0.3793
vn -0.7000 0.3155 -0.6407
vn -0.6545 0.2698 -0.7062
vn -0.6546 0.2698 -0.7062
vn -0.5533 0.1455 -0.8202
vn -0.5527 0.1533 -0.8191
vn -0.4721 -0.0116 -0.8815
vn -0.4656 -0.0354 -0.8843
vn -0.1573 -0.9420 -0.2964
vn -0.0631 -0.8408 -0.5376
vn -0.0474 -0.8134 -0.5797
vn -0.4400 -0.0507 -0.8965
vn -0.4487 -0.0745 -0.8906
vn 0.1573 -0.9420 -0.2964
vn 0.0474 -0.8135 -0.5797
vn 0.0631 -0.8409 -0.5375
vn 0.4815 0.1302 -0.8667
vn 0.4811 0.1379 -0.8657
vn 0.4028 0.4453 -0.7997
vn 0.4108 0.4375 -0.7999
vn -0.4650 -0.4866 -0.7396
vn -0.4400 -0.5009 -0.7454
vn -0.1026 -0.5014 -0.8591
vn -0.1178 -0.5064 -0.8542
vn -0.7490 -0.3710 -0.5490
vn -0.6994 -0.3845 -0.6025
vn -0.7967 -0.3488 -0.4935
vn -0.7968 -0.3488 -0.4934
vn -0.5518 0.1137 -0.8262
vn -0.5513 0.1215 -0.8254
vn -0.4892 0.4285 -0.7596
vn -0.4954 0.4114 -0.7651
vn -0.4078 0.1533 -0.9001
vn -0.3692 0.0833 -0.9256
vn -0.3691 0.0832 -0.9257
vn -0.3226 -0.0501 -0.9452
vn -0.3223 -0.0582 -0.9449
vn -0.4265 -0.0747 -0.9014
vn -0.4262 -0.0825 -0.9009
vn -0.5271 0.1286 -0.8400
vn -0.5522 0.1059 -0.8269
vn -0.5526 0.0981 -0.8277
vn -0.5212 -0.0200 -0.8532
vn -0.5116 -0.0356 -0.8585
vn 0.5270 0.1293 -0.8400
vn 0.5526 0.0981 -0.8277
vn 0.5522 0.1059 -0.8269
vn 0.5212 -0.0200 -0.8532
vn 0.5116 -0.0356 -0.8585
vn -0.3771 -0.0978 -0.9210
vn -0.4414 -0.0982 -0.8919
vn -0.4413 -0.0986 -0.8919
vn -0.3773 -0.0975 -0.9210
vn 0.4564 -0.5491 -0.7001
vn 0.1026 -0.5013 -0.8592
vn 0.4475 -0.5480 -0.7067
vn 0.1185 -0.5097 -0.8522
vn 0.6975 -0.4629 -0.5471
vn 0.6746 -0.4864 -0.5553
vn 0.7159 -0.4416 -0.5408
vn 0.7159 -0.4417 -0.5407
vn -0.4172 -0.2084 -0.8846
vn -0.4173 -0.2084 -0.8845
vn -0.4870 -0.6440 -0.5900
vn -0.4889 -0.6545 -0.5767
vn -0.4565 -0.8895 0.0193
vn -0.4569 -0.8893 0.0195
vn -0.4335 -0.8851 0.1691
vn -0.4335 -0.8852 0.1688
vn -0.0630 -0.9903 -0.1236
vn -0.0865 -0.9895 -0.1157
vn 0.1106 -0.9861 -0.1240
vn 0.1262 -0.9843 -0.1238
vn 0.2122 -0.8744 -0.4363
vn 0.1813 -0.8768 -0.4454
vn -0.0000 -0.8834 -0.4687
vn 0.0315 -0.8746 -0.4839
vn 0.5523 -0.7202 -0.4200
vn 0.5436 -0.7270 -0.4195
vn -0.1813 -0.8768 -0.4454
vn -0.2122 -0.8744 -0.4363
vn -0.0000 -0.8834 -0.4686
vn -0.0315 -0.8746 -0.4839
vn -0.5523 -0.7201 -0.4200
vn -0.5436 -0.7270 -0.4195
vn 0.9588 0.0197 0.2832
vn 0.9584 0.0354 0.2833
vn -0.5666 -0.7902 0.2333
vn -0.5755 -0.7837 0.2338
vn -0.2992 -0.9465 0.1210
vn -0.8842 -0.2423 0.3994
vn -0.8791 -0.2642 0.3967
vn -0.5013 -0.1294 -0.8555
vn -0.5046 -0.1304 -0.8535
vn -0.8973 0.2231 0.3809
vn -0.8643 -0.2495 0.4367
vn -0.8940 0.2380 0.3797
vn -0.8431 -0.3133 0.4370
vn 0.5013 -0.1294 -0.8555
vn 0.5046 -0.1304 -0.8534
vn 0.4254 -0.7335 -0.5300
vn 0.4093 -0.7485 -0.5218
vn -0.4490 -0.1298 -0.8840
vn -0.4485 -0.1375 -0.8831
vn -0.4479 -0.2162 -0.8675
vn -0.4502 -0.2252 -0.8641
vn 0.6315 -0.7525 0.1871
vn 0.6193 -0.7629 0.1856
vn 0.3542 -0.9301 0.0976
vn 0.9227 -0.2016 0.3285
vn 0.9198 -0.2165 0.3272
vn 0.4106 0.4529 -0.7914
vn -0.4952 0.4269 -0.7567
vn -0.4952 0.4269 -0.7566
vn 0.1184 -0.8380 -0.5327
vn 0.1188 -0.8379 -0.5328
vn -0.1185 -0.8380 -0.5327
vn -0.1187 -0.8378 -0.5328
vn -0.5048 -0.1699 -0.8463
vn -0.5048 -0.1700 -0.8464
vn -0.4719 -0.2246 -0.8525
vn -0.4719 -0.2244 -0.8526
vn -0.3061 -0.4517 -0.8380
vn -0.2926 -0.4631 -0.8366
vn 0.5048 -0.1700 -0.8463
vn 0.5048 -0.1700 -0.8464
vn 0.4719 -0.2245 -0.8526
vn 0.4719 -0.2244 -0.8526
vn 0.3061 -0.4517 -0.8380
vn 0.2926 -0.4631 -0.8366
vn -0.4328 -0.3506 -0.8305
vn -0.4342 -0.3598 -0.8259
vn -0.6476 0.1444 -0.7482
vn -0.4659 0.0436 -0.8837
vn -0.4872 0.0590 -0.8713
vn -0.3160 -0.0267 -0.9484
vn 0.6476 0.1444 -0.7482
vn 0.4874 0.0590 -0.8712
vn 0.4659 0.0436 -0.8838
vn 0.3160 -0.0267 -0.9484
vn -0.4407 -0.3746 -0.8157
vn -0.4343 -0.3758 -0.8186
vn -0.2989 -0.0579 -0.9525
vn -0.2521 -0.1525 -0.9556
vn -0.2443 -0.1602 -0.9564
vn -0.1105 -0.3344 -0.9359
vn -0.1102 -0.3415 -0.9334
vn 0.2989 -0.0579 -0.9525
vn 0.2524 -0.1448 -0.9567
vn 0.2444 -0.1605 -0.9563
vn 0.1106 -0.3346 -0.9359
vn -0.3156 -0.6855 -0.6562
vn -0.3699 -0.5724 -0.7318
vn 0.2833 0.3263 0.9018
vn 0.2669 0.3253 0.9072
vn 0.4500 0.3203 0.8336
vn -0.2129 0.3106 0.9264
vn -0.2278 0.3095 0.9232
vn -0.4004 0.2945 0.8677
vn 0.0156 -0.9710 0.2387
vn 0.0158 -0.9710 0.2386
vn 0.0472 -0.9700 0.2383
vn 0.0471 -0.9700 0.2384
vn -0.0553 -0.9776 -0.2030
vn 0.1887 -0.9018 0.3888
vn 0.2122 -0.8705 0.4440
vn -0.0551 -0.9776 -0.2033
vn 0.0866 -0.9738 -0.2101
vn -0.1176 -0.9074 0.4034
vn 0.0864 -0.9738 -0.2103
vn -0.1335 -0.8781 0.4594
vn -0.0395 -0.7122 0.7009
vn -0.0398 -0.7165 0.6964
vn 0.1022 -0.7132 0.6935
vn 0.1022 -0.7090 0.6978
vn 0.7869 -0.6146 0.0546
vn 0.9538 -0.2999 0.0195
vn 0.9560 -0.2926 0.0197
vn 0.7801 -0.6233 0.0545
vn 0.5920 -0.7987 0.1078
vn 0.5919 -0.7987 0.1078
vn 0.5655 -0.8243 -0.0269
vn 0.5834 -0.8118 -0.0268
vn -0.9369 -0.3398 0.0820
vn -0.7478 -0.6549 0.1093
vn -0.9394 -0.3327 0.0823
vn -0.5415 -0.8266 0.1533
vn -0.5416 -0.8265 0.1537
vn 0.9712 -0.2372 0.0205
vn 0.9694 -0.2446 0.0203
vn -0.5213 -0.8533 0.0121
vn -0.5453 -0.8380 0.0203
vn 0.6165 0.2507 0.7464
vn 0.6128 0.2492 0.7499
vn 0.7625 -0.0637 0.6438
vn 0.7787 -0.0949 0.6202
vn 0.8851 -0.3050 0.3515
vn 0.8892 -0.3037 0.3422
vn 0.8743 -0.2658 0.4061
vn 0.8623 -0.2512 0.4397
vn 0.7716 -0.1737 0.6119
vn -0.9542 -0.2851 0.0908
vn -0.8645 -0.4963 0.0797
vn -0.9542 -0.2851 0.0907
vn -0.8645 -0.4962 0.0797
vn -0.2364 0.9090 0.3434
vn 0.0555 0.9483 0.3124
vn -0.3935 0.8532 0.3422
vn 0.2207 0.9185 0.3280
vn 0.3786 0.8715 0.3116
vn -0.0789 0.9438 0.3209
vn 0.5834 0.6606 -0.4724
vn 0.5282 0.7312 -0.4316
vn 0.7950 -0.6064 0.0154
vn 0.8894 -0.4567 0.0174
vn 0.8895 -0.4567 0.0174
vn -0.6475 0.6374 -0.4178
vn -0.5972 0.7045 -0.3834
vn 0.9113 0.2708 0.3101
vn 0.9115 0.2788 0.3024
vn -0.7613 -0.6446 0.0698
vn -0.7581 -0.6484 0.0702
vn -0.5677 0.2258 0.7916
vn -0.5640 0.2246 0.7947
vn -0.8746 0.3341 0.3513
vn -0.9351 -0.0284 0.3533
vn -0.9354 -0.0048 0.3537
vn 0.4402 0.7227 -0.5328
vn 0.4426 0.7575 -0.4799
vn 0.4346 0.6175 -0.6556
vn -0.5186 0.6982 -0.4935
vn -0.5188 0.7293 -0.4461
vn -0.5099 0.5967 -0.6197
vn 0.8834 0.3748 0.2812
vn 0.8808 0.3816 0.2805
vn 0.1180 0.9230 0.3664
vn 0.0237 0.9355 0.3525
vn -0.2529 0.9207 0.2971
vn -0.1340 0.9173 0.3751
vn -0.0394 0.9324 0.3592
vn 0.2361 0.9329 0.2721
vt 0.009090 0.968642
vt 0.009090 0.974550
vt 0.020707 0.968642
vt 0.020707 0.974550
vt 0.009090 0.978615
vt 0.020707 0.968519
vt 0.009090 0.968519
vt 0.009090 0.962733
vt 0.020707 0.962733
vt 0.070822 0.978246
vt 0.047697 0.978246
vt 0.047697 0.988086
vt 0.070822 0.969496
vt 0.047697 0.969496
vt 0.042941 0.976082
vt 0.007152 0.981822
vt 0.042941 0.981822
vt 0.007152 0.976082
vt 0.042941 0.989152
vt 0.006001 0.941364
vt 0.006001 0.928138
vt 0.021150 0.928138
vt 0.021150 0.941364
vt 0.062987 0.944865
vt 0.042941 0.932163
vt 0.062987 0.932163
vt 0.042941 0.944865
vt 0.006001 0.922803
vt 0.021150 0.922803
vt 0.035611 0.968642
vt 0.035611 0.974550
vt 0.020707 0.978615
vt 0.035611 0.968519
vt 0.059884 0.982555
vt 0.051300 0.988963
vt 0.059884 0.988963
vt 0.051300 0.982555
vt 0.035835 0.928138
vt 0.035835 0.941364
vt 0.035611 0.920695
vt 0.050004 0.932060
vt 0.035611 0.932060
vt 0.050004 0.920695
vt 0.006001 0.959756
vt 0.021150 0.959756
vt 0.050004 0.948366
vt 0.035611 0.948366
vt 0.062987 0.918549
vt 0.042941 0.923591
vt 0.062987 0.923591
vt 0.042941 0.918549
vt 0.062987 0.956124
vt 0.042941 0.956124
vt 0.042941 0.970342
vt 0.062987 0.970342
vt 0.035835 0.959756
vt 0.020707 0.920695
vt 0.035611 0.913715
vt 0.020707 0.913715
vt 0.020707 0.932060
vt 0.020707 0.948366
vt 0.035611 0.962733
vt 0.035835 0.922803
vt 0.021150 0.917468
vt 0.035835 0.917468
vt 0.060177 0.862477
vt 0.040964 0.862477
vt 0.040964 0.851024
vt 0.060177 0.851024
vt 0.040964 0.875469
vt 0.060177 0.875469
vt 0.060177 0.889571
vt 0.040964 0.889571
vt 0.060177 0.901572
vt 0.040964 0.901572
vt 0.035611 0.854518
vt 0.020707 0.843449
vt 0.020707 0.854518
vt 0.035611 0.843449
vt 0.060177 0.922674
vt 0.040964 0.912780
vt 0.060177 0.912780
vt 0.040964 0.922674
vt 0.040964 0.929161
vt 0.060177 0.929161
vt 0.020707 0.832442
vt 0.035611 0.832442
vt 0.035835 0.969496
vt 0.021150 0.969496
vt 0.059884 0.828368
vt 0.051300 0.839340
vt 0.051300 0.828368
vt 0.059884 0.839340
vt 0.059884 0.850731
vt 0.051300 0.850731
vt 0.051300 0.861673
vt 0.059884 0.861673
vt 0.009090 0.948366
vt 0.035611 0.871263
vt 0.020707 0.871263
vt 0.020707 0.887416
vt 0.035611 0.887416
vt 0.062987 0.834653
vt 0.042941 0.827379
vt 0.062987 0.827379
vt 0.042941 0.834653
vt 0.042941 0.844518
vt 0.062987 0.844518
vt 0.062987 0.857404
vt 0.042941 0.857404
vt 0.054428 0.880423
vt 0.061101 0.859824
vt 0.054428 0.859824
vt 0.061101 0.880423
vt 0.061101 0.901022
vt 0.054428 0.901022
vt 0.064437 0.901022
vt 0.064437 0.880423
vt 0.064437 0.931920
vt 0.061101 0.931920
vt 0.061101 0.838844
vt 0.054428 0.832073
vt 0.054428 0.838844
vt 0.054428 0.931920
vt 0.061101 0.832073
vt 0.064437 0.859824
vt 0.021150 0.902458
vt 0.035835 0.902458
vt 0.062009 0.839772
vt 0.082679 0.832217
vt 0.062009 0.832217
vt 0.082679 0.839772
vt 0.047755 0.880423
vt 0.047755 0.859824
vt 0.064437 0.832359
vt 0.060383 0.846622
vt 0.040934 0.839152
vt 0.040934 0.846622
vt 0.060383 0.839152
vt 0.047755 0.832073
vt 0.047755 0.838844
vt 0.041082 0.832073
vt 0.041082 0.838844
vt 0.041082 0.859824
vt 0.020707 0.906734
vt 0.035611 0.906734
vt 0.067773 0.838844
vt 0.066105 0.828067
vt 0.062769 0.828067
vt 0.064437 0.952519
vt 0.061101 0.952519
vt 0.067773 0.832073
vt 0.080520 0.875469
vt 0.080520 0.889571
vt 0.080520 0.901572
vt 0.054428 0.952519
vt 0.067773 0.859824
vt 0.027211 0.843270
vt 0.008356 0.852153
vt 0.008356 0.843270
vt 0.027211 0.852153
vt 0.039882 0.849971
vt 0.059125 0.862745
vt 0.059125 0.849971
vt 0.039882 0.862745
vt 0.039882 0.842557
vt 0.059125 0.842557
vt 0.039882 0.837216
vt 0.059125 0.837216
vt 0.067773 0.901022
vt 0.067773 0.880423
vt 0.043663 0.848693
vt 0.043663 0.856588
vt 0.064103 0.856588
vt 0.064103 0.848693
vt 0.082679 0.965866
vt 0.062009 0.972126
vt 0.082679 0.972126
vt 0.062009 0.965866
vt 0.082679 0.977726
vt 0.062009 0.977726
vt 0.082679 0.983399
vt 0.041082 0.880423
vt 0.040934 0.874408
vt 0.060383 0.866197
vt 0.040934 0.866197
vt 0.060383 0.874408
vt 0.060383 0.852211
vt 0.040934 0.852211
vt 0.067773 0.931920
vt 0.006001 0.902458
vt 0.006001 0.917468
vt 0.062009 0.848088
vt 0.082679 0.848088
vt 0.080520 0.912780
vt 0.080520 0.922674
vt 0.027211 0.840337
vt 0.008356 0.840337
vt 0.047755 0.901022
vt 0.008356 0.864317
vt 0.027211 0.864317
vt 0.074446 0.838844
vt 0.074446 0.859824
vt 0.082679 0.826687
vt 0.062009 0.826687
vt 0.081073 0.839416
vt 0.074446 0.832073
vt 0.081102 0.832287
vt 0.035835 0.978246
vt 0.035835 0.988086
vt 0.080520 0.838294
vt 0.080520 0.851024
vt 0.060177 0.838294
vt 0.080520 0.862477
vt 0.043663 0.867975
vt 0.064103 0.867975
vt 0.021150 0.836603
vt 0.035835 0.845552
vt 0.021150 0.845552
vt 0.035835 0.836603
vt 0.021150 0.862765
vt 0.035835 0.862765
vt 0.035835 0.880553
vt 0.021150 0.880553
vt 0.006001 0.845552
vt 0.006001 0.862765
vt 0.034410 0.859824
vt 0.034410 0.838844
vt 0.034410 0.832073
vt 0.047697 0.959756
vt 0.070822 0.959756
vt 0.035835 0.891505
vt 0.021150 0.891505
vt 0.067773 0.952519
vt 0.031073 0.832359
vt 0.032742 0.828067
vt 0.059125 0.870741
vt 0.039882 0.870741
vt 0.039882 0.878735
vt 0.059125 0.878735
vt 0.062009 0.857906
vt 0.082679 0.857906
vt 0.008356 0.871764
vt 0.027211 0.871764
vt 0.027211 0.897314
vt 0.008356 0.897314
vt 0.061101 0.973117
vt 0.054428 0.973117
vt 0.006001 0.880553
vt 0.006001 0.891505
vt 0.062009 0.871057
vt 0.082679 0.871057
vt 0.008356 0.904794
vt 0.027211 0.904794
vt 0.027211 0.915182
vt 0.074446 0.880423
vt 0.050004 0.913715
vt 0.064437 0.973117
vt 0.027737 0.832073
vt 0.027737 0.838844
vt 0.029405 0.828067
vt 0.062009 0.885268
vt 0.082679 0.885268
vt 0.074446 0.901022
vt 0.024400 0.832359
vt 0.026069 0.828067
vt 0.040934 0.882620
vt 0.060383 0.882620
vt 0.047755 0.931920
vt 0.034410 0.880423
vt 0.031073 0.859824
vt 0.041082 0.901022
vt 0.027211 0.832182
vt 0.008356 0.832182
vt 0.043663 0.841953
vt 0.064103 0.841953
vt 0.027737 0.859824
vt 0.062009 0.897528
vt 0.082679 0.897528
vt 0.082679 0.906921
vt 0.062009 0.906921
vt 0.021064 0.832073
vt 0.021064 0.838844
vt 0.006001 0.817947
vt 0.021150 0.827107
vt 0.006001 0.827107
vt 0.021150 0.817947
vt 0.006001 0.836603
vt 0.061124 0.843270
vt 0.061124 0.852153
vt 0.081355 0.852153
vt 0.081355 0.843270
vt 0.017727 0.832359
vt 0.019396 0.828067
vt 0.014391 0.832073
vt 0.014391 0.838844
vt 0.022732 0.828067
vt 0.016059 0.828067
vt 0.051300 0.877283
vt 0.059884 0.877283
vt 0.011055 0.832359
vt 0.007736 0.832287
vt 0.007765 0.839416
vt 0.040934 0.830645
vt 0.060383 0.830645
vt 0.024400 0.859824
vt 0.012723 0.828067
vt 0.009387 0.828067
vt 0.081119 0.880423
vt 0.081119 0.859824
vt 0.082679 0.919691
vt 0.062009 0.919691
vt 0.043663 0.893970
vt 0.064103 0.881315
vt 0.064103 0.893970
vt 0.043663 0.881315
vt 0.061101 0.983417
vt 0.054428 0.983417
vt 0.051300 0.896663
vt 0.059884 0.896663
vt 0.020707 0.819510
vt 0.035611 0.819510
vt 0.051300 0.917353
vt 0.059884 0.917353
vt 0.059884 0.937542
vt 0.051300 0.937542
vt 0.051300 0.962414
vt 0.059884 0.962414
vt 0.059884 0.974067
vt 0.051300 0.974067
vt 0.074446 0.931920
vt 0.074446 0.952519
vt 0.021064 0.859824
vt 0.031073 0.880423
vt 0.027737 0.880423
vt 0.017727 0.859824
vt 0.080520 0.929161
vt 0.039882 0.888963
vt 0.059125 0.883850
vt 0.039882 0.883850
vt 0.059125 0.888963
vt 0.081119 0.901022
vt 0.085074 0.856588
vt 0.085074 0.848693
vt 0.085074 0.841953
vt 0.014391 0.859824
vt 0.059884 0.820478
vt 0.051300 0.820478
vt 0.082679 0.822304
vt 0.062009 0.822304
vt 0.085074 0.893970
vt 0.085074 0.881315
vt 0.064437 0.983417
vt 0.007718 0.859824
vt 0.007718 0.880423
vt 0.011055 0.859824
vt 0.085074 0.914907
vt 0.064103 0.902751
vt 0.085074 0.902751
vt 0.062987 0.874418
vt 0.042941 0.874418
vt 0.042941 0.880130
vt 0.062987 0.880130
vt 0.067773 0.973117
vt 0.047755 0.952519
vt 0.047755 0.973117
vt 0.047755 0.983417
vt 0.024400 0.880423
vt 0.031073 0.901022
vt 0.034410 0.901022
vt 0.035835 0.817947
vt 0.035835 0.827107
vt 0.043663 0.822822
vt 0.064103 0.822822
vt 0.041082 0.931920
vt 0.081355 0.915182
vt 0.081355 0.904794
vt 0.061124 0.904794
vt 0.081355 0.897314
vt 0.061124 0.897314
vt 0.061124 0.871764
vt 0.081355 0.871764
vt 0.081355 0.864317
vt 0.061124 0.864317
vt 0.085074 0.867975
vt 0.077504 0.908655
vt 0.077504 0.896813
vt 0.059125 0.896813
vt 0.077504 0.888963
vt 0.050004 0.962733
vt 0.081119 0.931920
vt 0.081119 0.952519
vt 0.021064 0.880423
vt 0.042941 0.885841
vt 0.062987 0.885841
vt 0.077504 0.883850
vt 0.078856 0.889349
vt 0.078856 0.882620
vt 0.060383 0.889349
vt 0.027737 0.901022
vt 0.017727 0.880423
vt 0.034410 0.931920
vt 0.040934 0.889349
vt 0.011055 0.880423
vt 0.014391 0.880423
vt 0.031073 0.931920
vt 0.031073 0.952519
vt 0.034410 0.952519
vt 0.024400 0.901022
vt 0.082679 0.928156
vt 0.062009 0.928156
vt 0.082679 0.936623
vt 0.062009 0.936623
vt 0.062009 0.945215
vt 0.082679 0.945215
vt 0.007718 0.901022
vt 0.011055 0.901022
vt 0.041082 0.952519
vt 0.043007 0.828368
vt 0.043007 0.839340
vt 0.043007 0.850731
vt 0.043007 0.861673
vt 0.078856 0.874408
vt 0.007718 0.931920
vt 0.078856 0.908561
vt 0.078856 0.897429
vt 0.060383 0.897429
vt 0.031073 0.973117
vt 0.034410 0.973117
vt 0.031073 0.983417
vt 0.034410 0.983417
vt 0.074446 0.973117
vt 0.081119 0.973117
vt 0.078856 0.839152
vt 0.078856 0.830645
vt 0.067773 0.983417
vt 0.041082 0.973117
vt 0.009090 0.906734
vt 0.009090 0.887416
vt 0.009090 0.854518
vt 0.009090 0.871263
vt 0.021064 0.901022
vt 0.027737 0.931920
vt 0.027737 0.952519
vt 0.062987 0.913508
vt 0.042941 0.913508
vt 0.041082 0.983417
vt 0.027737 0.973117
vt 0.007718 0.952519
vt 0.039882 0.834347
vt 0.059125 0.834347
vt 0.078856 0.866197
vt 0.027737 0.983417
vt 0.041487 0.822304
vt 0.041487 0.826687
vt 0.017727 0.901022
vt 0.078856 0.852211
vt 0.078856 0.846622
vt 0.050004 0.819510
vt 0.050004 0.832442
vt 0.050004 0.843449
vt 0.050004 0.854518
vt 0.082751 0.959756
vt 0.082751 0.969496
vt 0.006001 0.969496
vt 0.077504 0.837216
vt 0.077504 0.842557
vt 0.042941 0.898620
vt 0.062987 0.898620
vt 0.050004 0.871263
vt 0.050004 0.887416
vt 0.009090 0.843449
vt 0.024400 0.931920
vt 0.014391 0.901022
vt 0.009090 0.913715
vt 0.080520 0.826766
vt 0.060177 0.826766
vt 0.011055 0.931920
vt 0.084455 0.973117
vt 0.081119 0.983417
vt 0.007718 0.973117
vt 0.061124 0.840337
vt 0.081355 0.840337
vt 0.081355 0.832182
vt 0.061124 0.832182
vt 0.084004 0.834653
vt 0.084004 0.827379
vt 0.084004 0.844518
vt 0.077504 0.878735
vt 0.024400 0.952519
vt 0.011055 0.952519
vt 0.014391 0.931920
vt 0.059125 0.908655
vt 0.039882 0.896813
vt 0.021064 0.931920
vt 0.050004 0.906734
vt 0.027211 0.826911
vt 0.008356 0.826911
vt 0.077504 0.862745
vt 0.077504 0.870741
vt 0.024400 0.973117
vt 0.024400 0.983417
vt 0.040964 0.826766
vt 0.040964 0.838294
vt 0.077504 0.849971
vt 0.080520 0.818903
vt 0.060177 0.818903
vt 0.041487 0.839772
vt 0.041487 0.848088
vt 0.017727 0.931920
vt 0.041487 0.832217
vt 0.064103 0.914907
vt 0.043663 0.902751
vt 0.043007 0.917353
vt 0.043007 0.896663
vt 0.043007 0.937542
vt 0.043007 0.962414
vt 0.082751 0.941364
vt 0.070822 0.928138
vt 0.082751 0.928138
vt 0.070822 0.941364
vt 0.074446 0.983417
vt 0.009090 0.819510
vt 0.009090 0.832442
vt 0.014391 0.952519
vt 0.011055 0.973117
vt 0.043007 0.974067
vt 0.021064 0.952519
vt 0.021064 0.973117
vt 0.021064 0.983417
vt 0.043007 0.877283
vt 0.039882 0.830331
vt 0.059125 0.830331
vt 0.017727 0.952519
vt 0.070822 0.922803
vt 0.082751 0.922803
vt 0.082751 0.917468
vt 0.070822 0.917468
vt 0.014391 0.973117
vt 0.017727 0.973117
vt 0.043007 0.820478
vt 0.060383 0.908561
vt 0.040934 0.897429
vt 0.017727 0.983417
vt 0.047697 0.902458
vt 0.047697 0.891505
vt 0.041487 0.857906
vt 0.014391 0.983417
vt 0.085074 0.822822
vt 0.047697 0.880553
vt 0.047697 0.917468
vt 0.084004 0.932163
vt 0.084004 0.923591
vt 0.084004 0.944865
vt 0.062987 0.816131
vt 0.042941 0.816131
vt 0.041487 0.871057
vt 0.061523 0.920695
vt 0.061523 0.913715
vt 0.061523 0.932060
vt 0.081355 0.826911
vt 0.061124 0.826911
vt 0.043007 0.982555
vt 0.043007 0.988963
vt 0.009090 0.920695
vt 0.009090 0.932060
vt 0.082751 0.862765
vt 0.070822 0.845552
vt 0.082751 0.845552
vt 0.070822 0.862765
vt 0.070822 0.880553
vt 0.082751 0.880553
vt 0.041487 0.885268
vt 0.040934 0.826467
vt 0.060383 0.826467
vt 0.078856 0.826467
vt 0.047697 0.862765
vt 0.047697 0.845552
vt 0.070822 0.891505
vt 0.082751 0.891505
vt 0.070822 0.836603
vt 0.082751 0.836603
vt 0.070822 0.902458
vt 0.082751 0.902458
vt 0.047697 0.941364
vt 0.084004 0.816131
vt 0.047697 0.836603
vt 0.077504 0.834347
vt 0.077504 0.830331
vt 0.084004 0.857404
vt 0.084004 0.874418
vt 0.047697 0.827107
vt 0.084004 0.956124
vt 0.084004 0.970342
vt 0.041487 0.897528
vt 0.041487 0.906921
vt 0.041487 0.919691
vt 0.061523 0.906734
vt 0.084004 0.918549
vt 0.050004 0.974550
vt 0.050004 0.968519
vt 0.035611 0.978615
vt 0.082751 0.978246
vt 0.070822 0.988086
vt 0.070822 0.827107
vt 0.082751 0.827107
vt 0.041487 0.928156
vt 0.084004 0.880130
vt 0.084004 0.885841
vt 0.084004 0.913508
vt 0.050004 0.968642
vt 0.047697 0.817947
vt 0.006408 0.936623
vt 0.006408 0.928156
vt 0.041487 0.936623
vt 0.041487 0.945215
vt 0.006408 0.945215
vt 0.006408 0.953380
vt 0.041487 0.953380
vt 0.041487 0.965866
vt 0.006408 0.965866
vt 0.062009 0.953380
vt 0.082679 0.953380
vt 0.007152 0.956124
vt 0.007152 0.970342
vt 0.021150 0.978246
vt 0.021150 0.988086
vt 0.047697 0.928138
vt 0.047696 0.922803
vt 0.047697 0.922803
vt 0.070822 0.817947
vt 0.082751 0.817947
vt 0.061523 0.948366
vt 0.061523 0.962733
vt 0.084004 0.898620
vt 0.061523 0.887416
vt 0.061523 0.854518
vt 0.061523 0.871263
vt 0.041487 0.972126
vt 0.041487 0.977726
vt 0.062009 0.983399
vt 0.040964 0.818903
vt 0.061523 0.843449
vt 0.007152 0.885841
vt 0.007152 0.898620
vt 0.007152 0.913508
vt 0.084555 0.962733
vt 0.061523 0.968642
vt 0.084555 0.968642
vt 0.061523 0.974550
vt 0.084555 0.974550
vt 0.061523 0.978615
vt 0.006376 0.973647
vt 0.007152 0.918549
vt 0.006462 0.826766
vt 0.006462 0.818903
vt 0.007152 0.827379
vt 0.007152 0.816131
vt 0.061523 0.832442
vt 0.008130 0.830645
vt 0.008130 0.826467
vt 0.006408 0.972126
vt 0.006408 0.977726
vt 0.041487 0.983399
vt 0.007152 0.880130
vt 0.007152 0.874418
vt 0.062987 0.976082
vt 0.006408 0.919691
vt 0.007152 0.857404
vt 0.007152 0.844518
vt 0.006408 0.897528
vt 0.006408 0.906921
vt 0.084555 0.887416
vt 0.084555 0.906734
vt 0.084555 0.913715
vt 0.084555 0.920695
vt 0.084555 0.932060
vt 0.007152 0.834653
vt 0.006462 0.838294
vt 0.061523 0.819510
vt 0.084555 0.843449
vt 0.084555 0.854518
vt 0.084555 0.871263
vt 0.006408 0.857906
vt 0.006408 0.871057
vt 0.006408 0.885268
vt 0.028289 0.962414
vt 0.028289 0.974067
vt 0.084004 0.976082
vt 0.028289 0.896663
vt 0.028289 0.917353
vt 0.028289 0.937542
vt 0.028289 0.877283
vt 0.028289 0.861673
vt 0.028289 0.982555
vt 0.028289 0.988963
vt 0.028289 0.820478
vt 0.028289 0.828368
vt 0.006408 0.848088
vt 0.040934 0.908561
vt 0.008130 0.897429
vt 0.008130 0.889349
vt 0.008130 0.882620
vt 0.008207 0.822822
vt 0.008207 0.841953
vt 0.007179 0.862745
vt 0.007179 0.870741
vt 0.007152 0.923591
vt 0.007152 0.932163
vt 0.039882 0.908655
vt 0.007179 0.896813
vt 0.007179 0.888963
vt 0.007179 0.849971
vt 0.043663 0.914907
vt 0.008207 0.902751
vt 0.008207 0.893970
vt 0.007179 0.883850
vt 0.007179 0.878735
vt 0.007179 0.842557
vt 0.007179 0.837216
vt 0.007179 0.834347
vt 0.007179 0.830331
vt 0.006462 0.851024
vt 0.006408 0.832217
vt 0.006408 0.826687
vt 0.006408 0.839772
vt 0.008207 0.881315
vt 0.008130 0.874408
vt 0.008130 0.866197
vt 0.007152 0.944865
vt 0.006408 0.822304
vt 0.008207 0.867975
vt 0.008207 0.856588
vt 0.008207 0.848693
vt 0.008130 0.852211
vt 0.061124 0.915182
vt 0.008130 0.846622
vt 0.008130 0.839152
vt 0.084004 0.981822
vt 0.062987 0.981822
vt 0.084004 0.989152
vt 0.028289 0.839340
vt 0.084555 0.832442
vt 0.084555 0.819510
vt 0.028289 0.850731
vt 0.006462 0.922674
vt 0.006462 0.912780
vt 0.006462 0.929161
vt 0.006462 0.862477
vt 0.006462 0.901572
vt 0.084555 0.948366
vt 0.084555 0.968519
vt 0.061523 0.968519
vt 0.006462 0.889571
vt 0.006001 0.988086
vt 0.006001 0.978246
vt 0.006462 0.875469
vt 0.050004 0.978615
vt 0.062987 0.989152
s 1
usemtl Handle23Mtl.002
f 1/1/1 2/2/2 3/3/3
f 4/4/4 3/3/3 2/2/2
f 4/4/4 2/2/2 5/5/5
f 6/6/6 7/4/7 8/2/8
f 6/6/6 8/2/8 9/7/9
f 7/4/7 10/5/10 8/2/8
f 11/8/11 1/1/1 12/9/12
f 3/3/3 12/9/12 1/1/1
f 13/9/13 6/6/6 9/7/9
f 13/9/13 9/7/9 14/8/14
f 15/10/15 16/11/16 17/12/17
f 15/10/15 18/13/18 16/11/16
f 18/13/18 19/14/19 16/11/16
f 20/15/20 21/16/21 22/17/22
f 21/16/21 20/15/20 23/18/23
f 21/16/21 24/19/24 22/17/22
f 25/15/25 26/16/26 27/18/27
f 26/16/26 25/15/25 28/17/28
f 26/16/26 28/17/28 29/19/29
f 30/20/30 31/21/31 32/22/32
f 32/22/32 33/23/33 30/20/30
f 34/20/34 35/22/35 36/21/36
f 35/22/35 34/20/34 37/23/37
f 38/24/38 39/25/39 40/26/40
f 39/25/39 38/24/38 41/27/41
f 42/28/42 43/29/43 31/21/31
f 43/29/43 32/22/32 31/21/31
f 44/3/44 45/4/45 46/30/46
f 46/30/46 45/4/45 47/31/47
f 47/31/47 45/4/45 48/32/48
f 49/33/49 50/31/50 51/4/51
f 49/33/49 51/4/51 52/6/52
f 50/31/50 53/32/53 51/4/51
f 36/21/36 54/29/54 55/28/55
f 54/29/54 36/21/36 35/22/35
f 56/34/56 57/35/57 58/36/58
f 57/35/57 56/34/56 59/37/59
f 60/34/60 61/35/61 62/37/62
f 61/35/61 60/34/60 63/36/63
f 64/38/64 65/39/65 66/23/66
f 64/38/64 66/23/66 67/22/67
f 68/39/68 69/38/69 70/23/70
f 69/38/69 71/22/71 70/23/70
f 72/40/72 73/41/73 74/42/74
f 73/41/73 72/40/72 75/43/75
f 76/41/76 77/40/77 78/42/78
f 77/40/77 76/41/76 79/43/79
f 80/44/80 30/20/30 33/23/33
f 80/44/80 33/23/33 81/45/81
f 82/46/82 74/42/74 73/41/73
f 74/42/74 82/46/82 83/47/83
f 84/46/84 78/42/78 85/47/85
f 78/42/78 84/46/84 76/41/76
f 86/48/86 87/49/87 88/50/88
f 87/49/87 86/48/86 89/51/86
f 90/26/89 88/50/88 87/49/87
f 90/26/89 87/49/87 91/25/90
f 92/27/91 90/26/89 91/25/90
f 90/26/89 92/27/91 93/24/92
f 94/52/93 93/24/92 92/27/91
f 94/52/93 92/27/91 95/53/94
f 96/54/95 94/52/93 95/53/94
f 94/52/93 96/54/95 97/55/96
f 98/44/97 37/23/37 34/20/34
f 37/23/37 98/44/97 99/45/98
f 100/45/99 65/39/65 101/56/100
f 65/39/65 100/45/99 66/23/66
f 102/57/101 103/58/102 104/59/103
f 103/58/102 102/57/101 105/40/104
f 102/57/101 106/42/105 105/40/104
f 106/42/105 102/57/101 107/60/106
f 107/60/106 108/61/107 106/42/105
f 106/42/105 108/61/107 109/47/108
f 108/61/107 110/62/109 109/47/108
f 110/62/109 108/61/107 111/9/110
f 110/62/109 111/9/110 44/3/44
f 44/3/44 46/30/46 110/62/109
f 112/59/111 113/58/112 114/57/113
f 113/58/112 115/40/114 114/57/113
f 116/42/115 114/57/113 115/40/114
f 114/57/113 116/42/115 117/60/116
f 118/61/117 117/60/116 116/42/115
f 116/42/115 119/47/118 118/61/117
f 120/62/119 118/61/117 119/47/118
f 118/61/117 120/62/119 121/9/120
f 120/62/119 52/6/52 121/9/120
f 52/6/52 120/62/119 49/33/49
f 67/22/67 122/63/121 64/38/64
f 122/63/121 67/22/67 123/29/122
f 124/64/123 122/63/121 123/29/122
f 122/63/121 124/64/123 125/65/124
f 71/22/71 69/38/69 126/63/125
f 126/63/125 127/29/126 71/22/71
f 126/63/125 128/64/127 127/29/126
f 128/64/127 126/63/125 129/65/128
f 130/49/129 131/48/130 132/50/131
f 131/48/130 130/49/129 133/51/132
f 40/26/40 130/49/129 132/50/131
f 130/49/129 40/26/40 39/25/39
f 134/66/133 135/67/134 136/68/135
f 134/66/133 136/68/135 137/69/136
f 134/66/133 138/70/137 135/67/134
f 138/70/137 134/66/133 139/71/138
f 140/72/139 138/70/137 139/71/138
f 138/70/137 140/72/139 141/73/140
f 142/66/141 143/68/142 144/67/143
f 143/68/142 142/66/141 145/69/144
f 146/70/145 142/66/141 144/67/143
f 142/66/141 146/70/145 147/71/146
f 148/72/147 147/71/146 146/70/145
f 148/72/147 146/70/145 149/73/148
f 150/74/149 141/73/140 140/72/139
f 141/73/140 150/74/149 151/75/150
f 152/76/151 153/77/152 154/78/153
f 153/77/152 152/76/151 155/79/154
f 156/80/155 157/81/156 158/82/157
f 157/81/156 156/80/155 159/83/158
f 156/80/155 160/84/159 159/83/158
f 160/84/159 156/80/155 161/85/160
f 162/76/161 163/77/162 164/79/163
f 163/77/162 162/76/161 165/78/164
f 166/74/165 148/72/147 149/73/148
f 166/74/165 149/73/148 167/75/166
f 168/80/167 169/82/168 170/81/169
f 170/81/169 171/83/170 168/80/167
f 172/84/171 168/80/167 171/83/170
f 168/80/167 172/84/171 173/85/172
f 155/79/154 174/86/173 153/77/152
f 174/86/173 155/79/154 175/87/174
f 158/82/157 151/75/150 150/74/149
f 151/75/150 158/82/157 157/81/156
f 164/79/163 176/86/175 177/87/176
f 176/86/175 164/79/163 163/77/162
f 169/82/168 166/74/165 167/75/166
f 169/82/168 167/75/166 170/81/169
f 178/56/177 68/39/68 179/45/178
f 68/39/68 70/23/70 179/45/178
f 179/45/178 180/88/179 178/56/177
f 180/88/179 179/45/178 181/89/180
f 182/52/181 41/27/41 38/24/38
f 41/27/41 182/52/181 183/53/182
f 182/52/181 184/54/183 183/53/182
f 184/54/183 182/52/181 185/55/184
f 186/90/185 187/91/186 188/92/187
f 187/91/186 186/90/185 189/93/188
f 189/93/188 190/94/189 187/91/186
f 187/91/186 190/94/189 191/95/190
f 190/94/189 192/96/191 191/95/190
f 192/96/191 190/94/189 193/97/192
f 194/90/193 195/91/194 196/93/195
f 195/91/194 194/90/193 197/92/196
f 198/94/197 196/93/195 195/91/194
f 195/91/194 199/95/198 198/94/197
f 200/96/199 198/94/197 199/95/198
f 198/94/197 200/96/199 201/97/200
f 202/98/201 11/8/11 203/61/202
f 203/61/202 11/8/11 12/9/12
f 14/8/14 204/98/203 205/61/204
f 14/8/14 205/61/204 13/9/13
f 206/99/205 154/78/153 207/100/206
f 154/78/153 206/99/205 152/76/151
f 208/101/150 206/99/205 207/100/206
f 206/99/205 208/101/150 209/102/207
f 210/103/208 211/104/209 212/105/210
f 211/104/209 210/103/208 213/106/211
f 210/103/208 214/107/212 213/106/211
f 214/107/212 210/103/208 215/108/213
f 216/109/214 214/107/212 215/108/213
f 214/107/212 216/109/214 217/110/215
f 165/78/164 218/99/216 219/100/216
f 218/99/216 165/78/164 162/76/161
f 220/101/217 219/100/216 218/99/216
f 220/101/217 218/99/216 221/102/218
f 222/103/219 223/105/220 224/104/221
f 224/104/221 225/106/222 222/103/219
f 226/107/223 222/103/219 225/106/222
f 222/103/219 226/107/223 227/108/224
f 228/109/225 227/108/224 226/107/223
f 228/109/225 226/107/223 229/110/226
f 230/111/227 231/112/228 232/113/229
f 231/112/228 230/111/227 233/114/230
f 230/111/227 234/115/231 233/114/230
f 230/111/227 235/116/232 234/115/231
f 236/111/233 237/112/234 238/114/235
f 237/112/234 236/111/233 239/113/236
f 240/115/237 236/111/233 238/114/235
f 236/111/233 240/115/237 241/116/238
f 242/117/239 243/114/240 244/115/241
f 243/114/240 242/117/239 245/118/242
f 246/114/243 247/117/244 248/115/245
f 247/117/244 246/114/243 249/118/246
f 250/119/247 244/115/241 251/120/248
f 244/115/241 250/119/247 242/117/239
f 252/119/249 248/115/245 247/117/244
f 248/115/245 252/119/249 253/120/250
f 254/121/251 255/122/252 256/123/253
f 232/113/229 254/121/251 256/123/253
f 254/121/251 232/113/229 231/112/228
f 235/116/232 257/124/254 258/120/255
f 235/116/232 258/120/255 234/115/231
f 241/116/238 259/120/256 260/124/257
f 259/120/256 241/116/238 240/115/237
f 261/121/258 262/123/259 263/125/260
f 261/121/258 239/113/236 262/123/259
f 239/113/236 261/121/258 237/112/234
f 245/118/242 264/112/261 243/114/240
f 264/112/261 245/118/242 265/126/262
f 266/127/263 125/65/124 124/64/123
f 125/65/124 266/127/263 267/128/264
f 268/112/265 249/118/246 246/114/243
f 249/118/246 268/112/265 269/126/266
f 270/129/267 271/130/268 272/131/269
f 271/130/268 270/129/267 273/132/270
f 274/129/271 275/130/272 276/132/273
f 275/130/272 274/129/271 277/131/274
f 278/133/275 279/113/276 280/134/277
f 279/113/276 278/133/275 281/111/278
f 265/126/262 282/121/279 264/112/261
f 282/121/279 265/126/262 283/135/280
f 284/113/281 285/133/282 286/134/283
f 285/133/282 284/113/281 287/111/284
f 288/136/285 289/137/286 290/138/287
f 289/137/286 288/136/285 291/139/288
f 269/126/266 292/121/289 293/135/290
f 292/121/289 269/126/266 268/112/265
f 294/123/291 295/140/292 296/141/293
f 280/134/277 294/123/291 296/141/293
f 294/123/291 280/134/277 279/113/276
f 297/123/294 298/141/295 299/122/296
f 297/123/294 286/134/283 298/141/295
f 286/134/283 297/123/294 284/113/281
f 283/135/280 300/125/297 282/121/279
f 301/141/298 302/142/299 303/143/300
f 304/144/301 301/141/298 303/143/300
f 301/141/298 304/144/301 305/134/302
f 306/141/303 307/143/304 308/140/305
f 306/141/303 309/144/306 307/143/304
f 309/144/306 306/141/303 310/134/307
f 209/102/207 311/145/308 312/146/309
f 311/145/308 209/102/207 208/101/150
f 313/127/310 129/65/128 314/128/311
f 129/65/128 313/127/310 128/64/127
f 283/135/280 315/147/312 316/148/313
f 293/135/290 292/121/289 317/149/314
f 250/119/247 251/120/248 318/150/315
f 318/150/315 251/120/248 319/151/316
f 252/119/249 320/150/317 253/120/250
f 320/150/317 321/151/318 253/120/250
f 293/135/290 322/152/319 323/147/320
f 324/72/321 325/153/322 326/154/323
f 325/153/322 324/72/321 327/71/322
f 328/155/324 324/72/321 326/154/323
f 324/72/321 328/155/324 329/74/325
f 330/156/326 331/151/327 257/124/254
f 257/124/254 331/151/327 258/120/255
f 260/124/257 332/151/328 333/156/329
f 332/151/328 260/124/257 259/120/256
f 334/153/330 335/72/331 336/154/332
f 335/72/331 334/153/330 337/71/333
f 335/72/331 338/155/334 336/154/332
f 338/155/334 335/72/331 339/74/335
f 283/135/280 265/126/262 340/157/336
f 340/157/336 315/147/312 283/135/280
f 221/102/218 341/145/337 220/101/217
f 341/145/337 221/102/218 342/146/338
f 343/158/339 344/159/340 345/160/341
f 344/159/340 343/158/339 346/161/342
f 269/126/266 293/135/290 347/157/343
f 323/147/320 347/157/343 293/135/290
f 348/159/344 349/158/345 350/160/346
f 349/158/345 348/159/344 351/161/347
f 352/162/348 353/163/349 354/164/350
f 353/163/349 352/162/348 355/165/351
f 354/164/350 356/166/352 352/162/348
f 356/166/352 354/164/350 357/167/353
f 356/166/352 357/167/353 358/168/354
f 357/167/353 359/169/355 358/168/354
f 360/170/356 361/171/357 245/118/242
f 360/170/356 245/118/242 242/117/239
f 247/117/244 249/118/246 362/170/358
f 363/171/359 362/170/358 249/118/246
f 265/126/262 245/118/242 361/171/357
f 361/171/357 340/157/336 265/126/262
f 364/172/360 365/173/361 366/174/362
f 366/174/362 367/175/363 364/172/360
f 368/172/364 369/174/365 370/173/361
f 369/174/365 368/172/364 371/175/366
f 249/118/246 269/126/266 363/171/359
f 347/157/343 363/171/359 269/126/266
f 372/176/367 373/177/368 374/178/369
f 373/177/368 372/176/367 375/179/370
f 373/177/368 376/180/371 374/178/369
f 376/180/371 373/177/368 377/181/372
f 377/181/372 378/182/373 376/180/371
f 379/176/374 380/177/375 381/179/376
f 380/177/375 379/176/374 382/178/377
f 380/177/375 382/178/377 383/180/378
f 384/181/379 380/177/375 383/180/378
f 384/181/379 383/180/378 385/182/380
f 386/183/381 305/134/302 304/144/301
f 305/134/302 386/183/381 387/133/382
f 388/184/383 389/185/384 390/186/385
f 389/185/384 388/184/383 391/187/386
f 392/188/387 390/186/385 389/185/384
f 390/186/385 392/188/387 393/189/388
f 392/188/387 290/138/287 393/189/388
f 290/138/287 392/188/387 288/136/285
f 394/190/389 360/170/356 242/117/239
f 394/190/389 242/117/239 250/119/247
f 310/134/307 395/183/390 309/144/306
f 395/183/390 310/134/307 396/133/391
f 397/191/392 398/64/393 399/192/394
f 398/64/393 397/191/392 400/127/395
f 399/192/394 398/64/393 42/28/42
f 398/64/393 43/29/43 42/28/42
f 252/119/249 247/117/244 401/190/396
f 401/190/396 247/117/244 362/170/358
f 402/193/397 273/132/270 270/129/267
f 273/132/270 402/193/397 403/194/398
f 404/193/399 276/132/273 405/194/400
f 276/132/273 404/193/399 274/129/271
f 406/195/401 338/155/334 339/74/335
f 406/195/401 339/74/335 407/82/402
f 408/80/403 406/195/401 407/82/402
f 406/195/401 408/80/403 409/196/404
f 410/195/405 329/74/325 328/155/324
f 329/74/325 410/195/405 411/82/406
f 410/195/405 412/80/407 411/82/406
f 412/80/407 410/195/405 413/196/408
f 414/197/409 345/160/341 415/198/410
f 345/160/341 414/197/409 343/158/339
f 416/199/411 281/111/278 278/133/275
f 281/111/278 416/199/411 417/116/412
f 287/111/284 418/199/413 285/133/282
f 418/199/413 287/111/284 419/116/414
f 420/197/415 350/160/346 349/158/345
f 350/160/346 420/197/415 421/198/416
f 422/200/417 346/161/342 423/201/418
f 346/161/342 422/200/417 344/159/340
f 424/202/419 425/152/420 426/147/421
f 427/203/422 424/202/419 426/147/421
f 427/203/422 426/147/421 428/157/423
f 272/131/269 429/204/424 430/205/425
f 429/204/424 272/131/269 271/130/268
f 277/131/274 431/204/426 275/130/272
f 431/204/426 277/131/274 432/205/427
f 433/206/428 434/207/429 435/202/430
f 436/202/431 437/147/432 438/207/433
f 436/202/431 439/203/434 437/147/432
f 440/157/435 437/147/432 439/203/434
f 441/206/436 442/202/437 443/208/438
f 444/191/439 445/64/440 446/127/441
f 445/64/440 444/191/439 447/192/442
f 55/28/55 445/64/440 447/192/442
f 445/64/440 55/28/55 54/29/54
f 448/11/443 449/209/444 450/210/445
f 448/11/443 451/88/446 449/209/444
f 451/88/446 448/11/443 452/14/447
f 453/69/448 454/211/449 455/212/450
f 454/211/449 453/69/448 456/213/451
f 457/214/452 453/69/448 455/212/450
f 453/69/448 457/214/452 458/66/453
f 457/214/452 327/71/322 458/66/453
f 327/71/322 457/214/452 325/153/322
f 365/173/361 459/215/454 460/216/455
f 365/173/361 460/216/455 366/174/362
f 370/173/361 461/216/456 462/215/457
f 461/216/456 370/173/361 369/174/365
f 463/69/458 464/211/449 465/213/449
f 464/211/449 463/69/458 466/212/459
f 463/69/458 467/214/460 466/212/459
f 467/214/460 463/69/458 468/66/461
f 337/71/333 467/214/460 468/66/461
f 467/214/460 337/71/333 334/153/330
f 469/217/462 470/218/463 471/219/464
f 470/218/463 469/217/462 472/220/465
f 470/218/463 473/221/466 471/219/464
f 473/221/466 470/218/463 474/222/466
f 475/223/467 473/221/466 474/222/466
f 473/221/466 475/223/467 476/224/468
f 477/225/469 478/221/470 479/226/471
f 478/221/470 477/225/469 480/219/472
f 481/11/473 482/210/474 483/209/475
f 484/88/476 481/11/473 483/209/475
f 481/11/473 484/88/476 485/14/477
f 486/143/478 487/227/479 488/144/480
f 487/227/479 486/143/478 489/228/481
f 486/143/478 490/229/482 489/228/481
f 491/227/483 492/143/484 493/144/485
f 492/143/484 491/227/483 494/228/486
f 492/143/484 494/228/486 495/142/487
f 496/13/488 497/230/489 498/231/490
f 497/230/489 496/13/488 499/14/491
f 496/13/488 500/11/492 499/14/491
f 500/11/492 496/13/488 501/10/493
f 501/10/493 502/12/494 500/11/492
f 476/224/468 503/232/495 504/233/496
f 503/232/495 476/224/468 475/223/467
f 394/190/389 250/119/247 505/234/497
f 505/234/497 250/119/247 318/150/315
f 506/234/498 320/150/317 252/119/249
f 506/234/498 252/119/249 401/190/396
f 507/235/499 508/228/500 509/236/501
f 510/217/502 511/218/503 512/220/504
f 511/218/503 510/217/502 513/219/505
f 514/221/506 511/218/503 513/219/505
f 514/221/506 515/222/507 511/218/503
f 514/221/506 516/223/508 515/222/507
f 516/223/508 514/221/506 517/224/508
f 355/165/351 518/237/509 353/163/349
f 518/237/509 355/165/351 519/238/510
f 520/239/511 518/237/509 519/238/510
f 518/237/509 520/239/511 521/240/512
f 522/235/513 523/229/514 524/228/515
f 403/194/398 525/241/516 526/242/517
f 525/241/516 403/194/398 402/193/397
f 527/232/518 517/224/508 528/233/519
f 517/224/508 527/232/518 516/223/508
f 529/241/520 405/194/400 530/242/521
f 405/194/400 529/241/520 404/193/399
f 531/200/522 351/161/347 348/159/344
f 351/161/347 531/200/522 532/201/523
f 533/243/524 532/201/523 531/200/522
f 532/201/523 533/243/524 534/244/525
f 535/245/526 534/244/525 533/243/524
f 533/243/524 536/246/527 535/245/526
f 331/151/327 330/156/326 537/247/528
f 537/247/528 330/156/326 538/248/529
f 333/156/329 332/151/328 539/247/530
f 539/247/530 540/248/531 333/156/329
f 479/226/471 541/224/532 542/249/533
f 541/224/532 479/226/471 478/221/470
f 543/233/534 542/249/533 541/224/532
f 542/249/533 543/233/534 544/250/535
f 526/242/517 545/251/536 546/252/537
f 545/251/536 526/242/517 525/241/516
f 547/251/538 530/242/521 548/252/539
f 530/242/521 547/251/538 529/241/520
f 549/243/540 423/201/418 550/244/541
f 423/201/418 549/243/540 422/200/417
f 551/245/542 549/243/540 550/244/541
f 552/246/543 549/243/540 551/245/542
f 553/253/544 552/246/543 554/254/545
f 554/254/545 552/246/543 551/245/542
f 555/255/546 553/253/544 554/254/545
f 536/246/527 556/253/547 557/254/548
f 557/254/548 535/245/526 536/246/527
f 558/255/549 557/254/548 556/253/547
f 427/203/422 428/157/423 559/256/550
f 559/256/550 428/157/423 560/171/551
f 561/224/552 562/226/553 563/249/554
f 562/226/553 561/224/552 564/221/553
f 564/221/553 565/225/555 562/226/553
f 565/225/555 564/221/553 566/219/556
f 439/203/434 567/256/557 440/157/435
f 567/256/557 568/171/558 440/157/435
f 569/58/559 75/43/75 72/40/72
f 75/43/75 569/58/559 570/257/560
f 79/43/79 571/58/561 77/40/77
f 571/58/561 79/43/79 572/257/562
f 318/150/315 319/151/316 573/258/563
f 573/258/563 319/151/316 574/247/564
f 507/235/499 575/259/565 576/260/566
f 341/145/337 342/146/338 112/59/111
f 342/146/338 113/58/112 112/59/111
f 320/150/317 577/258/567 321/151/318
f 577/258/567 578/247/568 321/151/318
f 522/235/513 579/260/569 580/261/570
f 104/59/103 312/146/309 311/145/308
f 312/146/309 104/59/103 103/58/102
f 546/252/537 581/262/571 582/263/572
f 581/262/571 546/252/537 545/251/536
f 583/262/573 548/252/539 584/263/574
f 548/252/539 583/262/573 547/251/538
f 559/256/550 560/171/551 585/264/575
f 585/264/575 560/171/551 586/170/576
f 587/265/577 588/260/578 589/266/579
f 567/256/557 590/264/580 568/171/558
f 590/264/580 591/170/581 568/171/558
f 592/267/582 391/187/386 388/184/383
f 391/187/386 592/267/582 593/268/583
f 594/265/584 595/259/585 596/260/586
f 419/116/414 597/269/587 418/199/413
f 597/269/587 419/116/414 598/124/588
f 417/116/412 599/269/589 600/124/590
f 599/269/589 417/116/412 416/199/411
f 488/144/480 601/270/591 602/183/592
f 601/270/591 488/144/480 487/227/479
f 603/271/593 604/227/594 507/235/499
f 604/227/594 508/228/500 507/235/499
f 493/144/485 605/270/595 491/227/483
f 605/270/595 493/144/485 606/183/596
f 396/133/391 607/272/597 395/183/390
f 607/272/597 396/133/391 608/199/598
f 609/271/599 522/235/513 610/227/600
f 610/227/600 522/235/513 524/228/515
f 415/198/410 611/273/601 414/197/409
f 611/273/601 415/198/410 612/274/602
f 364/172/360 367/175/363 613/275/603
f 367/175/363 614/276/604 613/275/603
f 387/133/382 615/272/605 616/199/606
f 615/272/605 387/133/382 386/183/381
f 576/260/566 603/271/593 507/235/499
f 603/271/593 576/260/566 617/277/607
f 618/275/608 371/175/366 368/172/364
f 371/175/366 618/275/608 619/276/609
f 609/271/599 579/260/569 522/235/513
f 579/260/569 609/271/599 620/277/610
f 582/263/572 621/278/611 622/279/612
f 621/278/611 582/263/572 581/262/571
f 621/278/611 623/280/613 622/279/612
f 623/280/613 621/278/611 624/281/614
f 625/278/615 584/263/574 626/279/616
f 584/263/574 625/278/615 583/262/573
f 627/280/617 625/278/615 626/279/616
f 625/278/615 627/280/617 628/281/618
f 504/233/496 267/128/264 266/127/263
f 267/128/264 504/233/496 503/232/495
f 587/265/577 629/282/619 630/283/620
f 631/284/621 632/285/622 633/286/623
f 632/285/622 631/284/621 634/287/621
f 632/285/622 635/288/624 633/286/623
f 635/288/624 632/285/622 636/217/625
f 480/219/472 635/288/624 636/217/625
f 635/288/624 480/219/472 477/225/469
f 637/289/626 638/290/627 639/291/628
f 639/291/628 640/292/629 637/289/626
f 641/293/630 642/283/631 643/294/632
f 641/293/630 644/295/633 645/296/634
f 594/265/584 646/283/635 647/297/636
f 648/289/637 649/291/638 650/290/639
f 649/291/638 648/289/637 651/292/640
f 652/293/641 653/282/642 654/283/643
f 652/293/641 655/296/644 656/298/645
f 657/299/646 193/97/192 658/300/646
f 193/97/192 657/299/646 192/96/191
f 659/301/647 660/302/648 661/303/649
f 662/299/650 201/97/200 200/96/199
f 201/97/200 662/299/650 663/300/651
f 314/128/311 528/233/519 313/127/310
f 528/233/519 314/128/311 527/232/518
f 664/304/652 289/137/286 291/139/288
f 291/139/288 665/305/653 664/304/652
f 666/306/654 667/277/655 587/265/577
f 667/277/655 588/260/578 587/265/577
f 659/301/647 668/296/656 669/307/657
f 670/301/658 671/303/659 672/308/660
f 673/203/661 674/309/662 675/310/663
f 674/309/662 673/203/661 676/256/664
f 675/310/663 435/202/430 673/203/661
f 435/202/430 675/310/663 433/206/428
f 677/306/665 594/265/584 678/277/666
f 596/260/586 678/277/666 594/265/584
f 670/301/658 679/295/667 680/296/668
f 681/311/669 623/280/613 624/281/614
f 624/281/614 682/312/670 681/311/669
f 683/311/671 628/281/618 627/280/617
f 628/281/618 683/311/671 684/312/672
f 685/310/673 686/309/674 687/203/675
f 686/309/674 688/256/676 687/203/675
f 685/310/673 687/203/675 442/202/437
f 441/206/436 685/310/673 442/202/437
f 689/285/677 690/284/678 691/286/679
f 690/284/678 689/285/677 692/287/680
f 693/288/681 689/285/677 691/286/679
f 689/285/677 693/288/681 694/217/682
f 693/288/681 566/219/556 694/217/682
f 566/219/556 693/288/681 565/225/555
f 695/313/683 696/314/684 697/315/685
f 696/314/684 695/313/683 698/316/686
f 462/215/457 696/314/684 698/316/686
f 696/314/684 462/215/457 461/216/456
f 540/248/531 539/247/530 699/317/687
f 699/317/687 700/318/687 540/248/531
f 701/319/688 658/300/646 702/320/688
f 658/300/646 701/319/688 657/299/646
f 703/313/689 704/314/690 705/316/691
f 704/314/690 703/313/689 706/315/692
f 459/215/454 705/316/691 704/314/690
f 459/215/454 704/314/690 460/216/455
f 537/247/528 538/248/529 707/317/693
f 707/317/693 538/248/529 708/318/694
f 709/321/695 175/87/174 710/322/695
f 175/87/174 709/321/695 174/86/173
f 711/319/696 663/300/651 662/299/650
f 663/300/651 711/319/696 712/320/697
f 713/323/698 702/320/688 714/324/698
f 702/320/688 713/323/698 701/319/688
f 715/325/699 713/323/698 714/324/698
f 716/326/699 713/323/698 715/325/699
f 715/325/699 717/327/700 716/326/699
f 717/327/700 715/325/699 718/328/701
f 719/329/702 717/327/700 718/328/701
f 717/327/700 719/329/702 720/330/703
f 719/329/702 62/37/62 720/330/703
f 62/37/62 719/329/702 60/34/60
f 721/331/704 722/234/705 723/332/706
f 722/234/705 721/331/704 724/190/707
f 721/331/704 586/170/576 724/190/707
f 586/170/576 721/331/704 585/264/575
f 712/320/697 725/323/708 726/324/708
f 725/323/708 712/320/697 711/319/696
f 725/323/708 727/325/709 726/324/708
f 727/325/709 725/323/708 728/326/710
f 729/327/711 727/325/709 728/326/710
f 727/325/709 729/327/711 730/328/712
f 731/329/713 730/328/712 729/327/711
f 731/329/713 729/327/711 732/330/714
f 59/37/59 731/329/713 732/330/714
f 731/329/713 59/37/59 56/34/56
f 630/283/620 666/306/654 587/265/577
f 666/306/654 630/283/620 733/333/715
f 177/87/176 734/321/716 735/322/716
f 734/321/716 177/87/176 176/86/175
f 677/306/665 646/283/635 594/265/584
f 646/283/635 677/306/665 736/333/717
f 737/234/718 738/331/719 739/332/720
f 738/331/719 737/234/718 740/190/721
f 738/331/719 740/190/721 591/170/581
f 591/170/581 590/264/580 738/331/719
f 617/277/607 741/334/722 603/271/593
f 741/334/722 617/277/607 742/335/723
f 743/334/724 620/277/610 609/271/599
f 620/277/610 743/334/724 744/335/725
f 641/293/630 745/336/726 746/333/727
f 746/333/727 642/283/631 641/293/630
f 413/196/408 747/85/728 412/80/407
f 747/85/728 413/196/408 748/337/729
f 749/336/730 652/293/641 750/333/731
f 654/283/643 750/333/731 652/293/641
f 409/196/404 751/85/732 752/337/733
f 751/85/732 409/196/404 408/80/403
f 753/338/734 754/339/735 755/340/736
f 754/339/735 753/338/734 756/341/737
f 676/256/664 757/342/738 674/309/662
f 757/342/738 676/256/664 758/264/739
f 759/175/740 760/343/741 761/174/742
f 760/343/741 759/175/740 762/344/743
f 759/175/740 763/345/744 762/344/743
f 763/345/744 759/175/740 764/276/745
f 755/340/736 521/240/512 520/239/511
f 521/240/512 755/340/736 754/339/735
f 745/336/726 645/296/634 765/346/746
f 645/296/634 745/336/726 641/293/630
f 655/296/644 749/336/730 766/346/747
f 749/336/730 655/296/644 652/293/641
f 688/256/676 686/309/674 767/342/748
f 767/342/748 768/264/749 688/256/676
f 188/92/187 769/347/750 186/90/185
f 769/347/750 188/92/187 770/348/751
f 430/205/425 771/349/752 772/350/753
f 771/349/752 430/205/425 429/204/424
f 773/349/754 432/205/427 774/350/755
f 432/205/427 773/349/754 431/204/426
f 775/175/756 776/174/757 777/343/758
f 775/175/756 777/343/758 778/344/759
f 779/345/760 775/175/756 778/344/759
f 775/175/756 779/345/760 780/276/761
f 563/249/554 781/233/762 561/224/552
f 781/233/762 563/249/554 782/250/762
f 783/315/763 784/314/764 785/351/765
f 785/351/765 784/314/764 786/352/766
f 573/258/563 574/247/564 787/353/767
f 787/353/767 574/247/564 788/317/768
f 578/247/568 577/258/567 789/353/769
f 789/353/769 790/317/770 578/247/568
f 791/354/771 792/206/772 793/310/773
f 792/206/772 791/354/771 794/303/774
f 794/303/774 795/208/775 792/206/772
f 796/355/776 793/310/773 797/309/777
f 793/310/773 796/355/776 791/354/771
f 659/301/647 798/356/778 799/346/779
f 659/301/647 799/346/779 668/296/656
f 800/315/780 801/351/781 802/314/782
f 801/351/781 803/352/783 802/314/782
f 804/357/784 805/358/785 806/359/786
f 806/359/786 805/358/785 783/315/763
f 785/351/765 806/359/786 783/315/763
f 807/347/787 197/92/196 194/90/193
f 197/92/196 807/347/787 808/348/787
f 809/360/788 217/110/215 216/109/214
f 217/110/215 809/360/788 810/361/789
f 809/360/788 811/362/790 810/361/789
f 811/362/790 809/360/788 812/363/790
f 505/234/497 318/150/315 813/364/791
f 813/364/791 318/150/315 573/258/563
f 814/364/792 577/258/567 320/150/317
f 814/364/792 320/150/317 506/234/498
f 815/303/793 816/354/794 817/206/795
f 816/354/794 818/310/796 817/206/795
f 815/303/793 817/206/795 819/302/797
f 820/355/798 821/309/799 818/310/796
f 818/310/796 816/354/794 820/355/798
f 670/301/658 822/346/800 823/356/801
f 822/346/800 670/301/658 680/296/668
f 824/357/802 825/359/803 826/358/804
f 825/359/803 800/315/780 826/358/804
f 801/351/781 800/315/780 825/359/803
f 598/124/588 827/365/805 597/269/587
f 827/365/805 598/124/588 828/156/806
f 827/365/805 828/156/806 829/248/807
f 829/248/807 830/366/808 827/365/805
f 829/248/807 831/367/809 830/366/808
f 831/367/809 829/248/807 832/318/810
f 833/360/811 228/109/225 229/110/226
f 833/360/811 229/110/226 834/361/812
f 835/362/813 833/360/811 834/361/812
f 833/360/811 835/362/813 836/363/813
f 600/124/590 837/365/814 838/156/815
f 837/365/814 600/124/590 599/269/589
f 837/365/814 839/248/816 838/156/815
f 839/248/816 837/365/814 840/366/817
f 841/367/818 839/248/816 840/366/817
f 839/248/816 841/367/818 842/318/818
f 667/277/655 666/306/654 843/335/819
f 843/335/819 666/306/654 844/368/820
f 678/277/666 845/335/821 677/306/665
f 845/335/821 846/368/822 677/306/665
f 847/273/823 421/198/416 420/197/415
f 421/198/416 847/273/823 848/274/824
f 741/334/722 849/270/825 603/271/593
f 849/270/825 604/227/594 603/271/593
f 850/369/826 849/270/825 741/334/722
f 849/270/825 850/369/826 851/370/827
f 852/370/828 606/183/596 853/272/829
f 606/183/596 852/370/828 605/270/595
f 743/334/724 609/271/599 854/270/830
f 854/270/830 609/271/599 610/227/600
f 854/270/830 855/369/831 743/334/724
f 855/369/831 854/270/830 856/370/832
f 857/285/833 858/371/834 859/287/835
f 857/285/833 860/372/836 858/371/834
f 857/285/833 512/220/504 860/372/836
f 512/220/504 857/285/833 510/217/502
f 602/183/592 861/370/837 862/272/838
f 861/370/837 602/183/592 601/270/591
f 863/285/839 864/371/840 865/372/841
f 863/285/839 866/287/842 864/371/840
f 472/220/465 863/285/839 865/372/841
f 863/285/839 472/220/465 469/217/462
f 867/373/843 613/275/603 614/276/604
f 614/276/604 868/374/843 867/373/843
f 608/199/598 869/375/844 607/272/597
f 869/375/844 608/199/598 870/269/845
f 871/373/846 619/276/609 618/275/608
f 872/374/846 619/276/609 871/373/846
f 616/199/606 873/375/847 874/269/848
f 873/375/847 616/199/606 615/272/605
f 875/376/849 876/377/850 877/378/851
f 878/379/852 877/378/851 876/377/850
f 877/378/851 878/379/852 879/380/853
f 880/381/854 879/380/853 878/379/852
f 880/381/854 878/379/852 881/382/855
f 882/383/856 880/381/854 881/382/855
f 880/381/854 882/383/856 883/384/857
f 638/290/627 883/384/857 882/383/856
f 882/383/856 639/291/628 638/290/627
f 884/376/858 885/378/859 886/377/860
f 885/378/859 887/379/861 886/377/860
f 887/379/861 885/378/859 888/380/862
f 889/381/863 887/379/861 888/380/862
f 887/379/861 889/381/863 890/382/864
f 889/381/863 891/383/865 890/382/864
f 891/383/865 889/381/863 892/384/866
f 650/290/639 891/383/865 892/384/866
f 891/383/865 650/290/639 649/291/638
f 761/174/742 893/385/867 894/216/868
f 893/385/867 761/174/742 760/343/741
f 776/174/757 895/216/869 896/385/870
f 776/174/757 896/385/870 777/343/758
f 897/386/871 898/387/872 899/388/873
f 899/388/873 898/387/872 900/341/874
f 898/387/872 901/389/875 900/341/874
f 902/390/876 83/47/83 82/46/82
f 83/47/83 902/390/876 903/62/877
f 904/390/878 85/47/85 905/62/879
f 85/47/85 904/390/878 84/46/84
f 906/332/880 907/391/881 908/331/882
f 907/391/881 906/332/880 909/392/883
f 907/391/881 758/264/739 908/331/882
f 758/264/739 907/391/881 757/342/738
f 733/333/715 844/368/820 666/306/654
f 844/368/820 733/333/715 910/393/884
f 911/394/885 812/363/790 912/395/885
f 812/363/790 911/394/885 811/362/790
f 846/368/822 736/333/717 677/306/665
f 736/333/717 846/368/822 913/393/886
f 914/391/887 915/332/888 916/331/889
f 915/332/888 914/391/887 917/392/890
f 914/391/887 916/331/889 768/264/749
f 768/264/749 767/342/748 914/391/887
f 900/341/874 901/389/875 918/339/891
f 901/389/875 919/396/892 918/339/891
f 836/363/813 920/394/893 921/395/893
f 920/394/893 836/363/813 835/362/813
f 922/397/894 923/398/895 924/268/896
f 922/397/894 924/268/896 925/399/897
f 742/335/723 850/369/826 741/334/722
f 850/369/826 742/335/723 926/400/898
f 855/369/831 744/335/725 743/334/724
f 744/335/725 855/369/831 927/400/899
f 784/314/764 894/216/868 786/352/766
f 786/352/766 894/216/868 893/385/867
f 745/336/726 928/401/900 929/393/901
f 929/393/901 746/333/727 745/336/726
f 930/402/902 853/272/829 931/375/903
f 853/272/829 930/402/902 852/370/828
f 932/403/904 593/268/583 592/267/582
f 593/268/583 932/403/904 933/399/905
f 862/272/838 934/402/906 935/375/907
f 934/402/906 862/272/838 861/370/837
f 798/356/778 936/404/908 937/405/909
f 798/356/778 937/405/909 799/346/779
f 938/406/910 856/370/832 939/402/911
f 856/370/832 938/406/910 855/369/831
f 939/402/911 940/407/912 938/406/910
f 940/407/912 939/402/911 941/408/913
f 802/314/782 803/352/783 895/216/869
f 803/352/783 896/385/870 895/216/869
f 851/370/827 942/406/914 943/402/915
f 942/406/914 851/370/827 850/369/826
f 944/407/916 943/402/915 942/406/914
f 943/402/915 944/407/916 945/408/917
f 928/401/900 765/346/746 946/405/918
f 765/346/746 928/401/900 745/336/726
f 947/401/919 749/336/730 948/393/920
f 750/333/731 948/393/920 749/336/730
f 823/356/801 949/405/921 950/404/922
f 949/405/921 823/356/801 822/346/800
f 766/346/747 947/401/919 951/405/923
f 947/401/919 766/346/747 749/336/730
f 844/368/820 952/400/924 843/335/819
f 952/400/924 844/368/820 953/409/925
f 846/368/822 845/335/821 954/400/926
f 954/400/926 955/409/927 846/368/822
f 956/410/928 957/411/929 958/412/930
f 957/411/929 959/413/931 958/412/930
f 960/414/932 958/412/930 959/413/931
f 958/412/930 960/414/932 961/415/933
f 682/312/670 957/411/929 956/410/928
f 681/311/669 682/312/670 956/410/928
f 962/354/934 936/404/908 798/356/778
f 936/404/908 962/354/934 963/355/935
f 659/301/647 962/354/934 798/356/778
f 962/354/934 659/301/647 661/303/649
f 964/416/936 936/404/908 963/355/935
f 936/404/908 964/416/936 965/417/937
f 870/269/845 966/418/938 869/375/844
f 966/418/938 870/269/845 967/365/939
f 968/410/940 969/412/941 970/411/942
f 970/411/942 969/412/941 971/413/943
f 969/412/941 972/414/944 971/413/943
f 972/414/944 969/412/941 973/415/944
f 684/312/672 968/410/940 970/411/942
f 968/410/940 684/312/672 683/311/671
f 874/269/848 974/418/945 975/365/946
f 974/418/945 874/269/848 873/375/847
f 976/354/947 950/404/922 977/355/948
f 950/404/922 976/354/947 823/356/801
f 978/416/949 977/355/948 950/404/922
f 950/404/922 979/417/950 978/416/949
f 670/301/658 823/356/801 976/354/947
f 976/354/947 671/303/659 670/301/658
f 980/91/951 981/92/952 982/419/953
f 982/419/953 983/420/954 980/91/951
f 984/421/955 980/91/951 983/420/954
f 980/91/951 984/421/955 985/95/956
f 986/96/957 985/95/956 984/421/955
f 986/96/957 984/421/955 987/422/958
f 988/187/959 924/268/896 923/398/895
f 923/398/895 989/423/960 988/187/959
f 797/309/777 990/416/961 796/355/776
f 990/416/961 797/309/777 991/342/962
f 992/391/963 990/416/961 991/342/962
f 990/416/961 992/391/963 993/424/964
f 994/425/965 995/426/966 996/427/967
f 995/426/966 925/399/897 996/427/967
f 995/426/966 922/397/894 925/399/897
f 945/408/917 997/428/968 998/429/969
f 997/428/968 945/408/917 944/407/916
f 999/430/970 998/429/969 997/428/968
f 998/429/969 999/430/970 1000/431/971
f 1001/428/972 941/408/913 1002/429/973
f 941/408/913 1001/428/972 940/407/912
f 1002/429/973 1003/430/974 1001/428/972
f 1003/430/974 1002/429/973 1004/431/975
f 821/309/799 820/355/798 1005/416/976
f 1005/416/976 1006/342/977 821/309/799
f 1005/416/976 1007/391/978 1006/342/977
f 1007/391/978 1005/416/976 1008/424/979
f 1009/91/980 1010/419/981 1011/92/982
f 1010/419/981 1009/91/980 1012/420/983
f 1009/91/980 1013/421/984 1012/420/983
f 1013/421/984 1009/91/980 1014/95/985
f 1013/421/984 1014/95/985 1015/96/986
f 1016/422/987 1013/421/984 1015/96/986
f 1017/432/988 909/392/883 906/332/880
f 909/392/883 1017/432/988 1018/433/989
f 917/392/890 1019/432/990 915/332/888
f 1019/432/990 917/392/890 1020/433/991
f 1021/305/992 1022/139/993 1023/434/994
f 1023/434/994 1024/435/995 1021/305/992
f 813/364/791 573/258/563 1025/436/996
f 1025/436/996 573/258/563 787/353/767
f 544/250/535 400/127/395 397/191/392
f 400/127/395 544/250/535 543/233/534
f 967/365/939 1026/437/997 966/418/938
f 1026/437/997 967/365/939 1027/366/998
f 577/258/567 814/364/792 1028/436/999
f 1028/436/999 789/353/769 577/258/567
f 1029/438/1000 1030/145/1001 1031/101/1002
f 1029/438/1000 1031/101/1002 1032/439/1003
f 975/365/946 1033/437/1004 1034/366/1005
f 1033/437/1004 975/365/946 974/418/945
f 1035/100/1006 1036/440/1007 1037/441/1008
f 1036/440/1007 1035/100/1006 1038/78/1009
f 1032/439/1003 1035/100/1006 1037/441/1008
f 1035/100/1006 1032/439/1003 1031/101/1002
f 910/393/884 953/409/925 844/368/820
f 953/409/925 910/393/884 1039/442/1010
f 1040/443/1011 944/407/916 942/406/914
f 944/407/916 1040/443/1011 1041/444/1012
f 1042/443/1011 940/407/912 1043/444/1013
f 940/407/912 1042/443/1011 938/406/910
f 955/409/927 913/393/886 846/368/822
f 913/393/886 955/409/927 1044/442/1014
f 1045/101/1015 1046/438/1016 1047/439/887
f 1046/438/1016 1045/101/1015 1048/145/1017
f 926/400/898 942/406/914 850/369/826
f 942/406/914 926/400/898 1040/443/1011
f 927/400/899 855/369/831 938/406/910
f 938/406/910 1042/443/1011 927/400/899
f 1049/440/1018 1050/100/1019 1051/441/1020
f 1050/100/1019 1049/440/1018 1052/78/1021
f 1047/439/887 1051/441/1020 1050/100/1019
f 1047/439/887 1050/100/1019 1045/101/1015
f 1053/408/1022 931/375/903 1054/418/1023
f 931/375/903 1053/408/1022 930/402/902
f 935/375/907 1055/408/1024 1056/418/1025
f 1055/408/1024 935/375/907 934/402/906
f 782/250/762 446/127/441 781/233/762
f 446/127/441 782/250/762 444/191/439
f 133/51/132 1057/445/1026 131/48/130
f 1057/445/1026 133/51/132 1058/446/1027
f 1059/429/1028 1054/418/1023 1060/437/1029
f 1054/418/1023 1059/429/1028 1053/408/1022
f 1061/431/1030 1060/437/1029 1062/447/1031
f 1060/437/1029 1061/431/1030 1059/429/1028
f 452/14/447 1063/56/1032 451/88/446
f 1063/56/1032 452/14/447 1064/230/1033
f 1056/418/1025 1065/429/1034 1066/437/1035
f 1065/429/1034 1056/418/1025 1055/408/1024
f 1066/437/1035 1067/431/1036 1068/447/1036
f 1067/431/1036 1066/437/1035 1065/429/1034
f 1041/444/1012 1069/448/1037 997/428/968
f 1041/444/1012 997/428/968 944/407/916
f 1043/444/1013 1001/428/972 1070/448/1038
f 1001/428/972 1043/444/1013 940/407/912
f 1027/366/998 1071/447/1039 1026/437/997
f 1071/447/1039 1027/366/998 1072/367/1040
f 1073/445/1041 89/51/86 86/48/86
f 89/51/86 1073/445/1041 1074/446/1041
f 1034/366/1005 1075/447/1042 1076/367/1043
f 1075/447/1042 1034/366/1005 1033/437/1004
f 1077/392/1044 993/424/964 992/391/963
f 993/424/964 1077/392/1044 1078/449/1045
f 358/168/354 359/169/355 1079/450/1046
f 359/169/355 1080/451/1047 1079/450/1046
f 1081/185/1048 988/187/959 989/423/960
f 1081/185/1048 989/423/960 1082/452/1049
f 1070/448/1038 1003/430/974 1083/453/1050
f 1070/448/1038 1001/428/972 1003/430/974
f 1008/424/979 1084/392/1051 1007/391/978
f 1084/392/1051 1008/424/979 1085/449/1052
f 1086/350/1053 1087/454/1054 1088/205/1055
f 1087/454/1054 1089/455/1056 1088/205/1055
f 1090/350/1057 1091/205/1058 1092/454/1059
f 1092/454/1059 1091/205/1058 1093/455/1060
f 1094/453/1061 999/430/970 1069/448/1037
f 1069/448/1037 999/430/970 997/428/968
f 1095/56/1062 485/14/477 484/88/476
f 485/14/477 1095/56/1062 1096/230/1063
f 1097/442/1064 929/393/901 928/401/900
f 1097/442/1064 928/401/900 1098/456/1065
f 1099/188/1066 1081/185/1048 1082/452/1049
f 1099/188/1066 1082/452/1049 1100/457/1067
f 1101/136/1068 1100/457/1067 1102/458/1069
f 1100/457/1067 1101/136/1068 1099/188/1066
f 1022/139/993 1101/136/1068 1102/458/1069
f 1022/139/993 1102/458/1069 1023/434/994
f 1103/456/1070 947/401/919 1104/442/1071
f 948/393/920 1104/442/1071 947/401/919
f 1105/459/1072 1106/460/1073 1107/87/1074
f 1105/459/1072 1107/87/1074 1108/322/1072
f 1109/461/1075 1107/87/1074 1106/460/1073
f 1107/87/1074 1109/461/1075 1110/79/1076
f 1111/76/1077 1110/79/1076 1109/461/1075
f 1111/76/1077 1109/461/1075 1112/462/1078
f 1113/322/1079 1114/87/1080 1115/459/1079
f 1116/460/1081 1115/459/1079 1114/87/1080
f 1114/87/1080 1117/461/1082 1116/460/1081
f 1117/461/1082 1114/87/1080 1118/79/1083
f 1119/76/1084 1117/461/1082 1118/79/1083
f 1119/76/1084 1120/462/1085 1117/461/1082
f 1121/13/1086 1122/231/1087 1123/463/1088
f 1121/13/1086 1123/463/1088 1124/464/1089
f 1125/465/1090 80/44/80 81/45/81
f 1125/465/1090 81/45/81 1126/89/1091
f 1127/167/1092 1128/466/1093 1129/169/1094
f 1128/466/1093 1127/167/1092 1130/467/1095
f 1131/468/1096 912/395/885 1132/469/1097
f 912/395/885 1131/468/1096 911/394/885
f 1133/102/1098 1134/470/1099 1135/471/1100
f 1134/470/1099 1133/102/1098 1136/99/1101
f 1038/78/1009 1137/472/1102 1036/440/1007
f 1137/472/1102 1038/78/1009 1138/77/1103
f 953/409/925 1139/443/1104 952/400/924
f 1139/443/1104 953/409/925 1140/473/1105
f 1098/456/1065 946/405/918 1141/474/1106
f 946/405/918 1098/456/1065 928/401/900
f 955/409/927 954/400/926 1142/443/1107
f 1142/443/1107 1143/473/1108 955/409/927
f 1144/102/1109 1145/471/1109 1146/470/1110
f 1144/102/1109 1146/470/1110 1147/99/1111
f 1030/145/1001 1148/475/1112 1149/59/1113
f 1148/475/1112 1030/145/1001 1029/438/1000
f 921/395/893 1150/468/1114 1151/469/1115
f 1150/468/1114 921/395/893 920/394/893
f 951/405/923 1103/456/1070 1152/474/1116
f 1103/456/1070 951/405/923 947/401/919
f 1136/99/1101 1112/462/1078 1134/470/1099
f 1112/462/1078 1136/99/1101 1111/76/1077
f 465/213/449 1153/476/1117 1154/477/1118
f 1153/476/1117 465/213/449 464/211/449
f 456/213/451 1155/476/1119 454/211/449
f 1155/476/1119 456/213/451 1156/477/1120
f 1157/424/1121 965/417/937 964/416/936
f 965/417/937 1157/424/1121 1158/478/1122
f 1159/479/1123 1077/392/1044 1160/433/1124
f 1159/479/1123 1160/433/1124 1161/480/1125
f 1162/472/1126 1052/78/1021 1049/440/1018
f 1052/78/1021 1162/472/1126 1163/77/1127
f 1147/99/1111 1146/470/1110 1120/462/1085
f 1147/99/1111 1120/462/1085 1119/76/1084
f 1078/449/1045 1077/392/1044 1159/479/1123
f 1159/479/1123 1164/481/1128 1078/449/1045
f 723/332/706 1165/364/1129 1166/432/1130
f 1165/364/1129 723/332/706 722/234/705
f 979/417/950 1167/424/1131 978/416/949
f 1167/424/1131 979/417/950 1168/478/1132
f 1084/392/1051 1169/479/1133 1170/433/1134
f 1169/479/1133 1171/480/1135 1170/433/1134
f 1172/364/1136 739/332/720 1173/432/1137
f 739/332/720 1172/364/1136 737/234/718
f 1174/13/1138 1175/463/1139 1176/231/1140
f 1175/463/1139 1174/13/1138 1177/464/1141
f 1084/392/1051 1085/449/1052 1169/479/1133
f 1178/481/1142 1169/479/1133 1085/449/1052
f 1048/145/1017 1179/475/1143 1046/438/1016
f 1179/475/1143 1048/145/1017 1180/59/1144
f 637/289/626 640/292/629 1181/482/1145
f 640/292/629 1182/483/1146 1181/482/1145
f 1183/484/1147 1181/482/1145 1182/483/1146
f 1181/482/1145 1183/484/1147 1184/485/1148
f 1185/486/1149 1186/105/1150 1187/487/1151
f 1186/105/1150 1185/486/1149 1188/103/1152
f 1185/486/1149 1189/108/1153 1188/103/1152
f 1189/108/1153 1185/486/1149 1190/488/1154
f 1191/486/1155 1192/487/1156 1193/105/1157
f 1193/105/1157 1194/103/1158 1191/486/1155
f 1195/108/1159 1191/486/1155 1194/103/1158
f 1191/486/1155 1195/108/1159 1196/488/1160
f 918/339/891 919/396/892 1197/240/1161
f 919/396/892 1198/489/1161 1197/240/1161
f 1140/473/1105 1199/444/1162 1139/443/1104
f 1199/444/1162 1140/473/1105 1200/490/1163
f 1143/473/1108 1142/443/1107 1201/444/1164
f 1143/473/1108 1201/444/1164 1202/490/1165
f 1203/465/1166 99/45/98 98/44/97
f 99/45/98 1203/465/1166 1204/89/1167
f 648/289/637 1205/482/1168 651/292/640
f 651/292/640 1205/482/1168 1206/483/1169
f 1205/482/1168 1207/484/1170 1206/483/1169
f 1207/484/1170 1205/482/1168 1208/485/1171
f 1209/449/1172 1158/478/1122 1157/424/1121
f 1158/478/1122 1209/449/1172 1210/491/1173
f 1211/449/1174 1168/478/1132 1212/491/1175
f 1168/478/1132 1211/449/1174 1167/424/1131
f 1158/478/1122 1213/474/1176 965/417/937
f 1213/474/1176 1158/478/1122 1214/492/1177
f 936/404/908 965/417/937 1213/474/1176
f 936/404/908 1213/474/1176 937/405/909
f 1215/493/1178 1216/388/1179 1217/494/1180
f 756/341/737 1217/494/1180 1216/388/1179
f 1217/494/1180 756/341/737 753/338/734
f 1168/478/1132 1218/474/1181 1219/492/1182
f 1218/474/1181 1168/478/1132 979/417/950
f 950/404/922 1218/474/1181 979/417/950
f 1218/474/1181 950/404/922 949/405/921
f 1039/442/1010 1140/473/1105 953/409/925
f 1140/473/1105 1039/442/1010 1220/495/1183
f 955/409/927 1143/473/1108 1044/442/1014
f 1143/473/1108 1221/495/1184 1044/442/1014
f 1135/471/1100 1222/146/1185 1133/102/1098
f 1222/146/1185 1135/471/1100 1223/496/1186
f 570/257/560 1222/146/1185 1223/496/1186
f 1222/146/1185 570/257/560 569/58/559
f 1224/497/1187 848/274/824 847/273/823
f 848/274/824 1224/497/1187 1225/498/1188
f 1226/237/1189 1227/499/1190 1228/163/1191
f 1227/499/1190 1226/237/1189 1229/500/1192
f 1226/237/1189 1198/489/1161 1229/500/1192
f 1226/237/1189 1197/240/1161 1198/489/1161
f 1145/471/1109 1230/146/1193 1231/496/1194
f 1230/146/1193 1145/471/1109 1144/102/1109
f 1230/146/1193 572/257/562 1231/496/1194
f 572/257/562 1230/146/1193 571/58/561
f 1232/448/1195 1200/490/1163 1233/501/1196
f 1200/490/1163 1232/448/1195 1199/444/1162
f 1234/448/1197 1202/490/1165 1201/444/1164
f 1202/490/1165 1234/448/1197 1235/501/1198
f 1236/502/1199 1237/453/1200 1233/501/1196
f 1233/501/1196 1237/453/1200 1232/448/1195
f 1238/453/1201 1235/501/1198 1234/448/1197
f 1235/501/1198 1238/453/1201 1239/502/1202
f 1240/213/1203 1241/503/1204 1242/504/1205
f 1241/503/1204 1240/213/1203 1243/477/1206
f 1242/504/1205 145/69/144 1240/213/1203
f 145/69/144 1242/504/1205 143/68/142
f 1244/504/1207 1245/503/1208 1246/213/1209
f 1245/503/1208 1247/477/1210 1246/213/1209
f 137/69/136 1244/504/1207 1246/213/1209
f 136/68/135 1244/504/1207 137/69/136
f 1248/164/1211 1130/467/1095 1127/167/1092
f 1130/467/1095 1248/164/1211 1249/505/1212
f 1154/477/1118 1250/506/1213 1251/507/1214
f 1250/506/1213 1154/477/1118 1153/476/1117
f 1252/506/1215 1156/477/1120 1253/507/1216
f 1156/477/1120 1252/506/1215 1155/476/1119
f 1254/193/1217 1255/508/1218 1256/509/1219
f 1254/193/1217 1257/129/1220 1255/508/1218
f 1258/193/1221 1259/508/1222 1260/129/1223
f 1258/193/1221 1261/509/1224 1259/508/1222
f 1098/456/1065 1262/495/1225 1097/442/1064
f 1262/495/1225 1098/456/1065 1263/510/1226
f 1141/474/1106 1264/492/1227 1263/510/1226
f 1263/510/1226 1098/456/1065 1141/474/1106
f 1104/442/1071 1265/495/1228 1103/456/1070
f 1265/495/1228 1266/510/1229 1103/456/1070
f 1267/492/1230 1152/474/1116 1266/510/1229
f 1266/510/1229 1152/474/1116 1103/456/1070
f 1257/129/1220 1268/131/1231 1269/511/1232
f 1257/129/1220 1269/511/1232 1255/508/1218
f 1260/129/1223 1270/511/1233 1271/131/1234
f 1270/511/1233 1260/129/1223 1259/508/1222
f 1272/512/1235 1273/513/1236 1274/358/1237
f 1273/513/1236 697/315/685 1274/358/1237
f 697/315/685 1273/513/1236 695/313/683
f 1228/163/1191 1249/505/1212 1248/164/1211
f 1249/505/1212 1228/163/1191 1227/499/1190
f 1275/512/1238 1276/358/1239 1277/513/1240
f 706/315/692 1277/513/1240 1276/358/1239
f 1277/513/1240 706/315/692 703/313/689
f 612/274/602 1278/497/1241 611/273/601
f 1278/497/1241 612/274/602 1279/498/1242
f 1280/319/1243 1281/514/1244 1282/323/1245
f 1281/514/1244 1280/319/1243 1283/515/1246
f 1281/514/1244 1284/326/1247 1282/323/1245
f 1284/326/1247 1281/514/1244 1285/516/1248
f 1286/517/1249 1284/326/1247 1285/516/1248
f 1284/326/1247 1286/517/1249 1287/327/1250
f 1288/518/1251 1289/519/1252 1290/520/1253
f 1289/519/1252 1288/518/1251 1291/521/1254
f 1122/231/1087 1291/521/1254 1288/518/1251
f 1288/518/1251 1123/463/1088 1122/231/1087
f 1018/433/989 1292/522/1255 1293/480/689
f 1292/522/1255 1018/433/989 1017/432/988
f 1294/522/1256 1020/433/991 1295/480/1257
f 1020/433/991 1294/522/1256 1019/432/990
f 1296/86/1258 1297/523/1259 1298/524/1260
f 1297/523/1259 1296/86/1258 1299/321/1259
f 1214/492/1177 1210/491/1173 1300/525/1261
f 1210/491/1173 1214/492/1177 1158/478/1122
f 1210/491/1173 1301/481/1262 1302/526/1263
f 1301/481/1262 1210/491/1173 1209/449/1172
f 1212/491/1175 1219/492/1182 1303/525/1264
f 1219/492/1182 1212/491/1175 1168/478/1132
f 1212/491/1175 1304/481/1265 1211/449/1174
f 1304/481/1265 1212/491/1175 1305/526/1266
f 1306/518/1267 1307/519/1268 1308/521/1269
f 1307/519/1268 1306/518/1267 1309/520/1270
f 1308/521/1269 1176/231/1140 1306/518/1267
f 1306/518/1267 1176/231/1140 1175/463/1139
f 1166/432/1130 1310/436/1271 1311/522/1272
f 1310/436/1271 1166/432/1130 1165/364/1129
f 1312/436/1273 1173/432/1137 1313/522/1273
f 1173/432/1137 1312/436/1273 1172/364/1136
f 1314/514/1274 1315/319/1275 1316/323/1274
f 1315/319/1275 1314/514/1274 1317/515/1276
f 1318/326/1277 1314/514/1274 1316/323/1274
f 1319/516/1278 1314/514/1274 1318/326/1277
f 1318/326/1277 1320/517/1279 1319/516/1278
f 1320/517/1279 1318/326/1277 1321/327/1280
f 1321/327/1280 1322/330/1281 1320/517/1279
f 1323/527/1282 1320/517/1279 1322/330/1281
f 1220/495/1183 1200/490/1163 1140/473/1105
f 1200/490/1163 1220/495/1183 1324/528/1283
f 1325/529/1284 1200/490/1163 1324/528/1283
f 1200/490/1163 1325/529/1284 1233/501/1196
f 1325/529/1284 1236/502/1199 1233/501/1196
f 1326/530/1285 1236/502/1199 1325/529/1284
f 1221/495/1184 1143/473/1108 1202/490/1165
f 1221/495/1184 1202/490/1165 1327/528/1286
f 1202/490/1165 1328/529/1287 1327/528/1286
f 1328/529/1287 1202/490/1165 1235/501/1198
f 1239/502/1202 1328/529/1287 1235/501/1198
f 1328/529/1287 1239/502/1202 1329/530/1288
f 1330/86/1289 1331/523/1290 1332/321/1290
f 1331/523/1290 1330/86/1289 1333/524/1291
f 1334/299/1292 987/422/958 1335/531/1292
f 987/422/958 1334/299/1292 986/96/957
f 1283/515/1246 1334/299/1292 1335/531/1292
f 1334/299/1292 1283/515/1246 1280/319/1243
f 1079/450/1046 1080/451/1047 1336/532/1293
f 1080/451/1047 1337/533/1294 1336/532/1293
f 1263/510/1226 1338/528/1295 1262/495/1225
f 1338/528/1295 1263/510/1226 1339/534/1296
f 1266/510/1229 1265/495/1228 1340/528/1297
f 1266/510/1229 1340/528/1297 1341/534/1298
f 1290/520/1253 1342/535/1299 1343/536/1300
f 1342/535/1299 1290/520/1253 1289/519/1252
f 1343/536/1300 1342/535/1299 1344/537/1301
f 1345/538/1302 1344/537/1301 1342/535/1299
f 1015/96/986 1346/299/1303 1016/422/987
f 1347/531/1303 1016/422/987 1346/299/1303
f 1346/299/1303 1317/515/1276 1347/531/1303
f 1317/515/1276 1346/299/1303 1315/319/1275
f 1309/520/1270 1348/535/1304 1307/519/1268
f 1348/535/1304 1309/520/1270 1349/536/1305
f 1350/537/1306 1348/535/1304 1349/536/1305
f 1348/535/1304 1350/537/1306 1351/538/1307
f 1302/526/1263 1352/539/1308 1300/525/1261
f 1300/525/1261 1210/491/1173 1302/526/1263
f 1264/492/1227 1339/534/1296 1263/510/1226
f 1339/534/1296 1264/492/1227 1353/525/1309
f 1354/539/1310 1339/534/1296 1353/525/1309
f 1339/534/1296 1354/539/1310 1355/540/1311
f 1305/526/1266 1303/525/1264 1356/539/1312
f 1303/525/1264 1305/526/1266 1212/491/1175
f 1266/510/1229 1341/534/1298 1267/492/1230
f 1341/534/1298 1357/525/1313 1267/492/1230
f 1341/534/1298 1358/539/1314 1357/525/1313
f 1358/539/1314 1341/534/1298 1359/540/1315
f 981/92/952 1360/348/1316 1361/541/1316
f 1361/541/1316 982/419/953 981/92/952
f 1339/534/1296 1355/540/1311 1362/529/1317
f 1339/534/1296 1362/529/1317 1338/528/1295
f 1341/534/1298 1363/529/1318 1359/540/1315
f 1363/529/1318 1341/534/1298 1340/528/1297
f 1058/446/1027 1132/469/1097 1057/445/1026
f 1132/469/1097 1058/446/1027 1131/468/1096
f 1364/348/1319 1011/92/982 1365/541/1320
f 1365/541/1320 1011/92/982 1010/419/981
f 1366/542/1321 1367/427/1322 1368/543/1323
f 933/399/905 1368/543/1323 1367/427/1322
f 1368/543/1323 933/399/905 932/403/904
f 1355/540/1311 1369/544/1324 1370/530/1325
f 1355/540/1311 1370/530/1325 1362/529/1317
f 1359/540/1315 1371/530/1326 1372/544/1327
f 1371/530/1326 1359/540/1315 1363/529/1318
f 1373/232/1328 1374/545/1329 1375/546/1330
f 1374/545/1329 1373/232/1328 1376/128/1331
f 1377/241/1332 1254/193/1217 1256/509/1219
f 1377/241/1332 1256/509/1219 1378/547/1333
f 1379/241/1334 1261/509/1224 1258/193/1221
f 1261/509/1224 1379/241/1334 1380/547/1335
f 1151/469/1115 1074/446/1041 1073/445/1041
f 1074/446/1041 1151/469/1115 1150/468/1114
f 1268/131/1231 1088/205/1055 1089/455/1056
f 1268/131/1231 1089/455/1056 1269/511/1232
f 1271/131/1234 1093/455/1060 1091/205/1058
f 1093/455/1060 1271/131/1234 1270/511/1233
f 1381/548/1336 1355/540/1311 1354/539/1310
f 1355/540/1311 1381/548/1336 1369/544/1324
f 1382/548/1337 1359/540/1315 1372/544/1327
f 1359/540/1315 1382/548/1337 1358/539/1314
f 764/276/745 1383/549/1338 763/345/744
f 1383/549/1338 764/276/745 1384/374/1339
f 1385/374/1340 780/276/761 1386/549/1340
f 779/345/760 1386/549/1340 780/276/761
f 1375/546/1330 1387/223/1341 1373/232/1328
f 1387/223/1341 1375/546/1330 1388/550/1342
f 1389/232/1343 1390/545/1344 1391/128/1345
f 1390/545/1344 1389/232/1343 1392/546/1346
f 1393/551/1347 1391/128/1345 1390/545/1344
f 1391/128/1345 1393/551/1347 1394/65/1348
f 1138/77/1103 1298/524/1260 1137/472/1102
f 1138/77/1103 1296/86/1258 1298/524/1260
f 1395/223/1349 1392/546/1346 1389/232/1343
f 1392/546/1346 1395/223/1349 1396/550/1350
f 1163/77/1127 1333/524/1291 1330/86/1289
f 1333/524/1291 1163/77/1127 1162/472/1126
f 1397/50/1351 1398/26/1352 1399/552/1353
f 1397/50/1351 1399/552/1353 1400/553/1354
f 1401/24/1355 1399/552/1353 1398/26/1352
f 1399/552/1353 1401/24/1355 1402/554/1355
f 1403/552/1356 1404/50/1357 1405/553/1358
f 1406/26/1356 1404/50/1357 1403/552/1356
f 1403/552/1356 1407/24/1359 1406/26/1356
f 1407/24/1359 1403/552/1356 1408/554/1359
f 1376/128/1331 1409/551/1360 1374/545/1329
f 1409/551/1360 1376/128/1331 1410/65/1361
f 223/105/220 1411/555/1362 1412/556/1362
f 1412/556/1362 224/104/221 223/105/220
f 1413/555/1363 212/105/210 1414/556/1364
f 1414/556/1364 212/105/210 211/104/209
f 1415/251/1365 1377/241/1332 1378/547/1333
f 1415/251/1365 1378/547/1333 1416/557/1365
f 1417/251/1366 1380/547/1335 1379/241/1334
f 1380/547/1335 1417/251/1366 1418/557/1367
f 1419/558/1368 1420/257/1369 1421/559/1370
f 1420/257/1369 1419/558/1368 1422/43/1371
f 1422/43/1371 1419/558/1368 1423/41/1372
f 1419/558/1368 1424/560/1373 1423/41/1372
f 1184/485/1148 1425/561/1374 1426/562/1375
f 1425/561/1374 1184/485/1148 1183/484/1147
f 1287/327/1250 1427/527/1376 1428/330/1376
f 1427/527/1376 1287/327/1250 1286/517/1249
f 1429/37/1377 1428/330/1376 1427/527/1376
f 1427/527/1376 1430/563/1378 1429/37/1377
f 1431/564/1379 1429/37/1377 1430/563/1378
f 1429/37/1377 1431/564/1379 1432/35/1379
f 1433/558/1380 1434/257/1381 1435/43/1382
f 1434/257/1381 1433/558/1380 1436/559/1383
f 1435/43/1382 1437/41/1384 1433/558/1380
f 1433/558/1380 1437/41/1384 1438/560/1385
f 1208/485/1171 1439/561/1386 1207/484/1170
f 1439/561/1386 1208/485/1171 1440/562/1387
f 1441/565/1388 1149/59/1113 1148/475/1112
f 1149/59/1113 1441/565/1388 1442/57/1389
f 1441/565/1388 1443/60/1390 1442/57/1389
f 1443/60/1390 1441/565/1388 1444/566/1391
f 1444/566/1391 202/98/201 1443/60/1390
f 1443/60/1390 202/98/201 203/61/202
f 1445/565/332 1179/475/1143 1180/59/1144
f 1180/59/1144 1446/57/1392 1445/565/332
f 1447/60/1393 1445/565/332 1446/57/1392
f 1445/565/332 1447/60/1393 1448/566/1394
f 204/98/203 1448/566/1394 1447/60/1393
f 1447/60/1393 205/61/204 204/98/203
f 1449/567/1395 1450/568/1396 1451/569/1397
f 1450/568/1396 1449/567/1395 1452/570/1395
f 1453/571/1398 1452/570/1395 1449/567/1395
f 1449/567/1395 1454/572/1399 1453/571/1398
f 1455/262/1400 1415/251/1365 1416/557/1365
f 1455/262/1400 1416/557/1365 1456/573/1401
f 1457/262/1402 1418/557/1367 1417/251/1366
f 1418/557/1367 1457/262/1402 1458/573/1403
f 1459/574/1404 664/304/652 665/305/653
f 665/305/653 1460/575/1405 1459/574/1404
f 1461/568/1406 1462/567/1407 1463/569/1408
f 1462/567/1407 1461/568/1406 1464/570/1409
f 1465/575/1410 1021/305/992 1024/435/995
f 1024/435/995 1466/576/1410 1465/575/1410
f 1467/222/1411 1468/577/1412 1469/578/1413
f 1469/578/1413 1470/218/1414 1467/222/1411
f 1467/222/1411 1388/550/1342 1468/577/1412
f 1388/550/1342 1467/222/1411 1387/223/1341
f 1464/570/1409 1471/572/1415 1462/567/1407
f 1471/572/1415 1464/570/1409 1472/571/1416
f 1473/579/1417 1471/572/1415 1472/571/1416
f 1471/572/1415 1473/579/1417 1474/580/1418
f 1475/222/1419 1476/578/1420 1477/577/1421
f 1475/222/1419 1478/218/1422 1476/578/1420
f 1396/550/1350 1475/222/1419 1477/577/1421
f 1475/222/1419 1396/550/1350 1395/223/1349
f 1479/581/1423 1451/569/1397 1450/568/1396
f 1451/569/1397 1479/581/1423 1480/582/1424
f 1463/569/1408 1481/581/1425 1461/568/1406
f 1481/581/1425 1463/569/1408 1482/582/1426
f 1345/538/1302 1483/583/1427 1484/584/1428
f 1484/584/1428 1344/537/1301 1345/538/1302
f 1064/230/1033 1485/39/1429 1063/56/1032
f 1485/39/1429 1064/230/1033 1486/585/1430
f 1453/571/1398 1454/572/1399 1487/579/1431
f 1454/572/1399 1488/580/1432 1487/579/1431
f 1351/538/1307 1489/584/1433 1490/583/1434
f 1489/584/1433 1351/538/1307 1350/537/1306
f 1096/230/1063 1491/39/1435 1492/585/1436
f 1491/39/1435 1096/230/1063 1095/56/1062
f 1192/487/1156 1493/586/1437 1494/555/1438
f 1494/555/1438 1193/105/1157 1192/487/1156
f 1495/220/1439 1470/218/1414 1496/587/1440
f 1470/218/1414 1469/578/1413 1496/587/1440
f 1187/487/1151 1497/555/1441 1498/586/1441
f 1497/555/1441 1187/487/1151 1186/105/1150
f 1322/330/1281 1499/37/1442 1323/527/1282
f 1323/527/1282 1499/37/1442 1500/563/1443
f 1499/37/1442 1501/564/1444 1500/563/1443
f 1501/564/1444 1499/37/1442 1502/35/1445
f 1503/220/1446 1504/587/1447 1478/218/1422
f 1476/578/1420 1478/218/1422 1504/587/1447
f 1129/169/1094 1505/588/1448 1506/451/1449
f 1505/588/1448 1129/169/1094 1128/466/1093
f 1507/533/1450 1506/451/1449 1505/588/1448
f 1505/588/1448 1508/589/1451 1507/533/1450
f 1483/583/1427 1487/579/1431 1488/580/1432
f 1488/580/1432 1484/584/1428 1483/583/1427
f 1190/488/1154 1509/109/1452 1189/108/1153
f 1509/109/1452 1190/488/1154 1510/590/1453
f 1511/360/1454 1510/590/1453 1512/591/1455
f 1510/590/1453 1511/360/1454 1509/109/1452
f 1196/488/1160 1513/109/1456 1514/590/1457
f 1513/109/1456 1196/488/1160 1195/108/1159
f 1514/590/1457 1515/360/1458 1516/591/1459
f 1515/360/1458 1514/590/1457 1513/109/1456
f 1490/583/1434 1474/580/1418 1473/579/1417
f 1474/580/1418 1490/583/1434 1489/584/1433
f 1517/372/1460 1495/220/1439 1518/592/1461
f 1518/592/1461 1495/220/1439 1496/587/1440
f 1519/52/1462 1402/554/1355 1401/24/1355
f 1402/554/1355 1519/52/1462 1520/593/1463
f 1521/594/1464 1520/593/1463 1519/52/1462
f 1521/594/1464 1519/52/1462 1522/55/1465
f 1408/554/1359 1523/52/1466 1407/24/1359
f 1523/52/1466 1408/554/1359 1524/593/1467
f 1524/593/1467 1525/594/1468 1523/52/1466
f 1523/52/1466 1525/594/1468 1526/55/1469
f 1527/278/1470 1455/262/1400 1456/573/1401
f 1527/278/1470 1456/573/1401 1528/595/1471
f 1529/596/1472 1527/278/1470 1528/595/1471
f 1527/278/1470 1529/596/1472 1530/281/1472
f 1529/596/1472 1531/312/1473 1530/281/1472
f 1529/596/1472 1532/597/1473 1531/312/1473
f 1533/278/1474 1458/573/1403 1457/262/1402
f 1458/573/1403 1533/278/1474 1534/595/1475
f 1533/278/1474 1535/596/1476 1534/595/1475
f 1535/596/1476 1533/278/1474 1536/281/1476
f 1536/281/1476 1537/312/1477 1535/596/1476
f 1538/597/1477 1535/596/1476 1537/312/1477
f 1421/559/1370 1539/496/1478 1540/598/1479
f 1539/496/1478 1421/559/1370 1420/257/1369
f 1541/372/1480 1542/592/1481 1503/220/1446
f 1542/592/1481 1504/587/1447 1503/220/1446
f 1436/559/1383 1543/496/1482 1434/257/1381
f 1543/496/1482 1436/559/1383 1544/598/1483
f 1405/553/1358 1545/48/1484 1546/599/1485
f 1545/48/1484 1405/553/1358 1404/50/1357
f 1547/600/1486 1548/33/1487 1549/601/1488
f 1548/33/1487 1547/600/1486 1550/31/1489
f 1547/600/1486 1551/602/1490 1550/31/1489
f 1552/603/1491 1553/604/1492 1554/10/1493
f 1554/10/1493 1124/464/1089 1552/603/1491
f 1554/10/1493 1121/13/1086 1124/464/1089
f 1555/599/1494 1556/48/1494 1400/553/1354
f 1556/48/1494 1397/50/1351 1400/553/1354
f 1480/582/1424 1557/605/1495 1558/606/1496
f 1557/605/1495 1480/582/1424 1479/581/1423
f 1559/411/1497 1532/597/1473 1560/607/1498
f 1532/597/1473 1559/411/1497 1531/312/1473
f 1561/607/1499 1538/597/1477 1562/411/1500
f 1538/597/1477 1537/312/1477 1562/411/1500
f 1563/608/1501 1564/395/1502 1565/363/1503
f 1564/395/1502 1563/608/1501 1566/609/1504
f 1482/582/1426 1567/605/1505 1481/581/1425
f 1567/605/1505 1482/582/1426 1568/606/1506
f 1569/603/1507 1570/10/1508 1571/604/1509
f 1569/603/1507 1177/464/1141 1570/10/1508
f 1177/464/1141 1174/13/1138 1570/10/1508
f 1572/608/1510 1573/395/1511 1574/609/1512
f 1573/395/1511 1572/608/1510 1575/363/1510
f 1512/591/1455 1565/363/1503 1511/360/1454
f 1565/363/1503 1512/591/1455 1563/608/1501
f 1516/591/1459 1575/363/1510 1572/608/1510
f 1575/363/1510 1516/591/1459 1515/360/1458
f 1555/599/1494 1576/610/1513 1577/445/1514
f 1577/445/1514 1556/48/1494 1555/599/1494
f 1578/611/1515 1579/30/1515 1580/31/1516
f 1578/611/1515 1580/31/1516 1581/600/1517
f 1581/600/1517 1580/31/1516 1582/602/1518
f 1578/611/1515 905/62/879 1579/30/1515
f 905/62/879 1578/611/1515 904/390/878
f 1546/599/1485 1583/445/1519 1584/610/1520
f 1583/445/1519 1546/599/1485 1545/48/1484
f 1518/592/1461 1585/612/1521 1517/372/1460
f 1585/612/1521 1586/371/1522 1517/372/1460
f 1587/613/1523 1588/607/1524 1589/614/1525
f 1588/607/1524 1587/613/1523 1590/615/1526
f 1590/615/1526 1587/613/1523 1591/616/1527
f 1587/613/1523 1592/617/1528 1591/616/1527
f 1593/618/1529 1591/616/1527 1592/617/1528
f 1591/616/1527 1593/618/1529 1594/619/1530
f 1594/619/1530 1593/618/1529 1595/620/1531
f 1593/618/1529 1596/621/1532 1595/620/1531
f 961/415/933 1597/622/1533 1598/623/1533
f 1597/622/1533 961/415/933 960/414/932
f 1599/607/1534 1600/613/1535 1601/614/1536
f 1600/613/1535 1599/607/1534 1602/615/1537
f 1603/616/1538 1600/613/1535 1602/615/1537
f 1600/613/1535 1603/616/1538 1604/617/1539
f 1603/616/1538 1605/618/1540 1604/617/1539
f 1605/618/1540 1603/616/1538 1606/619/1541
f 1607/620/1542 1605/618/1540 1606/619/1541
f 1605/618/1540 1607/620/1542 1608/621/1543
f 973/415/944 1609/622/1544 972/414/944
f 1609/622/1544 973/415/944 1610/623/1544
f 1611/544/1545 1612/530/1546 1613/544/1547
f 1614/548/1548 1611/544/1545 1615/548/1549
f 1542/592/1481 1541/372/1480 1616/612/1550
f 1616/612/1550 1541/372/1480 1617/371/1551
f 1618/544/1552 1619/544/1553 1620/530/1554
f 1621/548/1555 1622/548/1556 1618/544/1552
f 1623/624/1557 1624/54/1558 1625/53/1559
f 1624/54/1558 1623/624/1557 1626/625/1560
f 23/18/23 1624/54/1558 1626/625/1560
f 1624/54/1558 23/18/23 20/15/20
f 1627/625/1561 1628/624/1562 1629/54/1563
f 1629/54/1563 1628/624/1562 1630/53/1562
f 1629/54/1563 27/18/27 1627/625/1561
f 27/18/27 1629/54/1563 25/15/25
f 1598/623/1533 375/179/370 372/176/367
f 375/179/370 1598/623/1533 1597/622/1533
f 1610/623/1544 381/179/376 1609/622/1544
f 381/179/376 1610/623/1544 379/176/374
f 101/56/100 1631/89/1564 100/45/99
f 1631/89/1564 101/56/100 1632/88/1565
f 1633/209/1566 1631/89/1564 1632/88/1565
f 1631/89/1564 1633/209/1566 1634/626/1567
f 1633/209/1566 1635/627/1568 1634/626/1567
f 1636/38/1569 1637/628/1570 1638/629/1571
f 1638/629/1571 1639/63/1572 1636/38/1569
f 1636/38/1569 1486/585/1430 1637/628/1570
f 1486/585/1430 1636/38/1569 1485/39/1429
f 1638/629/1571 1410/65/1361 1639/63/1572
f 1410/65/1361 1638/629/1571 1409/551/1360
f 1549/601/1488 903/62/877 902/390/876
f 903/62/877 1549/601/1488 1548/33/1487
f 1640/38/1573 1641/630/1574 1642/628/1573
f 1641/630/1574 1640/38/1573 1643/63/1575
f 1492/585/1436 1640/38/1573 1642/628/1573
f 1640/38/1573 1492/585/1436 1491/39/1435
f 1394/65/1348 1641/630/1574 1643/63/1575
f 1641/630/1574 1394/65/1348 1393/551/1347
f 1558/606/1496 1644/631/1576 1645/632/1577
f 1644/631/1576 1558/606/1496 1557/605/1495
f 1646/414/1578 1647/413/1579 1648/615/1579
f 1646/414/1578 1648/615/1579 1649/616/1580
f 1650/414/1581 1651/615/1582 1652/413/1582
f 1651/615/1582 1650/414/1581 1653/616/1583
f 1654/46/1584 1423/41/1372 1424/560/1373
f 1424/560/1373 1655/633/1585 1654/46/1584
f 1656/634/1586 1654/46/1584 1655/633/1585
f 1654/46/1584 1656/634/1586 1657/390/1587
f 1658/631/1588 1568/606/1506 1659/632/1589
f 1568/606/1506 1658/631/1588 1567/605/1505
f 1647/413/1579 1560/607/1498 1648/615/1579
f 1560/607/1498 1647/413/1579 1559/411/1497
f 1652/413/1582 1651/615/1582 1561/607/1499
f 1652/413/1582 1561/607/1499 1562/411/1500
f 1574/609/1512 1660/469/1590 1661/635/1590
f 1660/469/1590 1574/609/1512 1573/395/1511
f 1576/610/1513 1661/635/1590 1660/469/1590
f 1576/610/1513 1660/469/1590 1577/445/1514
f 1566/609/1504 1662/469/1591 1564/395/1502
f 1662/469/1591 1566/609/1504 1663/635/1592
f 1584/610/1520 1662/469/1591 1663/635/1592
f 1662/469/1591 1584/610/1520 1583/445/1519
f 1664/46/1593 1438/560/1385 1437/41/1384
f 1438/560/1385 1664/46/1593 1665/633/1594
f 1664/46/1593 1666/634/1595 1665/633/1594
f 1666/634/1595 1664/46/1593 1667/390/1596
f 1668/530/1597 1669/502/1598 1670/530/1599
f 1669/502/1600 1671/453/1601 1672/502/1599
f 1673/530/1602 1674/530/1603 1675/502/1604
f 1675/502/1605 1676/502/1603 1677/453/1606
f 1540/598/1479 1678/471/1607 1679/636/1608
f 1678/471/1607 1540/598/1479 1539/496/1478
f 1544/598/1483 1680/471/1609 1543/496/1482
f 1680/471/1609 1544/598/1483 1681/636/1610
f 1682/637/1611 1683/638/1612 1684/470/1613
f 1682/637/1611 1684/470/1613 1685/462/1614
f 1679/636/1608 1684/470/1613 1683/638/1612
f 1684/470/1613 1679/636/1608 1678/471/1607
f 1686/179/1615 1687/639/1616 1688/177/1617
f 1687/639/1616 1686/179/1615 1689/620/1618
f 1690/181/1619 1688/177/1617 1687/639/1616
f 1690/181/1619 1687/639/1616 1691/640/1620
f 1691/640/1620 1692/641/1621 1690/181/1619
f 1693/179/1622 1694/639/1623 1695/620/1624
f 1694/639/1623 1693/179/1622 1696/177/1625
f 1694/639/1623 1696/177/1625 1697/181/1626
f 1698/640/1627 1694/639/1623 1697/181/1626
f 1698/640/1627 1697/181/1626 1699/641/1628
f 1243/477/1206 1700/642/1629 1241/503/1204
f 1700/642/1629 1243/477/1206 1701/507/1630
f 1702/462/1631 1703/470/1632 1704/637/1633
f 1705/638/1634 1704/637/1633 1703/470/1632
f 1703/470/1632 1681/636/1610 1705/638/1634
f 1681/636/1610 1703/470/1632 1680/471/1609
f 1245/503/1208 1706/642/1635 1247/477/1210
f 1706/642/1635 1707/507/1635 1247/477/1210
f 1708/430/1636 1709/431/1637 1710/430/1638
f 1711/453/1639 1708/430/1640 1712/453/1641
f 1713/430/1642 1714/430/1643 1715/431/1644
f 1716/453/1645 1717/453/1646 1713/430/1647
f 1682/637/1611 1685/462/1614 1718/643/1648
f 1685/462/1614 1719/461/1649 1718/643/1648
f 1720/468/1650 1721/394/1651 1722/644/1652
f 1720/468/1650 1722/644/1652 1723/645/1653
f 1724/646/1654 1720/468/1650 1723/645/1653
f 1720/468/1650 1724/646/1654 1725/446/1655
f 1702/462/1631 1704/637/1633 1726/643/1656
f 1726/643/1656 1727/461/1657 1702/462/1631
f 1728/468/1658 1729/644/1659 1730/394/1660
f 1729/644/1659 1728/468/1658 1731/645/1661
f 1728/468/1658 1732/646/1662 1731/645/1661
f 1732/646/1662 1728/468/1658 1733/446/1663
f 1734/539/1664 1735/539/1556 1621/548/1665
f 1736/539/1666 1614/548/1667 1737/539/1549
f 1738/526/1668 1739/539/1669 1740/526/1670
f 1741/526/1671 1742/526/1672 1743/539/1673
f 1744/647/1674 1745/648/1675 1746/649/1676
f 1745/648/1675 1744/647/1674 1747/634/1677
f 1748/522/1678 1749/480/1678 1750/522/1678
f 1751/522/1679 1752/522/1679 1753/480/1679
f 1754/481/1680 1738/526/1681 1755/481/1682
f 1756/481/1683 1757/481/1684 1741/526/1685
f 1758/650/1686 1746/649/1676 1745/648/1675
f 1746/649/1676 1758/650/1686 1759/651/1687
f 1759/651/1687 1758/650/1686 1760/652/1688
f 1761/653/1689 1762/481/1690 1763/653/1691
f 1733/446/1663 1764/654/1692 1732/646/1662
f 1764/654/1692 1733/446/1663 1765/51/1693
f 1766/653/1694 1767/653/1695 1768/481/1696
f 1725/446/1655 1769/654/1697 1770/51/1698
f 1769/654/1697 1725/446/1655 1724/646/1654
f 1771/642/1699 1772/655/1700 1773/656/1701
f 1772/655/1700 1771/642/1699 1774/503/1702
f 1775/622/1703 1646/414/1578 1649/616/1580
f 1649/616/1580 1776/619/1704 1775/622/1703
f 1689/620/1618 1775/622/1703 1776/619/1704
f 1775/622/1703 1689/620/1618 1686/179/1615
f 1777/622/1705 1653/616/1583 1650/414/1581
f 1653/616/1583 1777/622/1705 1778/619/1706
f 1777/622/1705 1695/620/1624 1778/619/1706
f 1695/620/1624 1777/622/1705 1693/179/1622
f 1779/522/1707 1780/436/1707 1781/436/1707
f 1782/642/1708 1783/655/1709 1784/503/1710
f 1783/655/1709 1782/642/1708 1785/656/1711
f 1786/522/1712 1787/436/1713 1788/436/1712
f 1789/480/1714 1790/479/1715 1791/480/1691
f 1792/556/1716 1793/657/1717 1794/658/1716
f 1793/657/1717 1792/556/1716 1795/104/1718
f 1796/480/1719 1797/480/1695 1798/479/1694
f 1799/431/1720 1800/447/1721 1801/431/1721
f 1802/431/1722 1803/431/1722 1804/447/1722
f 1805/367/1723 1806/447/1724 1807/447/1724
f 1808/657/1725 1809/556/1726 1810/658/1726
f 1809/556/1726 1808/657/1725 1811/104/1727
f 1719/461/1649 1812/460/1728 1813/659/1729
f 1719/461/1649 1813/659/1729 1718/643/1648
f 1814/367/1730 1815/447/1730 1816/447/1730
f 1817/460/1731 1727/461/1657 1818/659/1732
f 1818/659/1732 1727/461/1657 1726/643/1656
f 1819/318/1733 1820/367/1734 1821/367/1735
f 1822/660/1736 1823/574/1737 1824/661/1738
f 1823/574/1737 1822/660/1736 1825/304/1739
f 1826/318/1740 1827/367/1741 1828/367/1741
f 1829/662/1742 1608/621/1543 1830/639/1743
f 1608/621/1543 1607/620/1542 1830/639/1743
f 1830/639/1743 1831/663/1744 1829/662/1742
f 1831/663/1744 1830/639/1743 1832/640/1745
f 1831/663/1744 1832/640/1745 1833/664/1746
f 1834/639/1747 1596/621/1532 1835/662/1748
f 1595/620/1531 1596/621/1532 1834/639/1747
f 1836/663/1749 1834/639/1747 1835/662/1748
f 1834/639/1747 1836/663/1749 1837/640/1750
f 1836/663/1749 1838/664/1751 1837/640/1750
f 1839/665/1752 1721/394/1651 1840/362/1753
f 1721/394/1651 1839/665/1752 1722/644/1652
f 1841/665/1754 1730/394/1660 1729/644/1659
f 1730/394/1660 1841/665/1754 1842/362/1755
f 1843/353/1756 1844/353/1757 1845/436/1758
f 1846/317/1759 1847/317/1760 1843/353/1761
f 1848/318/1762 1849/317/1762 1850/318/1762
f 1851/353/1763 1852/436/1764 1853/353/1765
f 1854/317/1766 1851/353/1767 1855/317/1768
f 1856/318/1769 1857/318/1770 1858/317/1771
f 1859/583/1772 1860/546/1773 1861/545/1772
f 1860/546/1773 1859/583/1772 1862/579/1773
f 1840/362/1753 1863/666/1774 1839/665/1752
f 1863/666/1774 1840/362/1753 1864/361/1775
f 1842/362/1755 1841/665/1754 1865/666/1776
f 1842/362/1755 1865/666/1776 1866/361/1777
f 1867/583/1778 1868/546/1779 1869/579/1780
f 1868/546/1779 1867/583/1778 1870/545/1781
f 1871/15/1782 185/55/184 1872/667/1783
f 185/55/184 1871/15/1782 184/54/183
f 1589/614/1525 1873/597/1784 1874/668/1785
f 1873/597/1784 1589/614/1525 1588/607/1524
f 1875/597/1786 1601/614/1536 1876/668/1787
f 1601/614/1536 1875/597/1786 1599/607/1534
f 97/55/96 1877/15/1788 1878/667/1789
f 1877/15/1788 97/55/96 96/54/95
f 1879/669/1790 1880/107/1791 1881/670/1792
f 1880/107/1791 1879/669/1790 1882/110/1793
f 1879/669/1790 1864/361/1775 1882/110/1793
f 1864/361/1775 1879/669/1790 1863/666/1774
f 1883/596/1794 1884/671/1795 1885/672/1796
f 1884/671/1795 1883/596/1794 1886/595/1797
f 1874/668/1785 1883/596/1794 1885/672/1796
f 1883/596/1794 1874/668/1785 1873/597/1784
f 1887/596/1798 1888/672/1799 1889/671/1800
f 1889/671/1800 1890/595/1801 1887/596/1798
f 1887/596/1798 1876/668/1787 1888/672/1799
f 1876/668/1787 1887/596/1798 1875/597/1786
f 1891/538/1802 1861/545/1772 1892/551/1803
f 1861/545/1772 1891/538/1802 1859/583/1772
f 1893/636/1804 1894/673/1805 1895/598/1806
f 1894/673/1805 1896/674/1807 1895/598/1806
f 1897/675/1808 1895/598/1806 1896/674/1807
f 1895/598/1806 1897/675/1808 1898/559/1809
f 1898/559/1809 1897/675/1808 1899/558/1810
f 1897/675/1808 1900/676/1811 1899/558/1810
f 1901/677/1812 1899/558/1810 1900/676/1811
f 1899/558/1810 1901/677/1812 1902/560/1813
f 1862/579/1773 1903/550/1814 1860/546/1773
f 1903/550/1814 1862/579/1773 1904/571/1814
f 1905/538/1815 1870/545/1781 1867/583/1778
f 1870/545/1781 1905/538/1815 1906/551/1816
f 1795/104/1718 1907/678/1817 1793/657/1717
f 1907/678/1817 1795/104/1718 1908/106/1818
f 1907/678/1817 1908/106/1818 1909/107/1819
f 1910/670/1820 1907/678/1817 1909/107/1819
f 1909/107/1819 1911/669/1821 1910/670/1820
f 1911/669/1821 1909/107/1819 1912/110/1822
f 1911/669/1821 1912/110/1822 1866/361/1777
f 1865/666/1776 1911/669/1821 1866/361/1777
f 1913/679/1823 1774/503/1702 1914/504/1824
f 1774/503/1702 1913/679/1823 1772/655/1700
f 1869/579/1780 1915/550/1825 1916/571/1826
f 1915/550/1825 1869/579/1780 1868/546/1779
f 1917/679/1827 1784/503/1710 1783/655/1709
f 1784/503/1710 1917/679/1827 1918/504/1828
f 1812/460/1728 1919/459/1829 1920/680/1830
f 1920/680/1830 1813/659/1729 1812/460/1728
f 1921/681/1831 1922/682/1832 1923/637/1833
f 1921/681/1831 1923/637/1833 1924/643/1834
f 1925/683/1835 1923/637/1833 1922/682/1832
f 1923/637/1833 1925/683/1835 1926/638/1836
f 1926/638/1836 1925/683/1835 1893/636/1804
f 1925/683/1835 1894/673/1805 1893/636/1804
f 1927/459/1837 1817/460/1731 1928/680/1838
f 1928/680/1838 1817/460/1731 1818/659/1732
f 1929/557/1839 1930/684/1840 1931/685/1841
f 1930/684/1840 1929/557/1839 1932/547/1842
f 1931/685/1841 1933/573/1843 1929/557/1839
f 1933/573/1843 1931/685/1841 1934/686/1844
f 1934/686/1844 1886/595/1797 1933/573/1843
f 1886/595/1797 1934/686/1844 1884/671/1795
f 1935/557/1845 1936/685/1846 1937/684/1847
f 1937/684/1847 1938/547/1848 1935/557/1845
f 1936/685/1846 1935/557/1845 1939/573/1849
f 1939/573/1849 1940/686/1850 1936/685/1846
f 1940/686/1850 1939/573/1849 1890/595/1801
f 1890/595/1801 1889/671/1800 1940/686/1850
f 1941/527/1851 1942/687/1852 1943/517/1853
f 1942/687/1852 1941/527/1851 1944/688/1854
f 1945/527/1855 1946/517/1856 1947/687/1856
f 1947/687/1856 1948/688/1857 1945/527/1855
f 1949/689/1858 1521/594/1464 1522/55/1465
f 1949/689/1858 1522/55/1465 1950/667/1859
f 1951/689/1860 1526/55/1469 1525/594/1468
f 1526/55/1469 1951/689/1860 1952/667/1861
f 1953/637/1862 1954/681/1863 1955/643/1864
f 1954/681/1863 1953/637/1862 1956/682/1862
f 1953/637/1862 1957/683/1865 1956/682/1862
f 1957/683/1865 1953/637/1862 1958/638/1866
f 1958/638/1866 1959/636/1867 1957/683/1865
f 1957/683/1865 1959/636/1867 1960/673/1868
f 1959/636/1867 1961/598/1869 1960/673/1868
f 1960/673/1868 1961/598/1869 1962/674/1870
f 1961/598/1869 1963/675/1871 1962/674/1870
f 1963/675/1871 1961/598/1869 1964/559/1872
f 1965/558/1873 1963/675/1871 1964/559/1872
f 1963/675/1871 1965/558/1873 1966/676/1874
f 1965/558/1873 1967/677/1875 1966/676/1874
f 1967/677/1875 1965/558/1873 1968/560/1876
f 1969/209/1877 1970/626/1878 1971/627/1879
f 1969/209/1877 181/89/180 1970/626/1878
f 181/89/180 1969/209/1877 180/88/179
f 1972/515/1880 1973/514/1881 1974/690/1882
f 1974/690/1882 1973/514/1881 1975/691/1881
f 1973/514/1881 1976/692/1883 1975/691/1881
f 1976/692/1883 1973/514/1881 1977/516/1883
f 1943/517/1853 1976/692/1883 1977/516/1883
f 1976/692/1883 1943/517/1853 1942/687/1852
f 1978/514/1884 1979/515/1885 1980/690/1885
f 1980/690/1885 1981/691/1886 1978/514/1884
f 1982/692/1887 1978/514/1884 1981/691/1886
f 1978/514/1884 1982/692/1887 1983/516/1887
f 1946/517/1856 1983/516/1887 1982/692/1887
f 1946/517/1856 1982/692/1887 1947/687/1856
f 1984/422/1888 1985/693/1889 1986/694/1890
f 1985/693/1889 1984/422/1888 1987/531/1889
f 1987/531/1889 1972/515/1880 1985/693/1889
f 1985/693/1889 1972/515/1880 1974/690/1882
f 1988/577/1891 1989/570/1892 1990/568/1893
f 1990/568/1893 1991/578/1893 1988/577/1891
f 1988/577/1891 1904/571/1814 1989/570/1892
f 1904/571/1814 1988/577/1891 1903/550/1814
f 1992/693/1894 1993/422/1895 1994/694/1896
f 1993/422/1895 1992/693/1894 1995/531/1897
f 1979/515/1885 1995/531/1897 1992/693/1894
f 1992/693/1894 1980/690/1885 1979/515/1885
f 1996/563/1898 1997/564/1899 1998/695/1900
f 1999/696/1899 1998/695/1900 1997/564/1899
f 2000/419/1901 2001/541/1902 2002/697/1903
f 2002/697/1903 2003/698/1904 2000/419/1901
f 2004/541/1905 2005/419/1906 2006/697/1905
f 2006/697/1905 2005/419/1906 2007/698/1907
f 1932/547/1842 2008/699/1908 1930/684/1840
f 2008/699/1908 1932/547/1842 2009/509/1909
f 1938/547/1848 1937/684/1847 2010/699/1910
f 1938/547/1848 2010/699/1910 2011/509/1911
f 2012/564/1912 2013/695/1913 2014/696/1914
f 2013/695/1913 2012/564/1912 2015/563/1915
f 2016/570/1916 2017/577/1917 2018/568/1918
f 2018/568/1918 2017/577/1917 2019/578/1919
f 1916/571/1826 2017/577/1917 2016/570/1916
f 2017/577/1917 1916/571/1826 1915/550/1825
f 2020/700/1920 2021/543/1921 2022/701/1922
f 2023/403/1923 2022/701/1922 2021/543/1921
f 2022/701/1922 2023/403/1923 2024/702/1924
f 2023/403/1923 2025/703/1925 2024/702/1924
f 2025/703/1925 2023/403/1923 2026/267/1926
f 2027/704/1927 2028/275/1928 2029/705/1929
f 2028/275/1928 2027/704/1927 2030/373/1927
f 2031/165/1930 2032/706/1930 2033/238/1931
f 2034/707/1931 2033/238/1931 2032/706/1930
f 2035/704/1932 2036/705/1933 2037/275/1934
f 2037/275/1934 2038/373/1932 2035/704/1932
f 2039/708/1935 1770/51/1698 1769/654/1697
f 1770/51/1698 2039/708/1935 2040/49/1936
f 2039/708/1935 2041/25/1937 2040/49/1936
f 2041/25/1937 2039/708/1935 2042/709/1938
f 2043/197/1939 2044/482/1940 2045/289/1941
f 2043/197/1939 2045/289/1941 2046/158/1942
f 2043/197/1939 2047/485/1943 2044/482/1940
f 2047/485/1943 2043/197/1939 2048/273/1944
f 2048/273/1944 2049/497/1945 2047/485/1943
f 2050/562/1946 2047/485/1943 2049/497/1945
f 2051/708/1947 1765/51/1693 2052/49/1948
f 1765/51/1693 2051/708/1947 1764/654/1692
f 2051/708/1947 2052/49/1948 2053/25/1949
f 2053/25/1949 2054/709/1950 2051/708/1947
f 2055/710/1951 2056/494/1952 2057/711/1953
f 2058/338/1954 2057/711/1953 2056/494/1952
f 2057/711/1953 2058/338/1954 2059/712/1955
f 2032/706/1930 2031/165/1930 2060/713/1956
f 2031/165/1930 2061/162/1957 2060/713/1956
f 2062/714/1958 2063/513/1959 2064/715/1960
f 2065/313/1961 2064/715/1960 2063/513/1959
f 2064/715/1960 2065/313/1961 2066/716/1962
f 2067/714/1963 2068/715/1964 2069/513/1965
f 2068/715/1964 2070/313/1966 2069/513/1965
f 2070/313/1966 2068/715/1964 2071/716/1967
f 2072/717/1968 2073/239/1969 2074/718/1970
f 2073/239/1969 2072/717/1968 2075/340/1971
f 2074/718/1970 2073/239/1969 2034/707/1931
f 2073/239/1969 2033/238/1931 2034/707/1931
f 2076/197/1972 2077/289/1973 2078/482/1974
f 2077/289/1973 2076/197/1972 2079/158/1975
f 2080/485/1976 2076/197/1972 2078/482/1974
f 2076/197/1972 2080/485/1976 2081/273/1977
f 2082/497/1978 2081/273/1977 2080/485/1976
f 2080/485/1976 2083/562/1979 2082/497/1978
f 2084/166/1980 2085/719/1981 2061/162/1957
f 2060/713/1956 2061/162/1957 2085/719/1981
f 2086/720/1982 2084/166/1980 2087/168/1983
f 2085/719/1981 2084/166/1980 2086/720/1982
f 2088/450/1984 2086/720/1982 2087/168/1983
f 2086/720/1982 2088/450/1984 2089/721/1985
f 2089/721/1985 2088/450/1984 2090/722/1986
f 2088/450/1984 2091/532/1987 2090/722/1986
f 2092/723/1988 1914/504/1824 2093/68/1989
f 1914/504/1824 2092/723/1988 1913/679/1823
f 2094/723/1990 1918/504/1828 1917/679/1827
f 1918/504/1828 2094/723/1990 2095/68/1991
f 2096/724/1992 2097/511/1993 2098/725/1994
f 2098/725/1994 2097/511/1993 2099/455/1995
f 2100/726/1996 2097/511/1993 2096/724/1992
f 2097/511/1993 2100/726/1996 2101/508/1997
f 2100/726/1996 2009/509/1909 2101/508/1997
f 2008/699/1908 2009/509/1909 2100/726/1996
f 2102/511/1998 2103/724/1999 2104/725/2000
f 2104/725/2000 2105/455/2001 2102/511/1998
f 2102/511/1998 2106/726/2002 2103/724/1999
f 2106/726/2002 2102/511/1998 2107/508/2003
f 2011/509/1911 2106/726/2002 2107/508/2003
f 2011/509/1911 2010/699/1910 2106/726/2002
f 2059/712/1955 2075/340/1971 2072/717/1968
f 2075/340/1971 2059/712/1955 2058/338/1954
f 2108/535/2004 1906/551/1816 1905/538/1815
f 1906/551/1816 2108/535/2004 2109/630/2005
f 2110/592/2006 2111/605/2007 2112/631/2008
f 2110/592/2006 2112/631/2008 2113/612/2008
f 2110/592/2006 2114/581/2009 2111/605/2007
f 2114/581/2009 2110/592/2006 2115/587/2010
f 2114/581/2009 2115/587/2010 1991/578/1893
f 1991/578/1893 1990/568/1893 2114/581/2009
f 2116/316/2011 2066/716/1962 2065/313/1961
f 2066/716/1962 2116/316/2011 2117/727/2012
f 2118/585/2013 2119/231/2014 2120/521/2015
f 2119/231/2014 2118/585/2013 2121/230/2016
f 2119/231/2014 2121/230/2016 19/14/19
f 2119/231/2014 19/14/19 18/13/18
f 2122/316/2017 2071/716/1967 2123/727/2018
f 2071/716/1967 2122/316/2017 2070/313/1966
f 2124/106/2019 1881/670/1792 1880/107/1791
f 1881/670/1792 2124/106/2019 2125/678/2020
f 2126/728/2021 2025/703/1925 2026/267/1926
f 2026/267/1926 2127/184/2022 2126/728/2021
f 2128/729/2023 2126/728/2021 2127/184/2022
f 2127/184/2022 2129/186/2024 2128/729/2023
f 2130/605/2025 2131/592/2026 2132/631/2027
f 2132/631/2027 2131/592/2026 2133/612/2027
f 2134/581/2028 2131/592/2026 2130/605/2025
f 2131/592/2026 2134/581/2028 2135/587/2029
f 2134/581/2028 2019/578/1919 2135/587/2029
f 2018/568/1918 2019/578/1919 2134/581/2028
f 1625/53/1559 2136/730/2030 1623/624/1557
f 2136/730/2030 1625/53/1559 2137/27/2030
f 1628/624/1562 2138/730/2031 1630/53/1562
f 2138/730/2031 2139/27/2032 1630/53/1562
f 2098/725/1994 2099/455/1995 2140/731/2033
f 2140/731/2033 2099/455/1995 2141/454/2034
f 2104/725/2000 2142/731/2035 2105/455/2001
f 2142/731/2035 2143/454/2036 2105/455/2001
f 2117/727/2012 2144/215/2037 2145/732/2038
f 2144/215/2037 2117/727/2012 2116/316/2011
f 2145/732/2038 2144/215/2037 2146/733/2039
f 2146/733/2039 2144/215/2037 2147/173/2040
f 2148/172/2041 2146/733/2039 2147/173/2040
f 2146/733/2039 2148/172/2041 2149/734/2042
f 2149/734/2042 2148/172/2041 2036/705/1933
f 2148/172/2041 2037/275/1934 2036/705/1933
f 2150/215/2043 2123/727/2018 2151/732/2044
f 2123/727/2018 2150/215/2043 2122/316/2017
f 2152/733/2045 2150/215/2043 2151/732/2044
f 2150/215/2043 2152/733/2045 2153/173/2046
f 2152/733/2045 2154/172/2047 2153/173/2046
f 2154/172/2047 2152/733/2045 2155/734/2048
f 2154/172/2047 2155/734/2048 2029/705/1929
f 2154/172/2047 2029/705/1929 2028/275/1928
f 1996/563/1898 1944/688/1854 1941/527/1851
f 1998/695/1900 1944/688/1854 1996/563/1898
f 2156/735/2049 2128/729/2023 2129/186/2024
f 2129/186/2024 2157/189/2050 2156/735/2049
f 1948/688/1857 2013/695/1913 2015/563/1915
f 1948/688/1857 2015/563/1915 1945/527/1855
f 2158/736/2051 2159/378/2052 2160/254/2053
f 2161/380/2054 2160/254/2053 2159/378/2052
f 2160/254/2053 2161/380/2054 2162/245/2054
f 2163/736/2055 2164/254/2056 2165/378/2057
f 2164/254/2056 2166/380/2058 2165/378/2057
f 2166/380/2058 2164/254/2056 2167/245/2058
f 2125/678/2020 1811/104/1727 1808/657/1725
f 1811/104/1727 2125/678/2020 2124/106/2019
f 2156/735/2049 2157/189/2050 2168/737/2059
f 2157/189/2050 2169/138/2060 2168/737/2059
f 2162/245/2054 2170/381/2061 2171/244/2061
f 2170/381/2061 2162/245/2054 2161/380/2054
f 2172/201/2062 2171/244/2061 2170/381/2061
f 2172/201/2062 2170/381/2061 2173/384/2063
f 2174/161/2064 2172/201/2062 2173/384/2063
f 2174/161/2064 2173/384/2063 2175/290/2065
f 2176/381/2066 2167/245/2058 2177/244/2066
f 2167/245/2058 2176/381/2066 2166/380/2058
f 2178/201/2067 2176/381/2066 2177/244/2066
f 2176/381/2066 2178/201/2067 2179/384/2068
f 2180/161/2069 2179/384/2068 2178/201/2067
f 2179/384/2068 2180/161/2069 2181/290/2069
f 2182/738/2070 2168/737/2059 2169/138/2060
f 2169/138/2060 2183/137/2071 2182/738/2070
f 1825/304/1739 2182/738/2070 2183/137/2071
f 2182/738/2070 1825/304/1739 1822/660/1736
f 2184/739/2072 1950/667/1859 2185/740/2073
f 2184/739/2072 1949/689/1858 1950/667/1859
f 2185/740/2073 2186/741/2074 2184/739/2072
f 2187/740/2075 1952/667/1861 2188/739/2076
f 1952/667/1861 1951/689/1860 2188/739/2076
f 2187/740/2075 2188/739/2076 2189/741/2077
f 2190/420/2078 2000/419/1901 2003/698/1904
f 2003/698/1904 2191/742/2079 2190/420/2078
f 2005/419/1906 2192/420/2080 2007/698/1907
f 2007/698/1907 2192/420/2080 2193/742/2081
f 2194/680/2082 2195/743/2083 2196/659/2084
f 2195/743/2083 2194/680/2082 2197/744/2085
f 2196/659/2084 2195/743/2083 1924/643/1834
f 2195/743/2083 1921/681/1831 1924/643/1834
f 2198/680/2086 2199/743/2087 2200/744/2088
f 2199/743/2087 2198/680/2086 2201/659/2089
f 2201/659/2089 1955/643/1864 2199/743/2087
f 2199/743/2087 1955/643/1864 1954/681/1863
f 2136/730/2030 2137/27/2030 2042/709/1938
f 2042/709/1938 2137/27/2030 2041/25/1937
f 2138/730/2031 2054/709/1950 2139/27/2032
f 2054/709/1950 2053/25/1949 2139/27/2032
f 2191/742/2079 2202/745/2090 2203/421/2091
f 2191/742/2079 2203/421/2091 2190/420/2078
f 1994/694/1896 2203/421/2091 2202/745/2090
f 2203/421/2091 1994/694/1896 1993/422/1895
f 2192/420/2080 2204/421/2092 2193/742/2081
f 2193/742/2081 2204/421/2092 2205/745/2093
f 2204/421/2092 1986/694/1890 2205/745/2093
f 1986/694/1890 2204/421/2092 1984/422/1888
f 2175/290/2065 2079/158/1975 2174/161/2064
f 2079/158/1975 2175/290/2065 2077/289/1973
f 2045/289/1941 2181/290/2069 2046/158/1942
f 2046/158/1942 2181/290/2069 2180/161/2069
f 2206/746/2094 2207/81/2095 2208/747/2096
f 2207/81/2095 2206/746/2094 2209/83/2097
f 2209/83/2097 2206/746/2094 2210/84/2098
f 2206/746/2094 2211/748/2099 2210/84/2098
f 2212/749/2100 2095/68/1991 2094/723/1990
f 2095/68/1991 2212/749/2100 2213/67/2101
f 2214/81/2102 2215/746/2103 2216/747/2104
f 2215/746/2103 2214/81/2102 2217/83/2103
f 2217/83/2103 2218/84/2105 2215/746/2103
f 2215/746/2103 2218/84/2105 2219/748/2106
f 2208/747/2096 2220/75/2107 2221/750/2108
f 2220/75/2107 2208/747/2096 2207/81/2095
f 2222/749/2109 2093/68/1989 2223/67/2110
f 2093/68/1989 2222/749/2109 2092/723/1988
f 1902/560/1813 2224/751/2111 2225/633/2112
f 2224/751/2111 1902/560/1813 1901/677/1812
f 2224/751/2111 2226/634/2113 2225/633/2112
f 2224/751/2111 2227/647/2114 2226/634/2113
f 2228/752/2115 2226/634/2113 2227/647/2114
f 2226/634/2113 2228/752/2115 2229/753/2116
f 2230/650/2117 2229/753/2116 2228/752/2115
f 2228/752/2115 2231/651/2118 2230/650/2117
f 2231/651/2118 2232/652/2119 2230/650/2117
f 2233/750/2120 2234/73/2121 2235/75/2122
f 2234/73/2121 2233/750/2120 2236/754/2123
f 2235/75/2122 2216/747/2104 2233/750/2120
f 2216/747/2104 2235/75/2122 2214/81/2102
f 2237/626/2124 2238/755/2125 2239/756/2126
f 2239/756/2126 1126/89/1091 2237/626/2124
f 2239/756/2126 1125/465/1090 1126/89/1091
f 2240/626/2127 2241/756/2128 2242/755/2129
f 1204/89/1167 2241/756/2128 2240/626/2127
f 2241/756/2128 1204/89/1167 1203/465/1166
f 1657/390/1587 2243/753/2130 2244/601/2131
f 2243/753/2130 1657/390/1587 1656/634/1586
f 2245/757/2132 2213/67/2101 2212/749/2100
f 2213/67/2101 2245/757/2132 2246/70/2132
f 2245/757/2132 2247/73/2133 2246/70/2132
f 2247/73/2133 2245/757/2132 2248/754/2134
f 2221/750/2108 2247/73/2133 2248/754/2134
f 2247/73/2133 2221/750/2108 2220/75/2107
f 2249/648/2135 1667/390/1596 2250/611/2136
f 1667/390/1596 2249/648/2135 1666/634/1595
f 498/231/490 2251/585/2137 2252/521/2138
f 2251/585/2137 498/231/490 497/230/489
f 2236/754/2123 2253/70/2139 2234/73/2121
f 2253/70/2139 2236/754/2123 2254/757/2140
f 2254/757/2140 2223/67/2110 2253/70/2139
f 2223/67/2110 2254/757/2140 2222/749/2109
f 1968/560/1876 2255/751/2141 1967/677/1875
f 2255/751/2141 1968/560/1876 2256/633/2142
f 1747/634/1677 2255/751/2141 2256/633/2142
f 1744/647/1674 2255/751/2141 1747/634/1677
f 2257/628/2143 2258/519/2143 2259/535/2144
f 2259/535/2144 2260/629/2145 2257/628/2143
f 2257/628/2143 2120/521/2015 2258/519/2143
f 2120/521/2015 2257/628/2143 2118/585/2013
f 2259/535/2144 1892/551/1803 2260/629/2145
f 1892/551/1803 2259/535/2144 1891/538/1802
f 2244/601/2131 2261/650/2146 2262/600/2147
f 2261/650/2146 2244/601/2131 2243/753/2130
f 2261/650/2146 2263/758/2148 2262/600/2147
f 2264/650/2149 2250/611/2136 2265/600/2150
f 2250/611/2136 2264/650/2149 2249/648/2135
f 2264/650/2149 2265/600/2150 2266/758/2151
f 2267/519/2152 2109/630/2005 2108/535/2004
f 2109/630/2005 2267/519/2152 2268/628/2153
f 2252/521/2138 2268/628/2153 2267/519/2152
f 2268/628/2153 2252/521/2138 2251/585/2137
f 1872/667/1783 2269/17/2154 1871/15/1782
f 2269/17/2154 1872/667/1783 2270/740/2155
f 2269/17/2154 2270/740/2155 2271/759/2156
f 1878/667/1789 2272/17/2157 2273/740/2158
f 2272/17/2157 1878/667/1789 1877/15/1788
f 2272/17/2157 2274/759/2159 2273/740/2158
