#verts = 6554, #faces = 4204
v 0.007988008 1.606969 -0.01723249 1.0
v 0.008149572 1.607929 -0.007354723 1.0
v 0.00853084 1.607084 0.002573242 1.0
v 0.008772206 1.605271 0.01245808 1.0
v 0.008665781 1.60376 0.02222821 1.0
v 0.008002207 1.601577 0.03216675 1.0
v 0.006703692 1.598328 0.04202391 1.0
v 0.005119481 1.594214 0.05124978 1.0
v 0.00341898 1.589428 0.05985806 1.0
v 0.001173941 1.583182 0.06870025 1.0
v -0.0009278285 1.577069 0.07564445 1.0
v -0.001549135 1.572491 0.08031455 1.0
v -0.0009387176 1.568885 0.0841997 1.0
v 0.0003016931 1.562278 0.09010225 1.0
v 0.001349357 1.552282 0.09654942 1.0
v 0.001438718 1.542905 0.1006998 1.0
v 0.001359794 1.535165 0.102902 1.0
v 0.001838902 1.527281 0.1038063 1.0
v 0.0029069 1.518536 0.1039232 1.0
v 0.004427978 1.509111 0.1036669 1.0
v 0.00605501 1.500453 0.1024286 1.0
v 0.008246139 1.491295 0.1009597 1.0
v 0.01071943 1.481064 0.09995045 1.0
v 0.01225999 1.471302 0.09913236 1.0
v 0.01386279 1.463443 0.09841954 1.0
v 0.01782167 1.456321 0.09794841 1.0
v 0.02442306 1.449154 0.09781314 1.0
v 0.03136643 1.441843 0.09772445 1.0
v 0.007988008 1.606969 -0.01723249 1.0
v 0.008149572 1.607929 -0.007354723 1.0
v 0.00853084 1.607084 0.002573242 1.0
v 0.008772206 1.605271 0.01245808 1.0
v 0.008665781 1.60376 0.02222821 1.0
v 0.008002207 1.601577 0.03216675 1.0
v 0.006703692 1.598328 0.04202391 1.0
v 0.005119481 1.594214 0.05124978 1.0
v 0.00341898 1.589428 0.05985806 1.0
v 0.001173941 1.583182 0.06870025 1.0
v -0.0009278285 1.577069 0.07564445 1.0
v -0.001549135 1.572491 0.08031455 1.0
v -0.0009387176 1.568885 0.0841997 1.0
v 0.0003016931 1.562278 0.09010225 1.0
v 0.001349357 1.552282 0.09654942 1.0
v 0.001438718 1.542905 0.1006998 1.0
v 0.001359794 1.535165 0.102902 1.0
v 0.001838902 1.527281 0.1038063 1.0
v 0.0029069 1.518536 0.1039232 1.0
v 0.004427978 1.509111 0.1036669 1.0
v 0.00605501 1.500453 0.1024286 1.0
v 0.008246139 1.491295 0.1009597 1.0
v 0.01071943 1.481064 0.09995045 1.0
v 0.01225999 1.471302 0.09913236 1.0
v 0.01386279 1.463443 0.09841954 1.0
v 0.01782167 1.456321 0.09794841 1.0
v 0.02442306 1.449154 0.09781314 1.0
v 0.03136643 1.441843 0.09772445 1.0
v 0.0003774355 1.603991 -0.01832488 1.0
v -0.00142465 1.604109 -0.008991478 1.0
v -0.003039159 1.602396 -0.00047844 1.0
v -0.00482911 1.599685 0.00877462 1.0
v -0.006584441 1.597356 0.01790948 1.0
v -0.008320265 1.594702 0.02654425 1.0
v -0.01027949 1.591438 0.03479658 1.0
v -0.01250121 1.587517 0.04274289 1.0
v -0.0147943 1.583038 0.05026303 1.0
v -0.01726208 1.577971 0.05724622 1.0
v -0.02006111 1.57208 0.06395609 1.0
v -0.0216618 1.565831 0.07018808 1.0
v -0.02124463 1.559227 0.07631372 1.0
v -0.01993013 1.552456 0.08182767 1.0
v -0.01903926 1.545228 0.08649055 1.0
v -0.01868303 1.53742 0.09042754 1.0
v -0.01805348 1.52941 0.09356128 1.0
v -0.01660343 1.521289 0.09571368 1.0
v -0.01427312 1.512628 0.096979 1.0
v -0.01124931 1.503577 0.09764797 1.0
v -0.007974043 1.495083 0.09752654 1.0
v -0.004088563 1.486291 0.09687876 1.0
v -0.000139073 1.477126 0.09652512 1.0
v 0.00329654 1.467925 0.09657606 1.0
v 0.007844156 1.459209 0.09679411 1.0
v 0.01490631 1.452342 0.09712483 1.0
v 0.02315881 1.447085 0.09752871 1.0
v 0.03127238 1.441747 0.09772035 1.0
v -0.007113598 1.6069 -0.02017077 1.0
v -0.01097047 1.607792 -0.01105157 1.0
v -0.01500578 1.606826 -0.002004803 1.0
v -0.01894124 1.604863 0.006826386 1.0
v -0.02257824 1.60303 0.01584991 1.0
v -0.02578262 1.600692 0.02442438 1.0
v -0.02879395 1.597765 0.032492 1.0
v -0.03194047 1.594209 0.04049836 1.0
v -0.03512786 1.589942 0.04839253 1.0
v -0.03809606 1.585676 0.0550538 1.0
v -0.04160402 1.579904 0.06244615 1.0
v -0.04446579 1.57126 0.07157385 1.0
v -0.04454393 1.560792 0.0810569 1.0
v -0.04324333 1.552493 0.08737536 1.0
v -0.04233163 1.546186 0.09130485 1.0
v -0.04135635 1.538053 0.09552801 1.0
v -0.03941368 1.52753 0.09968124 1.0
v -0.03592373 1.516804 0.102651 1.0
v -0.03148817 1.506962 0.1040381 1.0
v -0.02663205 1.498011 0.1043578 1.0
v -0.0209558 1.488727 0.1039119 1.0
v -0.01523344 1.480317 0.1027053 1.0
v -0.01009686 1.472764 0.1017181 1.0
v -0.004780386 1.46438 0.1011012 1.0
v 0.002691272 1.455167 0.1005223 1.0
v 0.012568 1.448841 0.0998234 1.0
v 0.02219561 1.445344 0.09894507 1.0
v 0.03120704 1.441667 0.09780731 1.0
v -0.007113598 1.6069 -0.02017077 1.0
v -0.01097047 1.607792 -0.01105157 1.0
v -0.01500578 1.606826 -0.002004803 1.0
v -0.01894124 1.604863 0.006826386 1.0
v -0.02257824 1.60303 0.01584991 1.0
v -0.02578262 1.600692 0.02442438 1.0
v -0.02879395 1.597765 0.032492 1.0
v -0.03194047 1.594209 0.04049836 1.0
v -0.03512786 1.589942 0.04839253 1.0
v -0.03809606 1.585676 0.0550538 1.0
v -0.04160402 1.579904 0.06244615 1.0
v -0.04446579 1.57126 0.07157385 1.0
v -0.04454393 1.560792 0.0810569 1.0
v -0.04324333 1.552493 0.08737536 1.0
v -0.04233163 1.546186 0.09130485 1.0
v -0.04135635 1.538053 0.09552801 1.0
v -0.03941368 1.52753 0.09968124 1.0
v -0.03592373 1.516804 0.102651 1.0
v -0.03148817 1.506962 0.1040381 1.0
v -0.02663205 1.498011 0.1043578 1.0
v -0.0209558 1.488727 0.1039119 1.0
v -0.01523344 1.480317 0.1027053 1.0
v -0.01009686 1.472764 0.1017181 1.0
v -0.004780386 1.46438 0.1011012 1.0
v 0.002691272 1.455167 0.1005223 1.0
v 0.012568 1.448841 0.0998234 1.0
v 0.02219561 1.445344 0.09894507 1.0
v 0.03120704 1.441667 0.09780731 1.0
v 0.000496974 1.609879 -0.01907839 1.0
v -0.001396246 1.611613 -0.009414818 1.0
v -0.00343578 1.611515 0.001046879 1.0
v -0.005339922 1.610449 0.01050985 1.0
v -0.007328013 1.609434 0.02016865 1.0
v -0.009460148 1.607566 0.03004688 1.0
v -0.01181076 1.604655 0.03971932 1.0
v -0.01431977 1.600906 0.04900526 1.0
v -0.01691458 1.596333 0.05798756 1.0
v -0.01966004 1.590887 0.06650782 1.0
v -0.02247074 1.584893 0.0741345 1.0
v -0.02435312 1.57792 0.08170032 1.0
v -0.02423801 1.57045 0.08894289 1.0
v -0.02301151 1.562316 0.09564992 1.0
v -0.02194301 1.553239 0.1013637 1.0
v -0.0212346 1.543538 0.1058003 1.0
v -0.02000041 1.533285 0.1090219 1.0
v -0.0174814 1.522796 0.1107436 1.0
v -0.01430814 1.512871 0.1109823 1.0
v -0.01095476 1.503545 0.1103768 1.0
v -0.00692675 1.494098 0.1088139 1.0
v -0.002898743 1.485321 0.1067862 1.0
v 0.0007616393 1.476703 0.1051434 1.0
v 0.004183068 1.467757 0.1036575 1.0
v 0.008709908 1.459401 0.1021478 1.0
v 0.01548336 1.45282 0.100647 1.0
v 0.02345986 1.447414 0.09922949 1.0
v 0.03130109 1.441764 0.09781142 1.0
v 0.007988008 1.606969 -0.01723249 1.0
v 0.0003774355 1.603991 -0.01832488 1.0
v -0.007113598 1.6069 -0.02017077 1.0
v 0.000496974 1.609879 -0.01907839 1.0
v 0.03136643 1.441843 0.09772445 1.0
v 0.03127238 1.441747 0.09772035 1.0
v 0.03120704 1.441667 0.09780731 1.0
v 0.03130109 1.441764 0.09781142 1.0
v 0.007645959 1.606508 -0.02225051 1.0
v 0.01199015 1.607471 -0.01313785 1.0
v 0.0164667 1.606638 -0.004040003 1.0
v 0.02043581 1.604967 0.004889257 1.0
v 0.02382891 1.603334 0.01358894 1.0
v 0.02682782 1.600761 0.02350239 1.0
v 0.02890421 1.597123 0.03450742 1.0
v 0.02982227 1.593241 0.04447383 1.0
v 0.03027415 1.589213 0.05286817 1.0
v 0.03052922 1.584048 0.06107769 1.0
v 0.03034586 1.578176 0.06879135 1.0
v 0.02956624 1.571847 0.0758891 1.0
v 0.02813174 1.564966 0.08244178 1.0
v 0.02614518 1.557551 0.08834073 1.0
v 0.02375637 1.549588 0.09345118 1.0
v 0.02116756 1.541145 0.09776746 1.0
v 0.01862184 1.532284 0.1010778 1.0
v 0.01581207 1.523016 0.1030385 1.0
v 0.01260137 1.513461 0.1039312 1.0
v 0.009201567 1.503848 0.1041232 1.0
v 0.006059383 1.494233 0.1030243 1.0
v 0.007645959 1.606508 -0.02225051 1.0
v 0.01199015 1.607471 -0.01313785 1.0
v 0.0164667 1.606638 -0.004040003 1.0
v 0.02043581 1.604967 0.004889257 1.0
v 0.02382891 1.603334 0.01358894 1.0
v 0.02682782 1.600761 0.02350239 1.0
v 0.02890421 1.597123 0.03450742 1.0
v 0.02982227 1.593241 0.04447383 1.0
v 0.03027415 1.589213 0.05286817 1.0
v 0.03052922 1.584048 0.06107769 1.0
v 0.03034586 1.578176 0.06879135 1.0
v 0.02956624 1.571847 0.0758891 1.0
v 0.02813174 1.564966 0.08244178 1.0
v 0.02614518 1.557551 0.08834073 1.0
v 0.02375637 1.549588 0.09345118 1.0
v 0.02116756 1.541145 0.09776746 1.0
v 0.01862184 1.532284 0.1010778 1.0
v 0.01581207 1.523016 0.1030385 1.0
v 0.01260137 1.513461 0.1039312 1.0
v 0.009201567 1.503848 0.1041232 1.0
v 0.006059383 1.494233 0.1030243 1.0
v 4.551138E-05 1.603761 -0.02061598 1.0
v 0.001557366 1.603671 -0.01119238 1.0
v 0.00287502 1.601777 -0.002700952 1.0
v 0.004369186 1.599176 0.006742521 1.0
v 0.00598313 1.597033 0.0158503 1.0
v 0.007370244 1.594573 0.02457375 1.0
v 0.008060494 1.591508 0.03304425 1.0
v 0.008072543 1.587856 0.0413152 1.0
v 0.007848632 1.583654 0.04921508 1.0
v 0.007632543 1.578847 0.05680985 1.0
v 0.007337616 1.573315 0.06436138 1.0
v 0.007073287 1.567612 0.07123269 1.0
v 0.006852777 1.561463 0.07775991 1.0
v 0.006664345 1.554873 0.0837911 1.0
v 0.006498067 1.547723 0.08922804 1.0
v 0.006352593 1.53997 0.09402029 1.0
v 0.006227412 1.531747 0.09782874 1.0
v 0.006121697 1.522987 0.1004619 1.0
v 0.006040845 1.513585 0.1021988 1.0
v 0.005982578 1.504016 0.1032841 1.0
v 0.005929423 1.494242 0.1029899 1.0
v -0.007539889 1.606892 -0.01981339 1.0
v -0.008773467 1.607967 -0.009819961 1.0
v -0.01023909 1.607224 0.0002148543 1.0
v -0.01116143 1.605633 0.01023753 1.0
v -0.01105473 1.604231 0.02045251 1.0
v -0.01083803 1.602599 0.02927185 1.0
v -0.01126037 1.6005 0.03678298 1.0
v -0.01220858 1.597222 0.04491835 1.0
v -0.01322333 1.592627 0.05396946 1.0
v -0.01383342 1.58766 0.06238428 1.0
v -0.01410594 1.582056 0.07039492 1.0
v -0.01380002 1.575623 0.07799179 1.0
v -0.01282176 1.568452 0.08490469 1.0
v -0.01129741 1.560566 0.09102598 1.0
v -0.009373923 1.55202 0.09621209 1.0
v -0.007248302 1.542971 0.100417 1.0
v -0.005157008 1.533457 0.10348 1.0
v -0.002781282 1.523602 0.1050338 1.0
v 1.821454E-05 1.513728 0.1053236 1.0
v 0.003024836 1.503877 0.1048094 1.0
v 0.005809513 1.494234 0.1030507 1.0
v -0.007539889 1.606892 -0.01981339 1.0
v -0.008773467 1.607967 -0.009819961 1.0
v -0.01023909 1.607224 0.0002148543 1.0
v -0.01116143 1.605633 0.01023753 1.0
v -0.01105473 1.604231 0.02045251 1.0
v -0.01083803 1.602599 0.02927185 1.0
v -0.01126037 1.6005 0.03678298 1.0
v -0.01220858 1.597222 0.04491835 1.0
v -0.01322333 1.592627 0.05396946 1.0
v -0.01383342 1.58766 0.06238428 1.0
v -0.01410594 1.582056 0.07039492 1.0
v -0.01380002 1.575623 0.07799179 1.0
v -0.01282176 1.568452 0.08490469 1.0
v -0.01129741 1.560566 0.09102598 1.0
v -0.009373923 1.55202 0.09621209 1.0
v -0.007248302 1.542971 0.100417 1.0
v -0.005157008 1.533457 0.10348 1.0
v -0.002781282 1.523602 0.1050338 1.0
v 1.821454E-05 1.513728 0.1053236 1.0
v 0.003024836 1.503877 0.1048094 1.0
v 0.005809513 1.494234 0.1030507 1.0
v 6.055788E-05 1.60964 -0.02144793 1.0
v 0.00165932 1.611767 -0.01176543 1.0
v 0.003352591 1.612085 -0.001124197 1.0
v 0.004905194 1.611425 0.008384261 1.0
v 0.00679105 1.610533 0.01819114 1.0
v 0.008619545 1.608787 0.02820049 1.0
v 0.009583341 1.606115 0.03824615 1.0
v 0.00954115 1.602608 0.04807698 1.0
v 0.00920219 1.598186 0.05762254 1.0
v 0.009063254 1.592861 0.06665212 1.0
v 0.00890231 1.586916 0.07482489 1.0
v 0.008692939 1.579857 0.0826482 1.0
v 0.008457206 1.571955 0.08958657 1.0
v 0.008183423 1.563243 0.09557561 1.0
v 0.007884383 1.553885 0.1004352 1.0
v 0.007566665 1.544146 0.1041642 1.0
v 0.007237423 1.533994 0.1067291 1.0
v 0.006909092 1.523631 0.1076104 1.0
v 0.006578739 1.513604 0.107056 1.0
v 0.006243824 1.50371 0.1056486 1.0
v 0.005939473 1.494226 0.103085 1.0
v 0.007645959 1.606508 -0.02225051 1.0
v 4.551138E-05 1.603761 -0.02061598 1.0
v -0.007539889 1.606892 -0.01981339 1.0
v 6.055788E-05 1.60964 -0.02144793 1.0
v 0.006059383 1.494233 0.1030243 1.0
v 0.005929423 1.494242 0.1029899 1.0
v 0.005809513 1.494234 0.1030507 1.0
v 0.005939473 1.494226 0.103085 1.0
v 0.01088281 1.606035 -0.02418133 1.0
v 0.01784857 1.606249 -0.01734435 1.0
v 0.02495138 1.604832 -0.01055639 1.0
v 0.03195799 1.602174 -0.002492733 1.0
v 0.03795032 1.599265 0.006014794 1.0
v 0.04288973 1.595782 0.01449582 1.0
v 0.04695439 1.591683 0.02274606 1.0
v 0.0504279 1.586775 0.03103879 1.0
v 0.05328295 1.581039 0.03933119 1.0
v 0.05522544 1.574567 0.04751755 1.0
v 0.05583098 1.567158 0.05611665 1.0
v 0.05618276 1.561868 0.06046011 1.0
v 0.05711269 1.557563 0.06263508 1.0
v 0.05912281 1.551742 0.06556056 1.0
v 0.06200297 1.544882 0.06875635 1.0
v 0.06485679 1.538004 0.07157792 1.0
v 0.06668711 1.533352 0.07329489 1.0
v 0.06991325 1.528053 0.0743165 1.0
v 0.07291493 1.524405 0.07425383 1.0
v 0.07778033 1.518929 0.07331109 1.0
v 0.08232405 1.513205 0.07149916 1.0
v 0.08706284 1.507316 0.0686328 1.0
v 0.0920725 1.500848 0.0646347 1.0
v 0.09632117 1.49436 0.06014534 1.0
v 0.09977981 1.488479 0.0553787 1.0
v 0.1028046 1.483258 0.05009946 1.0
v 0.1061673 1.478293 0.04294631 1.0
v 0.109534 1.473623 0.03531972 1.0
v 0.1130136 1.469054 0.02746079 1.0
v 0.1163886 1.464713 0.01929755 1.0
v 0.1195672 1.460559 0.01091141 1.0
v 0.01088281 1.606035 -0.02418133 1.0
v 0.01784857 1.606249 -0.01734435 1.0
v 0.02495138 1.604832 -0.01055639 1.0
v 0.03195799 1.602174 -0.002492733 1.0
v 0.03795032 1.599265 0.006014794 1.0
v 0.04288973 1.595782 0.01449582 1.0
v 0.04695439 1.591683 0.02274606 1.0
v 0.0504279 1.586775 0.03103879 1.0
v 0.05328295 1.581039 0.03933119 1.0
v 0.05522544 1.574567 0.04751755 1.0
v 0.05583098 1.567158 0.05611665 1.0
v 0.05618276 1.561868 0.06046011 1.0
v 0.05711269 1.557563 0.06263508 1.0
v 0.05912281 1.551742 0.06556056 1.0
v 0.06200297 1.544882 0.06875635 1.0
v 0.06485679 1.538004 0.07157792 1.0
v 0.06668711 1.533352 0.07329489 1.0
v 0.06991325 1.528053 0.0743165 1.0
v 0.07291493 1.524405 0.07425383 1.0
v 0.07778033 1.518929 0.07331109 1.0
v 0.08232405 1.513205 0.07149916 1.0
v 0.08706284 1.507316 0.0686328 1.0
v 0.0920725 1.500848 0.0646347 1.0
v 0.09632117 1.49436 0.06014534 1.0
v 0.09977981 1.488479 0.0553787 1.0
v 0.1028046 1.483258 0.05009946 1.0
v 0.1061673 1.478293 0.04294631 1.0
v 0.109534 1.473623 0.03531972 1.0
v 0.1130136 1.469054 0.02746079 1.0
v 0.1163886 1.464713 0.01929755 1.0
v 0.1195672 1.460559 0.01091141 1.0
v 0.004438771 1.603781 -0.0195574 1.0
v 0.009819604 1.603413 -0.01172319 1.0
v 0.01468049 1.601429 -0.004568635 1.0
v 0.01925251 1.598452 0.00341269 1.0
v 0.02298694 1.595596 0.01155392 1.0
v 0.02608822 1.592382 0.01962505 1.0
v 0.02873357 1.588709 0.02748385 1.0
v 0.03098819 1.584455 0.03515996 1.0
v 0.03272973 1.579673 0.0426477 1.0
v 0.03375368 1.574271 0.05016424 1.0
v 0.03358814 1.568734 0.05711918 1.0
v 0.03354291 1.562464 0.06392396 1.0
v 0.03498213 1.55543 0.06990457 1.0
v 0.0376118 1.547898 0.07485291 1.0
v 0.04096044 1.540085 0.07911362 1.0
v 0.04461311 1.532202 0.08294288 1.0
v 0.04895417 1.524257 0.08599453 1.0
v 0.05474438 1.516603 0.08727288 1.0
v 0.06173002 1.509926 0.08659214 1.0
v 0.06859352 1.504084 0.08474472 1.0
v 0.07519323 1.49841 0.0819166 1.0
v 0.08163591 1.493086 0.07797239 1.0
v 0.08752768 1.487947 0.07328094 1.0
v 0.09281153 1.482637 0.06788332 1.0
v 0.09767283 1.477445 0.06156439 1.0
v 0.1021868 1.4731 0.05431012 1.0
v 0.1061688 1.46988 0.04610718 1.0
v 0.1098269 1.467218 0.03754451 1.0
v 0.1133076 1.464789 0.0288199 1.0
v 0.1165609 1.462621 0.01992133 1.0
v 0.1195783 1.460431 0.01095271 1.0
v -0.001778747 1.607427 -0.01555328 1.0
v 0.002301701 1.607897 -0.00648065 1.0
v 0.006046393 1.606708 0.00253877 1.0
v 0.00853359 1.604877 0.01076016 1.0
v 0.01069267 1.60321 0.01923022 1.0
v 0.01275687 1.600986 0.02789585 1.0
v 0.01482111 1.598004 0.0366126 1.0
v 0.01661777 1.594389 0.04490994 1.0
v 0.01797359 1.590354 0.05281969 1.0
v 0.01870989 1.585941 0.06044123 1.0
v 0.01835952 1.581554 0.06721704 1.0
v 0.01869554 1.573814 0.0771777 1.0
v 0.02156694 1.563631 0.08722325 1.0
v 0.02552838 1.554016 0.09435713 1.0
v 0.02980062 1.545017 0.0997099 1.0
v 0.03468596 1.535797 0.1044175 1.0
v 0.04174823 1.52425 0.1085007 1.0
v 0.04990424 1.514071 0.1096163 1.0
v 0.0604975 1.504063 0.1078311 1.0
v 0.06953828 1.496819 0.1042851 1.0
v 0.07827924 1.49021 0.09928114 1.0
v 0.08619564 1.484613 0.09302451 1.0
v 0.09269643 1.479797 0.08626921 1.0
v 0.09844282 1.474858 0.07871763 1.0
v 0.1037864 1.469966 0.06999971 1.0
v 0.1086291 1.466229 0.06001983 1.0
v 0.1118775 1.464341 0.05029265 1.0
v 0.1143914 1.463097 0.04041573 1.0
v 0.1164188 1.46206 0.03055114 1.0
v 0.1181067 1.461286 0.02071049 1.0
v 0.1196743 1.46035 0.01100083 1.0
v -0.001778747 1.607427 -0.01555328 1.0
v 0.002301701 1.607897 -0.00648065 1.0
v 0.006046393 1.606708 0.00253877 1.0
v 0.00853359 1.604877 0.01076016 1.0
v 0.01069267 1.60321 0.01923022 1.0
v 0.01275687 1.600986 0.02789585 1.0
v 0.01482111 1.598004 0.0366126 1.0
v 0.01661777 1.594389 0.04490994 1.0
v 0.01797359 1.590354 0.05281969 1.0
v 0.01870989 1.585941 0.06044123 1.0
v 0.01835952 1.581554 0.06721704 1.0
v 0.01869554 1.573814 0.0771777 1.0
v 0.02156694 1.563631 0.08722325 1.0
v 0.02552838 1.554016 0.09435713 1.0
v 0.02980062 1.545017 0.0997099 1.0
v 0.03468596 1.535797 0.1044175 1.0
v 0.04174823 1.52425 0.1085007 1.0
v 0.04990424 1.514071 0.1096163 1.0
v 0.0604975 1.504063 0.1078311 1.0
v 0.06953828 1.496819 0.1042851 1.0
v 0.07827924 1.49021 0.09928114 1.0
v 0.08619564 1.484613 0.09302451 1.0
v 0.09269643 1.479797 0.08626921 1.0
v 0.09844282 1.474858 0.07871763 1.0
v 0.1037864 1.469966 0.06999971 1.0
v 0.1086291 1.466229 0.06001983 1.0
v 0.1118775 1.464341 0.05029265 1.0
v 0.1143914 1.463097 0.04041573 1.0
v 0.1164188 1.46206 0.03055114 1.0
v 0.1181067 1.461286 0.02071049 1.0
v 0.1196743 1.46035 0.01100083 1.0
v 0.004665287 1.609681 -0.02017721 1.0
v 0.01033066 1.610733 -0.0121018 1.0
v 0.01631728 1.610111 -0.003448983 1.0
v 0.02123908 1.608598 0.004854739 1.0
v 0.02565605 1.606879 0.01369109 1.0
v 0.02955838 1.604386 0.02276662 1.0
v 0.03304193 1.600978 0.03187482 1.0
v 0.03605747 1.596709 0.04078877 1.0
v 0.03852681 1.59172 0.04950318 1.0
v 0.04018165 1.586237 0.05779453 1.0
v 0.04060235 1.579978 0.0662145 1.0
v 0.04133539 1.573217 0.07371385 1.0
v 0.0436975 1.565763 0.07995377 1.0
v 0.04703939 1.557859 0.08506476 1.0
v 0.05084315 1.549814 0.08935262 1.0
v 0.05492964 1.541598 0.09305256 1.0
v 0.05948117 1.533345 0.09580103 1.0
v 0.06507311 1.525522 0.09665996 1.0
v 0.07168242 1.518543 0.09549279 1.0
v 0.07872509 1.511664 0.09285143 1.0
v 0.08541006 1.505006 0.0888637 1.0
v 0.09162258 1.498842 0.08368492 1.0
v 0.09724125 1.492698 0.07762296 1.0
v 0.1019525 1.48658 0.07097965 1.0
v 0.1058934 1.481 0.06381402 1.0
v 0.1092469 1.476388 0.05580917 1.0
v 0.111876 1.472755 0.04713177 1.0
v 0.1140985 1.469502 0.03819094 1.0
v 0.1161249 1.466325 0.02919202 1.0
v 0.1179344 1.463378 0.0200867 1.0
v 0.1196632 1.460477 0.01095952 1.0
v 0.01088281 1.606035 -0.02418133 1.0
v 0.004438771 1.603781 -0.0195574 1.0
v -0.001778747 1.607427 -0.01555328 1.0
v 0.004665287 1.609681 -0.02017721 1.0
v 0.1195672 1.460559 0.01091141 1.0
v 0.1195783 1.460431 0.01095271 1.0
v 0.1196743 1.46035 0.01100083 1.0
v 0.1196632 1.460477 0.01095952 1.0
v 0.001268094 1.607427 -0.01555339 1.0
v -0.002815775 1.607943 -0.006482893 1.0
v -0.006583872 1.606845 0.002556821 1.0
v -0.009092638 1.605104 0.01079432 1.0
v -0.01126131 1.60342 0.019275 1.0
v -0.01332923 1.601166 0.02794436 1.0
v -0.01538686 1.598153 0.03665394 1.0
v -0.01717918 1.594531 0.04495554 1.0
v -0.01852903 1.590469 0.05288101 1.0
v -0.01926792 1.586037 0.06051569 1.0
v -0.01893455 1.581648 0.06731711 1.0
v -0.01927723 1.574 0.07719786 1.0
v -0.02216246 1.563809 0.08728897 1.0
v -0.02613758 1.554172 0.0944487 1.0
v -0.03042441 1.545143 0.09981958 1.0
v -0.03528505 1.535957 0.1045002 1.0
v -0.04228328 1.524453 0.1085513 1.0
v -0.05037013 1.514242 0.1096796 1.0
v -0.06094516 1.50411 0.1078447 1.0
v -0.06996299 1.496788 0.1042419 1.0
v -0.07864992 1.490174 0.09923436 1.0
v -0.08657485 1.484559 0.09297165 1.0
v -0.09309305 1.479748 0.0862287 1.0
v -0.09885065 1.474837 0.07871207 1.0
v -0.1042106 1.469964 0.07002147 1.0
v -0.1089517 1.466173 0.06001822 1.0
v -0.1121529 1.464098 0.04999323 1.0
v -0.1144791 1.462893 0.04035214 1.0
v -0.1167182 1.461956 0.03053342 1.0
v -0.1185686 1.461263 0.02071175 1.0
v -0.1201931 1.460356 0.01100737 1.0
v 0.001268094 1.607427 -0.01555339 1.0
v -0.002815775 1.607943 -0.006482893 1.0
v -0.006583872 1.606845 0.002556821 1.0
v -0.009092638 1.605104 0.01079432 1.0
v -0.01126131 1.60342 0.019275 1.0
v -0.01332923 1.601166 0.02794436 1.0
v -0.01538686 1.598153 0.03665394 1.0
v -0.01717918 1.594531 0.04495554 1.0
v -0.01852903 1.590469 0.05288101 1.0
v -0.01926792 1.586037 0.06051569 1.0
v -0.01893455 1.581648 0.06731711 1.0
v -0.01927723 1.574 0.07719786 1.0
v -0.02216246 1.563809 0.08728897 1.0
v -0.02613758 1.554172 0.0944487 1.0
v -0.03042441 1.545143 0.09981958 1.0
v -0.03528505 1.535957 0.1045002 1.0
v -0.04228328 1.524453 0.1085513 1.0
v -0.05037013 1.514242 0.1096796 1.0
v -0.06094516 1.50411 0.1078447 1.0
v -0.06996299 1.496788 0.1042419 1.0
v -0.07864992 1.490174 0.09923436 1.0
v -0.08657485 1.484559 0.09297165 1.0
v -0.09309305 1.479748 0.0862287 1.0
v -0.09885065 1.474837 0.07871207 1.0
v -0.1042106 1.469964 0.07002147 1.0
v -0.1089517 1.466173 0.06001822 1.0
v -0.1121529 1.464098 0.04999323 1.0
v -0.1144791 1.462893 0.04035214 1.0
v -0.1167182 1.461956 0.03053342 1.0
v -0.1185686 1.461263 0.02071175 1.0
v -0.1201931 1.460356 0.01100737 1.0
v -0.00494942 1.603781 -0.01955754 1.0
v -0.01031559 1.603415 -0.01171269 1.0
v -0.01514637 1.601433 -0.004536845 1.0
v -0.01968724 1.598462 0.003459878 1.0
v -0.0234322 1.595613 0.01159641 1.0
v -0.0265497 1.592407 0.01965826 1.0
v -0.029202 1.588738 0.02749991 1.0
v -0.03143706 1.584476 0.03516416 1.0
v -0.03316317 1.579672 0.0426549 1.0
v -0.03419089 1.574262 0.0501825 1.0
v -0.03404821 1.56873 0.05717247 1.0
v -0.03403088 1.562474 0.06399163 1.0
v -0.03549024 1.555448 0.06997944 1.0
v -0.03812534 1.547924 0.07492691 1.0
v -0.04146989 1.540115 0.07918494 1.0
v -0.04511178 1.53223 0.08300187 1.0
v -0.04945429 1.524265 0.08603478 1.0
v -0.05523222 1.516593 0.08732115 1.0
v -0.06225587 1.509921 0.08659626 1.0
v -0.069143 1.504095 0.08471153 1.0
v -0.07573868 1.498441 0.0818712 1.0
v -0.08218563 1.493127 0.07792227 1.0
v -0.08808611 1.487988 0.07323324 1.0
v -0.09338129 1.482689 0.06784657 1.0
v -0.09824739 1.477519 0.06154639 1.0
v -0.1027299 1.473225 0.05428535 1.0
v -0.1066541 1.470043 0.04609482 1.0
v -0.1102785 1.467386 0.03748444 1.0
v -0.1137811 1.464867 0.02879446 1.0
v -0.1170577 1.462636 0.01992054 1.0
v -0.1200956 1.460436 0.01095922 1.0
v -0.01139349 1.606035 -0.0241814 1.0
v -0.01835616 1.606203 -0.01734135 1.0
v -0.02543548 1.604693 -0.01057273 1.0
v -0.03242276 1.601948 -0.00252445 1.0
v -0.03841478 1.599069 0.005972904 1.0
v -0.0433619 1.595632 0.0144518 1.0
v -0.04743269 1.591564 0.0227098 1.0
v -0.05088457 1.58663 0.03099011 1.0
v -0.05371218 1.580882 0.03925312 1.0
v -0.05565038 1.574427 0.04742719 1.0
v -0.05627787 1.567062 0.05603442 1.0
v -0.05666047 1.561716 0.06049258 1.0
v -0.05760991 1.557436 0.06263614 1.0
v -0.05961719 1.551643 0.06553992 1.0
v -0.06247954 1.54481 0.06871509 1.0
v -0.06534427 1.53788 0.07154065 1.0
v -0.06722344 1.533165 0.0732481 1.0
v -0.07047097 1.527867 0.07429246 1.0
v -0.07350682 1.52435 0.07425991 1.0
v -0.07840519 1.518962 0.07336765 1.0
v -0.083009 1.513244 0.0715617 1.0
v -0.08775306 1.507383 0.06870538 1.0
v -0.09276485 1.500919 0.06470432 1.0
v -0.09703974 1.494421 0.06019244 1.0
v -0.1005181 1.488545 0.05540314 1.0
v -0.1036293 1.483388 0.05013731 1.0
v -0.1069902 1.478572 0.04327811 1.0
v -0.1104843 1.473842 0.0354006 1.0
v -0.1137311 1.46916 0.02749256 1.0
v -0.1169357 1.464735 0.01930776 1.0
v -0.1200819 1.460563 0.01091785 1.0
v -0.01139349 1.606035 -0.0241814 1.0
v -0.01835616 1.606203 -0.01734135 1.0
v -0.02543548 1.604693 -0.01057273 1.0
v -0.03242276 1.601948 -0.00252445 1.0
v -0.03841478 1.599069 0.005972904 1.0
v -0.0433619 1.595632 0.0144518 1.0
v -0.04743269 1.591564 0.0227098 1.0
v -0.05088457 1.58663 0.03099011 1.0
v -0.05371218 1.580882 0.03925312 1.0
v -0.05565038 1.574427 0.04742719 1.0
v -0.05627787 1.567062 0.05603442 1.0
v -0.05666047 1.561716 0.06049258 1.0
v -0.05760991 1.557436 0.06263614 1.0
v -0.05961719 1.551643 0.06553992 1.0
v -0.06247954 1.54481 0.06871509 1.0
v -0.06534427 1.53788 0.07154065 1.0
v -0.06722344 1.533165 0.0732481 1.0
v -0.07047097 1.527867 0.07429246 1.0
v -0.07350682 1.52435 0.07425991 1.0
v -0.07840519 1.518962 0.07336765 1.0
v -0.083009 1.513244 0.0715617 1.0
v -0.08775306 1.507383 0.06870538 1.0
v -0.09276485 1.500919 0.06470432 1.0
v -0.09703974 1.494421 0.06019244 1.0
v -0.1005181 1.488545 0.05540314 1.0
v -0.1036293 1.483388 0.05013731 1.0
v -0.1069902 1.478572 0.04327811 1.0
v -0.1104843 1.473842 0.0354006 1.0
v -0.1137311 1.46916 0.02749256 1.0
v -0.1169357 1.464735 0.01930776 1.0
v -0.1200819 1.460563 0.01091785 1.0
v -0.00517598 1.609682 -0.02017725 1.0
v -0.01085634 1.610731 -0.01211155 1.0
v -0.01687298 1.610105 -0.003479061 1.0
v -0.02182816 1.60859 0.004809993 1.0
v -0.02624388 1.606876 0.0136515 1.0
v -0.03014143 1.604391 0.0227379 1.0
v -0.03361754 1.600979 0.03186382 1.0
v -0.03662669 1.596685 0.04078149 1.0
v -0.03907804 1.591679 0.04947924 1.0
v -0.04072742 1.586203 0.05776037 1.0
v -0.0411642 1.579981 0.06617907 1.0
v -0.04190682 1.573241 0.07369881 1.0
v -0.04428213 1.565797 0.07994567 1.0
v -0.04762944 1.557891 0.08506171 1.0
v -0.05143405 1.549838 0.08934973 1.0
v -0.05551755 1.541606 0.09303901 1.0
v -0.06005243 1.533353 0.09576461 1.0
v -0.06560887 1.525516 0.09665091 1.0
v -0.0721961 1.518539 0.09550839 1.0
v -0.07922518 1.511655 0.09289799 1.0
v -0.08592025 1.504978 0.08892485 1.0
v -0.09214228 1.498815 0.08375475 1.0
v -0.09777179 1.492679 0.07769978 1.0
v -0.1025091 1.48657 0.07105795 1.0
v -0.1064813 1.48099 0.06387823 1.0
v -0.109851 1.476336 0.05587019 1.0
v -0.112489 1.472626 0.04717651 1.0
v -0.1146849 1.469349 0.03826829 1.0
v -0.1166682 1.466249 0.02923153 1.0
v -0.1184465 1.463362 0.02009897 1.0
v -0.1201795 1.460484 0.010966 1.0
v 0.001268094 1.607427 -0.01555339 1.0
v -0.00494942 1.603781 -0.01955754 1.0
v -0.01139349 1.606035 -0.0241814 1.0
v -0.00517598 1.609682 -0.02017725 1.0
v -0.1201931 1.460356 0.01100737 1.0
v -0.1200956 1.460436 0.01095922 1.0
v -0.1200819 1.460563 0.01091785 1.0
v -0.1201795 1.460484 0.010966 1.0
v 0.01400674 1.60516 -0.0304505 1.0
v 0.02198607 1.60514 -0.02426874 1.0
v 0.02976024 1.603062 -0.01829099 1.0
v 0.0372458 1.60019 -0.01253375 1.0
v 0.04437857 1.596915 -0.006676324 1.0
v 0.05093165 1.593014 -0.0008469746 1.0
v 0.05689838 1.588567 0.004642668 1.0
v 0.06270653 1.583281 0.009945597 1.0
v 0.06831499 1.577 0.01536853 1.0
v 0.07302252 1.570226 0.02019556 1.0
v 0.07760461 1.56219 0.02549777 1.0
v 0.08194785 1.552109 0.03273882 1.0
v 0.08352723 1.544274 0.03841076 1.0
v 0.08269799 1.541646 0.03967259 1.0
v 0.08304479 1.538429 0.04078744 1.0
v 0.08667968 1.531044 0.04171184 1.0
v 0.09059444 1.5231 0.04225054 1.0
v 0.09414707 1.515366 0.04259109 1.0
v 0.09737542 1.50809 0.04241859 1.0
v 0.100584 1.500529 0.04128002 1.0
v 0.1036372 1.493298 0.03943438 1.0
v 0.1061401 1.487929 0.03716974 1.0
v 0.1085245 1.483106 0.03271682 1.0
v 0.1111843 1.478404 0.02531775 1.0
v 0.1134096 1.473927 0.01706991 1.0
v 0.1149386 1.470177 0.008066893 1.0
v 0.1166707 1.467062 -0.001417807 1.0
v 0.01400674 1.60516 -0.0304505 1.0
v 0.02198607 1.60514 -0.02426874 1.0
v 0.02976024 1.603062 -0.01829099 1.0
v 0.0372458 1.60019 -0.01253375 1.0
v 0.04437857 1.596915 -0.006676324 1.0
v 0.05093165 1.593014 -0.0008469746 1.0
v 0.05689838 1.588567 0.004642668 1.0
v 0.06270653 1.583281 0.009945597 1.0
v 0.06831499 1.577 0.01536853 1.0
v 0.07302252 1.570226 0.02019556 1.0
v 0.07760461 1.56219 0.02549777 1.0
v 0.08194785 1.552109 0.03273882 1.0
v 0.08352723 1.544274 0.03841076 1.0
v 0.08269799 1.541646 0.03967259 1.0
v 0.08304479 1.538429 0.04078744 1.0
v 0.08667968 1.531044 0.04171184 1.0
v 0.09059444 1.5231 0.04225054 1.0
v 0.09414707 1.515366 0.04259109 1.0
v 0.09737542 1.50809 0.04241859 1.0
v 0.100584 1.500529 0.04128002 1.0
v 0.1036372 1.493298 0.03943438 1.0
v 0.1061401 1.487929 0.03716974 1.0
v 0.1085245 1.483106 0.03271682 1.0
v 0.1111843 1.478404 0.02531775 1.0
v 0.1134096 1.473927 0.01706991 1.0
v 0.1149386 1.470177 0.008066893 1.0
v 0.1166707 1.467062 -0.001417807 1.0
v 0.008035944 1.603058 -0.02516653 1.0
v 0.01415418 1.602579 -0.01771633 1.0
v 0.01941003 1.60025 -0.01087932 1.0
v 0.02518016 1.597108 -0.00346937 1.0
v 0.03065955 1.593872 0.003503464 1.0
v 0.03595714 1.590154 0.01018745 1.0
v 0.04102086 1.585791 0.01637569 1.0
v 0.04589503 1.580625 0.02212106 1.0
v 0.05043414 1.574806 0.02764945 1.0
v 0.05445011 1.568524 0.03288987 1.0
v 0.05808725 1.561671 0.03800077 1.0
v 0.06096604 1.554665 0.04335137 1.0
v 0.06257303 1.54772 0.04942736 1.0
v 0.06448838 1.540065 0.05511728 1.0
v 0.0684884 1.531652 0.05802467 1.0
v 0.07358085 1.523344 0.05863613 1.0
v 0.07869236 1.51528 0.05841787 1.0
v 0.08385782 1.507149 0.05766696 1.0
v 0.08898222 1.49925 0.05599001 1.0
v 0.09389324 1.491603 0.05318278 1.0
v 0.09857517 1.484158 0.04926917 1.0
v 0.1029454 1.47776 0.04355949 1.0
v 0.1068213 1.473475 0.03581108 1.0
v 0.1101447 1.470841 0.02701671 1.0
v 0.1129685 1.468814 0.01789591 1.0
v 0.1150173 1.467653 0.008326018 1.0
v 0.1166889 1.46693 -0.001398317 1.0
v 0.002304292 1.606845 -0.02060621 1.0
v 0.007033957 1.607541 -0.0117572 1.0
v 0.01145653 1.606477 -0.002637143 1.0
v 0.01610612 1.604676 0.006411918 1.0
v 0.02109301 1.602528 0.01510752 1.0
v 0.02639342 1.599523 0.0234131 1.0
v 0.03189223 1.595262 0.03135665 1.0
v 0.03703971 1.590024 0.03858777 1.0
v 0.0415664 1.584373 0.04511923 1.0
v 0.0460853 1.577931 0.05161199 1.0
v 0.04968408 1.571692 0.05714466 1.0
v 0.05179699 1.56707 0.06128044 1.0
v 0.0541831 1.560162 0.06805874 1.0
v 0.05957764 1.546967 0.07749763 1.0
v 0.06739073 1.533094 0.08151196 1.0
v 0.07364189 1.523466 0.08138012 1.0
v 0.0796055 1.514385 0.07992498 1.0
v 0.08571146 1.505078 0.07748993 1.0
v 0.09196628 1.495581 0.07360826 1.0
v 0.09770829 1.486829 0.0683076 1.0
v 0.10295 1.478369 0.06164852 1.0
v 0.1080699 1.470191 0.05197759 1.0
v 0.1120755 1.465895 0.04030419 1.0
v 0.1144511 1.464831 0.02956467 1.0
v 0.1160882 1.464813 0.01902989 1.0
v 0.1167745 1.46585 0.008652177 1.0
v 0.1167915 1.466846 -0.00137599 1.0
v 0.002304292 1.606845 -0.02060621 1.0
v 0.007033957 1.607541 -0.0117572 1.0
v 0.01145653 1.606477 -0.002637143 1.0
v 0.01610612 1.604676 0.006411918 1.0
v 0.02109301 1.602528 0.01510752 1.0
v 0.02639342 1.599523 0.0234131 1.0
v 0.03189223 1.595262 0.03135665 1.0
v 0.03703971 1.590024 0.03858777 1.0
v 0.0415664 1.584373 0.04511923 1.0
v 0.0460853 1.577931 0.05161199 1.0
v 0.04968408 1.571692 0.05714466 1.0
v 0.05179699 1.56707 0.06128044 1.0
v 0.0541831 1.560162 0.06805874 1.0
v 0.05957764 1.546967 0.07749763 1.0
v 0.06739073 1.533094 0.08151196 1.0
v 0.07364189 1.523466 0.08138012 1.0
v 0.0796055 1.514385 0.07992498 1.0
v 0.08571146 1.505078 0.07748993 1.0
v 0.09196628 1.495581 0.07360826 1.0
v 0.09770829 1.486829 0.0683076 1.0
v 0.10295 1.478369 0.06164852 1.0
v 0.1080699 1.470191 0.05197759 1.0
v 0.1120755 1.465895 0.04030419 1.0
v 0.1144511 1.464831 0.02956467 1.0
v 0.1160882 1.464813 0.01902989 1.0
v 0.1167745 1.46585 0.008652177 1.0
v 0.1167915 1.466846 -0.00137599 1.0
v 0.008275086 1.608947 -0.02589018 1.0
v 0.01486585 1.610103 -0.01830961 1.0
v 0.02180674 1.609289 -0.01004881 1.0
v 0.02817176 1.607757 -0.002652465 1.0
v 0.03481203 1.60557 0.004927725 1.0
v 0.04136793 1.602384 0.01237868 1.0
v 0.04776975 1.598038 0.01962363 1.0
v 0.05385121 1.592681 0.0264123 1.0
v 0.05944725 1.586567 0.03283831 1.0
v 0.06465771 1.579632 0.03891768 1.0
v 0.06920144 1.572211 0.04464167 1.0
v 0.0727788 1.564514 0.05066789 1.0
v 0.0751373 1.556716 0.05704214 1.0
v 0.07778725 1.548548 0.06205294 1.0
v 0.08194713 1.539871 0.06427474 1.0
v 0.08674072 1.531166 0.06445583 1.0
v 0.09150758 1.522205 0.06375765 1.0
v 0.09600072 1.513295 0.06241409 1.0
v 0.1003595 1.504421 0.06003684 1.0
v 0.104399 1.495754 0.05640483 1.0
v 0.108012 1.487509 0.05181372 1.0
v 0.1112646 1.480359 0.04558784 1.0
v 0.1137787 1.475527 0.03720992 1.0
v 0.1154907 1.472394 0.02786572 1.0
v 0.1165293 1.469927 0.01820389 1.0
v 0.1166958 1.468374 0.008393051 1.0
v 0.1167733 1.466978 -0.001395479 1.0
v 0.01400674 1.60516 -0.0304505 1.0
v 0.008035944 1.603058 -0.02516653 1.0
v 0.002304292 1.606845 -0.02060621 1.0
v 0.008275086 1.608947 -0.02589018 1.0
v 0.1166707 1.467062 -0.001417807 1.0
v 0.1166889 1.46693 -0.001398317 1.0
v 0.1167915 1.466846 -0.00137599 1.0
v 0.1167733 1.466978 -0.001395479 1.0
v -0.002822136 1.606872 -0.02060603 1.0
v -0.007550213 1.607527 -0.01175549 1.0
v -0.01196565 1.606466 -0.002637854 1.0
v -0.01661622 1.60467 0.006416829 1.0
v -0.02160916 1.602549 0.01511547 1.0
v -0.0269241 1.599572 0.02342959 1.0
v -0.03243 1.5953 0.03137948 1.0
v -0.03756755 1.590034 0.03860272 1.0
v -0.04206957 1.584361 0.04511498 1.0
v -0.04656137 1.577911 0.05159258 1.0
v -0.05013772 1.571648 0.05712025 1.0
v -0.05224901 1.567001 0.06126422 1.0
v -0.05468773 1.560127 0.06806463 1.0
v -0.06015502 1.546992 0.0775187 1.0
v -0.06797897 1.533141 0.08153355 1.0
v -0.07420918 1.523503 0.08139633 1.0
v -0.08015059 1.51441 0.07993589 1.0
v -0.0862244 1.50509 0.07749633 1.0
v -0.09246162 1.495573 0.07360917 1.0
v -0.09818887 1.486797 0.0682876 1.0
v -0.1033895 1.478333 0.06159968 1.0
v -0.1084135 1.470167 0.05190612 1.0
v -0.1124783 1.465904 0.04027005 1.0
v -0.1149513 1.464858 0.02955794 1.0
v -0.1166187 1.464837 0.01902931 1.0
v -0.1172758 1.465853 0.008650692 1.0
v -0.1172982 1.466843 -0.00137655 1.0
v -0.002822136 1.606872 -0.02060603 1.0
v -0.007550213 1.607527 -0.01175549 1.0
v -0.01196565 1.606466 -0.002637854 1.0
v -0.01661622 1.60467 0.006416829 1.0
v -0.02160916 1.602549 0.01511547 1.0
v -0.0269241 1.599572 0.02342959 1.0
v -0.03243 1.5953 0.03137948 1.0
v -0.03756755 1.590034 0.03860272 1.0
v -0.04206957 1.584361 0.04511498 1.0
v -0.04656137 1.577911 0.05159258 1.0
v -0.05013772 1.571648 0.05712025 1.0
v -0.05224901 1.567001 0.06126422 1.0
v -0.05468773 1.560127 0.06806463 1.0
v -0.06015502 1.546992 0.0775187 1.0
v -0.06797897 1.533141 0.08153355 1.0
v -0.07420918 1.523503 0.08139633 1.0
v -0.08015059 1.51441 0.07993589 1.0
v -0.0862244 1.50509 0.07749633 1.0
v -0.09246162 1.495573 0.07360917 1.0
v -0.09818887 1.486797 0.0682876 1.0
v -0.1033895 1.478333 0.06159968 1.0
v -0.1084135 1.470167 0.05190612 1.0
v -0.1124783 1.465904 0.04027005 1.0
v -0.1149513 1.464858 0.02955794 1.0
v -0.1166187 1.464837 0.01902931 1.0
v -0.1172758 1.465853 0.008650692 1.0
v -0.1172982 1.466843 -0.00137655 1.0
v -0.008533902 1.603061 -0.0251708 1.0
v -0.01465564 1.602545 -0.01771624 1.0
v -0.01993208 1.600232 -0.010862 1.0
v -0.02569074 1.597103 -0.003463826 1.0
v -0.03115544 1.593864 0.003516871 1.0
v -0.03644073 1.590144 0.01021156 1.0
v -0.04151178 1.585778 0.01640218 1.0
v -0.04640354 1.580615 0.02213638 1.0
v -0.05094976 1.574804 0.02764563 1.0
v -0.05494997 1.568525 0.03287091 1.0
v -0.05857976 1.561652 0.03798058 1.0
v -0.06147987 1.554619 0.04335126 1.0
v -0.06311675 1.547688 0.04944906 1.0
v -0.06505328 1.540077 0.05513961 1.0
v -0.06904358 1.531688 0.05804542 1.0
v -0.07411712 1.523374 0.05865248 1.0
v -0.07921245 1.515298 0.05842958 1.0
v -0.0843512 1.50716 0.05767499 1.0
v -0.08946743 1.49924 0.05599209 1.0
v -0.09441708 1.491585 0.05315642 1.0
v -0.09915926 1.484194 0.04920419 1.0
v -0.1035511 1.477902 0.0434825 1.0
v -0.1074082 1.473613 0.03578547 1.0
v -0.1107111 1.470917 0.02701336 1.0
v -0.1135151 1.46885 0.0178954 1.0
v -0.1155415 1.467678 0.008324753 1.0
v -0.1171975 1.46693 -0.001398908 1.0
v -0.01451891 1.605138 -0.03044849 1.0
v -0.02249695 1.605085 -0.02426563 1.0
v -0.03027839 1.603043 -0.01827939 1.0
v -0.03775999 1.600183 -0.01252388 1.0
v -0.04487736 1.59687 -0.006669819 1.0
v -0.05140797 1.592934 -0.0008505993 1.0
v -0.05736908 1.588501 0.004629262 1.0
v -0.06319991 1.583259 0.009937229 1.0
v -0.06883825 1.577008 0.01537745 1.0
v -0.07354804 1.570224 0.02021404 1.0
v -0.0781197 1.562193 0.02551382 1.0
v -0.08247674 1.552146 0.03274893 1.0
v -0.08407569 1.544317 0.03841798 1.0
v -0.08324794 1.541665 0.03967791 1.0
v -0.08359037 1.538431 0.04078678 1.0
v -0.08721062 1.531038 0.0417079 1.0
v -0.09110928 1.523088 0.04224444 1.0
v -0.09464433 1.515342 0.042583 1.0
v -0.09785628 1.508072 0.04241267 1.0
v -0.1011215 1.50056 0.04129825 1.0
v -0.1043325 1.493397 0.03948614 1.0
v -0.1070184 1.488073 0.0372404 1.0
v -0.1093295 1.483221 0.03274554 1.0
v -0.1118341 1.478467 0.02531711 1.0
v -0.1139775 1.473961 0.0170637 1.0
v -0.1154949 1.470203 0.008064251 1.0
v -0.1171822 1.467062 -0.001418316 1.0
v -0.01451891 1.605138 -0.03044849 1.0
v -0.02249695 1.605085 -0.02426563 1.0
v -0.03027839 1.603043 -0.01827939 1.0
v -0.03775999 1.600183 -0.01252388 1.0
v -0.04487736 1.59687 -0.006669819 1.0
v -0.05140797 1.592934 -0.0008505993 1.0
v -0.05736908 1.588501 0.004629262 1.0
v -0.06319991 1.583259 0.009937229 1.0
v -0.06883825 1.577008 0.01537745 1.0
v -0.07354804 1.570224 0.02021404 1.0
v -0.0781197 1.562193 0.02551382 1.0
v -0.08247674 1.552146 0.03274893 1.0
v -0.08407569 1.544317 0.03841798 1.0
v -0.08324794 1.541665 0.03967791 1.0
v -0.08359037 1.538431 0.04078678 1.0
v -0.08721062 1.531038 0.0417079 1.0
v -0.09110928 1.523088 0.04224444 1.0
v -0.09464433 1.515342 0.042583 1.0
v -0.09785628 1.508072 0.04241267 1.0
v -0.1011215 1.50056 0.04129825 1.0
v -0.1043325 1.493397 0.03948614 1.0
v -0.1070184 1.488073 0.0372404 1.0
v -0.1093295 1.483221 0.03274554 1.0
v -0.1118341 1.478467 0.02531711 1.0
v -0.1139775 1.473961 0.0170637 1.0
v -0.1154949 1.470203 0.008064251 1.0
v -0.1171822 1.467062 -0.001418316 1.0
v -0.008807142 1.608949 -0.02588372 1.0
v -0.01539153 1.610067 -0.01830488 1.0
v -0.02231196 1.609277 -0.01005524 1.0
v -0.02868547 1.60775 -0.002643222 1.0
v -0.03533108 1.605556 0.00492878 1.0
v -0.04189134 1.602362 0.01236744 1.0
v -0.0482873 1.598023 0.01960656 1.0
v -0.05436393 1.592678 0.02640358 1.0
v -0.05995806 1.586564 0.0328468 1.0
v -0.06515945 1.579611 0.0389357 1.0
v -0.06967767 1.572189 0.0446535 1.0
v -0.07324588 1.564528 0.0506619 1.0
v -0.07564668 1.556756 0.05703355 1.0
v -0.07834968 1.548579 0.062057 1.0
v -0.08252576 1.539884 0.0642749 1.0
v -0.08730268 1.531168 0.06445175 1.0
v -0.09204742 1.5222 0.06375075 1.0
v -0.09651753 1.513273 0.06240433 1.0
v -0.1008505 1.504405 0.06002975 1.0
v -0.1048933 1.495772 0.05642943 1.0
v -0.1085628 1.487536 0.05188163 1.0
v -0.1118808 1.480338 0.04566402 1.0
v -0.1143996 1.475512 0.03723013 1.0
v -0.1160742 1.472409 0.0278617 1.0
v -0.1170811 1.469948 0.01819761 1.0
v -0.1172291 1.468378 0.008390192 1.0
v -0.1172829 1.466975 -0.001395958 1.0
v -0.002822136 1.606872 -0.02060603 1.0
v -0.008533902 1.603061 -0.0251708 1.0
v -0.01451891 1.605138 -0.03044849 1.0
v -0.008807142 1.608949 -0.02588372 1.0
v -0.1172982 1.466843 -0.00137655 1.0
v -0.1171975 1.46693 -0.001398908 1.0
v -0.1171822 1.467062 -0.001418316 1.0
v -0.1172829 1.466975 -0.001395958 1.0
v 0.008617599 1.606128 -0.02578097 1.0
v 0.01290938 1.606909 -0.01701142 1.0
v 0.01718763 1.606027 -0.008298038 1.0
v 0.02125711 1.604451 2.991222E-05 1.0
v 0.02513492 1.602685 0.008382693 1.0
v 0.02878493 1.600241 0.01706663 1.0
v 0.03206724 1.597005 0.02577353 1.0
v 0.03499788 1.59314 0.03427999 1.0
v 0.03747678 1.588558 0.04264377 1.0
v 0.03922555 1.582831 0.05144802 1.0
v 0.03983352 1.5765 0.05962282 1.0
v 0.03995463 1.570613 0.0660615 1.0
v 0.04008782 1.564395 0.07205024 1.0
v 0.04013628 1.557672 0.07785503 1.0
v 0.04028064 1.55073 0.08353118 1.0
v 0.04072399 1.543767 0.08936992 1.0
v 0.04156787 1.536367 0.09496038 1.0
v 0.04293422 1.528938 0.09964355 1.0
v 0.04463441 1.521029 0.1040014 1.0
v 0.04701397 1.513466 0.1079467 1.0
v 0.05128225 1.506339 0.110824 1.0
v 0.05735705 1.498909 0.1127294 1.0
v 0.008617599 1.606128 -0.02578097 1.0
v 0.01290938 1.606909 -0.01701142 1.0
v 0.01718763 1.606027 -0.008298038 1.0
v 0.02125711 1.604451 2.991222E-05 1.0
v 0.02513492 1.602685 0.008382693 1.0
v 0.02878493 1.600241 0.01706663 1.0
v 0.03206724 1.597005 0.02577353 1.0
v 0.03499788 1.59314 0.03427999 1.0
v 0.03747678 1.588558 0.04264377 1.0
v 0.03922555 1.582831 0.05144802 1.0
v 0.03983352 1.5765 0.05962282 1.0
v 0.03995463 1.570613 0.0660615 1.0
v 0.04008782 1.564395 0.07205024 1.0
v 0.04013628 1.557672 0.07785503 1.0
v 0.04028064 1.55073 0.08353118 1.0
v 0.04072399 1.543767 0.08936992 1.0
v 0.04156787 1.536367 0.09496038 1.0
v 0.04293422 1.528938 0.09964355 1.0
v 0.04463441 1.521029 0.1040014 1.0
v 0.04701397 1.513466 0.1079467 1.0
v 0.05128225 1.506339 0.110824 1.0
v 0.05735705 1.498909 0.1127294 1.0
v 0.003423607 1.60356 -0.02401259 1.0
v 0.005832139 1.603423 -0.01489499 1.0
v 0.007881341 1.601619 -0.006604532 1.0
v 0.01032371 1.599212 0.002514457 1.0
v 0.01287897 1.597011 0.01113723 1.0
v 0.01536841 1.594484 0.01944886 1.0
v 0.01754957 1.591366 0.0274172 1.0
v 0.01961185 1.587537 0.03518986 1.0
v 0.02143075 1.582975 0.04304171 1.0
v 0.0224943 1.578128 0.05033886 1.0
v 0.02275193 1.572877 0.05738819 1.0
v 0.02294336 1.567114 0.06433234 1.0
v 0.02365239 1.561036 0.07088427 1.0
v 0.02475285 1.554446 0.07722221 1.0
v 0.02635881 1.547511 0.08340456 1.0
v 0.02857404 1.54043 0.08916326 1.0
v 0.03128369 1.533039 0.09463471 1.0
v 0.0345122 1.525603 0.09981094 1.0
v 0.03820266 1.518271 0.1048073 1.0
v 0.04302727 1.511151 0.1090813 1.0
v 0.04973987 1.504738 0.1115105 1.0
v 0.05728956 1.498842 0.1127574 1.0
v -0.001560167 1.60687 -0.02305954 1.0
v -0.0008284838 1.607908 -0.0133981 1.0
v -0.0003455809 1.6073 -0.00361313 1.0
v 0.0006779984 1.605959 0.006335879 1.0
v 0.002437994 1.604548 0.01605391 1.0
v 0.004422997 1.602615 0.02518598 1.0
v 0.006198205 1.599908 0.0340085 1.0
v 0.00780318 1.596216 0.04255056 1.0
v 0.009171154 1.591876 0.05074081 1.0
v 0.009946037 1.587447 0.05801933 1.0
v 0.01026164 1.582436 0.06529543 1.0
v 0.01090904 1.575877 0.07344261 1.0
v 0.01246265 1.56855 0.08093887 1.0
v 0.01464664 1.560758 0.08749225 1.0
v 0.01746061 1.552638 0.0933411 1.0
v 0.0206218 1.544093 0.09822645 1.0
v 0.02428671 1.535632 0.1024618 1.0
v 0.02894776 1.527214 0.1067766 1.0
v 0.03445768 1.519368 0.1106719 1.0
v 0.0411547 1.51145 0.1134335 1.0
v 0.0492609 1.504408 0.1137633 1.0
v 0.05726666 1.498829 0.1128527 1.0
v -0.001560167 1.60687 -0.02305954 1.0
v -0.0008284838 1.607908 -0.0133981 1.0
v -0.0003455809 1.6073 -0.00361313 1.0
v 0.0006779984 1.605959 0.006335879 1.0
v 0.002437994 1.604548 0.01605391 1.0
v 0.004422997 1.602615 0.02518598 1.0
v 0.006198205 1.599908 0.0340085 1.0
v 0.00780318 1.596216 0.04255056 1.0
v 0.009171154 1.591876 0.05074081 1.0
v 0.009946037 1.587447 0.05801933 1.0
v 0.01026164 1.582436 0.06529543 1.0
v 0.01090904 1.575877 0.07344261 1.0
v 0.01246265 1.56855 0.08093887 1.0
v 0.01464664 1.560758 0.08749225 1.0
v 0.01746061 1.552638 0.0933411 1.0
v 0.0206218 1.544093 0.09822645 1.0
v 0.02428671 1.535632 0.1024618 1.0
v 0.02894776 1.527214 0.1067766 1.0
v 0.03445768 1.519368 0.1106719 1.0
v 0.0411547 1.51145 0.1134335 1.0
v 0.0492609 1.504408 0.1137633 1.0
v 0.05726666 1.498829 0.1128527 1.0
v 0.003633826 1.609438 -0.02482792 1.0
v 0.006248754 1.611394 -0.01551453 1.0
v 0.008960714 1.611707 -0.005306635 1.0
v 0.01161141 1.611199 0.003851334 1.0
v 0.01469394 1.610222 0.01329936 1.0
v 0.01783952 1.608371 0.02280375 1.0
v 0.02071587 1.605547 0.03236482 1.0
v 0.02318921 1.601818 0.0416407 1.0
v 0.02521719 1.597459 0.05034287 1.0
v 0.02667729 1.592149 0.05912848 1.0
v 0.02734323 1.586059 0.06753007 1.0
v 0.0279203 1.579376 0.07517177 1.0
v 0.02889808 1.571908 0.08210483 1.0
v 0.03003007 1.563985 0.08812506 1.0
v 0.03138245 1.555857 0.09346772 1.0
v 0.03277175 1.54743 0.09843311 1.0
v 0.03457088 1.53896 0.1027875 1.0
v 0.03736977 1.530549 0.1066092 1.0
v 0.04088942 1.522126 0.109866 1.0
v 0.04514141 1.513764 0.1122989 1.0
v 0.05080329 1.506009 0.1130767 1.0
v 0.05733415 1.498896 0.1128248 1.0
v 0.008617599 1.606128 -0.02578097 1.0
v 0.003423607 1.60356 -0.02401259 1.0
v -0.001560167 1.60687 -0.02305954 1.0
v 0.003633826 1.609438 -0.02482792 1.0
v 0.05735705 1.498909 0.1127294 1.0
v 0.05728956 1.498842 0.1127574 1.0
v 0.05726666 1.498829 0.1128527 1.0
v 0.05733415 1.498896 0.1128248 1.0
v -0.007893202 1.603877 -0.03259972 1.0
v 0.0008558648 1.604351 -0.03717838 1.0
v 0.009861234 1.603015 -0.04182208 1.0
v 0.0203577 1.600519 -0.0457811 1.0
v 0.03088838 1.597572 -0.04846377 1.0
v 0.04087848 1.593735 -0.05005471 1.0
v 0.05069365 1.588726 -0.05066518 1.0
v 0.05953274 1.582945 -0.05028437 1.0
v 0.06639735 1.576798 -0.04968579 1.0
v 0.07214726 1.569228 -0.04902912 1.0
v 0.07647824 1.561119 -0.04839925 1.0
v 0.07993034 1.553275 -0.0480886 1.0
v 0.08331119 1.544377 -0.04807308 1.0
v 0.08671109 1.533987 -0.04780465 1.0
v 0.08940803 1.523849 -0.04701465 1.0
v 0.09141441 1.513916 -0.04589489 1.0
v 0.09320083 1.503612 -0.04435455 1.0
v 0.09473711 1.493124 -0.04227005 1.0
v 0.09578835 1.483757 -0.04022752 1.0
v 0.09651962 1.475271 -0.03853653 1.0
v 0.09706975 1.466204 -0.03689058 1.0
v 0.09749622 1.456383 -0.03501716 1.0
v 0.09776273 1.446227 -0.03273377 1.0
v 0.09783345 1.436722 -0.03028231 1.0
v 0.09784842 1.427854 -0.02795448 1.0
v 0.09790459 1.419241 -0.0259843 1.0
v 0.0978168 1.40905 -0.02406482 1.0
v 0.09743516 1.398023 -0.02151644 1.0
v 0.09707811 1.387916 -0.01835956 1.0
v 0.09646607 1.378439 -0.01507758 1.0
v 0.09520745 1.369329 -0.01199958 1.0
v 0.09337063 1.359883 -0.008791367 1.0
v 0.09062491 1.350206 -0.004863783 1.0
v 0.08693047 1.341509 -0.0003401069 1.0
v 0.08255474 1.333368 0.004745963 1.0
v 0.0779989 1.325798 0.01096965 1.0
v 0.07375294 1.319831 0.01858001 1.0
v 0.06959082 1.314861 0.02621549 1.0
v -0.007893202 1.603877 -0.03259972 1.0
v 0.0008558648 1.604351 -0.03717838 1.0
v 0.009861234 1.603015 -0.04182208 1.0
v 0.0203577 1.600519 -0.0457811 1.0
v 0.03088838 1.597572 -0.04846377 1.0
v 0.04087848 1.593735 -0.05005471 1.0
v 0.05069365 1.588726 -0.05066518 1.0
v 0.05953274 1.582945 -0.05028437 1.0
v 0.06639735 1.576798 -0.04968579 1.0
v 0.07214726 1.569228 -0.04902912 1.0
v 0.07647824 1.561119 -0.04839925 1.0
v 0.07993034 1.553275 -0.0480886 1.0
v 0.08331119 1.544377 -0.04807308 1.0
v 0.08671109 1.533987 -0.04780465 1.0
v 0.08940803 1.523849 -0.04701465 1.0
v 0.09141441 1.513916 -0.04589489 1.0
v 0.09320083 1.503612 -0.04435455 1.0
v 0.09473711 1.493124 -0.04227005 1.0
v 0.09578835 1.483757 -0.04022752 1.0
v 0.09651962 1.475271 -0.03853653 1.0
v 0.09706975 1.466204 -0.03689058 1.0
v 0.09749622 1.456383 -0.03501716 1.0
v 0.09776273 1.446227 -0.03273377 1.0
v 0.09783345 1.436722 -0.03028231 1.0
v 0.09784842 1.427854 -0.02795448 1.0
v 0.09790459 1.419241 -0.0259843 1.0
v 0.0978168 1.40905 -0.02406482 1.0
v 0.09743516 1.398023 -0.02151644 1.0
v 0.09707811 1.387916 -0.01835956 1.0
v 0.09646607 1.378439 -0.01507758 1.0
v 0.09520745 1.369329 -0.01199958 1.0
v 0.09337063 1.359883 -0.008791367 1.0
v 0.09062491 1.350206 -0.004863783 1.0
v 0.08693047 1.341509 -0.0003401069 1.0
v 0.08255474 1.333368 0.004745963 1.0
v 0.0779989 1.325798 0.01096965 1.0
v 0.07375294 1.319831 0.01858001 1.0
v 0.06959082 1.314861 0.02621549 1.0
v -0.00504332 1.602118 -0.02443837 1.0
v 0.004125194 1.602038 -0.02747525 1.0
v 0.0124889 1.600055 -0.03012981 1.0
v 0.02180843 1.597136 -0.03202902 1.0
v 0.03092201 1.594296 -0.03277345 1.0
v 0.03950308 1.590858 -0.0327303 1.0
v 0.04744165 1.586556 -0.03212476 1.0
v 0.05486248 1.581492 -0.03086503 1.0
v 0.0612337 1.575749 -0.02946346 1.0
v 0.06628858 1.569094 -0.02814886 1.0
v 0.0706059 1.56118 -0.02676621 1.0
v 0.07435249 1.552757 -0.02569288 1.0
v 0.07734312 1.543996 -0.02514713 1.0
v 0.07983054 1.534856 -0.02458287 1.0
v 0.08185141 1.52577 -0.02357038 1.0
v 0.08344367 1.516284 -0.02221337 1.0
v 0.08479107 1.506818 -0.02060634 1.0
v 0.08591437 1.497453 -0.01864698 1.0
v 0.08684766 1.488037 -0.01658187 1.0
v 0.08763085 1.478542 -0.01484252 1.0
v 0.08824444 1.468983 -0.01348563 1.0
v 0.08875196 1.459306 -0.01222536 1.0
v 0.08919725 1.449653 -0.01080345 1.0
v 0.08955852 1.439972 -0.009280233 1.0
v 0.08990512 1.430194 -0.00794515 1.0
v 0.09029632 1.420355 -0.007126442 1.0
v 0.09066634 1.410561 -0.00655875 1.0
v 0.09089245 1.400768 -0.0055084 1.0
v 0.09104726 1.391111 -0.003857 1.0
v 0.09088913 1.381524 -0.00196506 1.0
v 0.0902269 1.372055 -0.0001724395 1.0
v 0.08921662 1.362575 0.001593673 1.0
v 0.0875297 1.353438 0.003786014 1.0
v 0.08482218 1.344702 0.006511272 1.0
v 0.08132441 1.336185 0.009747058 1.0
v 0.07753294 1.328153 0.01399672 1.0
v 0.07362735 1.321258 0.01980925 1.0
v 0.06957396 1.314968 0.02631024 1.0
v -0.002932973 1.606215 -0.0169163 1.0
v 0.007061872 1.606737 -0.01856016 1.0
v 0.01669549 1.605153 -0.01970444 1.0
v 0.02506402 1.603082 -0.01951023 1.0
v 0.03366081 1.601346 -0.01864125 1.0
v 0.04240462 1.598872 -0.0173142 1.0
v 0.0503823 1.595351 -0.01560107 1.0
v 0.05815776 1.590734 -0.01340725 1.0
v 0.06621131 1.584278 -0.0110462 1.0
v 0.07273494 1.576646 -0.00886837 1.0
v 0.07821927 1.56781 -0.006752036 1.0
v 0.08316077 1.557865 -0.004973973 1.0
v 0.08656569 1.548223 -0.003736066 1.0
v 0.08872899 1.539681 -0.002562661 1.0
v 0.09062218 1.530716 -0.001008718 1.0
v 0.09212735 1.521393 0.0007745223 1.0
v 0.0932969 1.512433 0.002655361 1.0
v 0.09419993 1.50373 0.004732089 1.0
v 0.0950925 1.493879 0.006982237 1.0
v 0.09587718 1.482969 0.008895855 1.0
v 0.09634217 1.472479 0.01008575 1.0
v 0.0965464 1.462697 0.01084457 1.0
v 0.096639 1.453287 0.01150028 1.0
v 0.09662725 1.443249 0.01215386 1.0
v 0.09652901 1.432517 0.0125407 1.0
v 0.09638389 1.421418 0.01227855 1.0
v 0.09626925 1.411856 0.01151903 1.0
v 0.09611937 1.403214 0.01102336 1.0
v 0.0957788 1.393831 0.01121366 1.0
v 0.09508133 1.383944 0.01178749 1.0
v 0.09399161 1.373734 0.01228238 1.0
v 0.09267566 1.363946 0.01247983 1.0
v 0.0907332 1.354907 0.01286477 1.0
v 0.08757519 1.345869 0.01376616 1.0
v 0.08361866 1.337242 0.01504599 1.0
v 0.07934371 1.329268 0.01722232 1.0
v 0.07458933 1.322055 0.02122473 1.0
v 0.06964134 1.31503 0.02642144 1.0
v -0.002932973 1.606215 -0.0169163 1.0
v 0.007061872 1.606737 -0.01856016 1.0
v 0.01669549 1.605153 -0.01970444 1.0
v 0.02506402 1.603082 -0.01951023 1.0
v 0.03366081 1.601346 -0.01864125 1.0
v 0.04240462 1.598872 -0.0173142 1.0
v 0.0503823 1.595351 -0.01560107 1.0
v 0.05815776 1.590734 -0.01340725 1.0
v 0.06621131 1.584278 -0.0110462 1.0
v 0.07273494 1.576646 -0.00886837 1.0
v 0.07821927 1.56781 -0.006752036 1.0
v 0.08316077 1.557865 -0.004973973 1.0
v 0.08656569 1.548223 -0.003736066 1.0
v 0.08872899 1.539681 -0.002562661 1.0
v 0.09062218 1.530716 -0.001008718 1.0
v 0.09212735 1.521393 0.0007745223 1.0
v 0.0932969 1.512433 0.002655361 1.0
v 0.09419993 1.50373 0.004732089 1.0
v 0.0950925 1.493879 0.006982237 1.0
v 0.09587718 1.482969 0.008895855 1.0
v 0.09634217 1.472479 0.01008575 1.0
v 0.0965464 1.462697 0.01084457 1.0
v 0.096639 1.453287 0.01150028 1.0
v 0.09662725 1.443249 0.01215386 1.0
v 0.09652901 1.432517 0.0125407 1.0
v 0.09638389 1.421418 0.01227855 1.0
v 0.09626925 1.411856 0.01151903 1.0
v 0.09611937 1.403214 0.01102336 1.0
v 0.0957788 1.393831 0.01121366 1.0
v 0.09508133 1.383944 0.01178749 1.0
v 0.09399161 1.373734 0.01228238 1.0
v 0.09267566 1.363946 0.01247983 1.0
v 0.0907332 1.354907 0.01286477 1.0
v 0.08757519 1.345869 0.01376616 1.0
v 0.08361866 1.337242 0.01504599 1.0
v 0.07934371 1.329268 0.01722232 1.0
v 0.07458933 1.322055 0.02122473 1.0
v 0.06964134 1.31503 0.02642144 1.0
v -0.005782853 1.607974 -0.02507765 1.0
v 0.003792544 1.609051 -0.0282633 1.0
v 0.01406783 1.608113 -0.03139671 1.0
v 0.02361328 1.606465 -0.03326231 1.0
v 0.03362718 1.604622 -0.03433158 1.0
v 0.04378002 1.60175 -0.03463861 1.0
v 0.0536343 1.597521 -0.03414149 1.0
v 0.06282802 1.592187 -0.03282659 1.0
v 0.07137495 1.585326 -0.03126852 1.0
v 0.0785936 1.576781 -0.02974864 1.0
v 0.08409162 1.567748 -0.02838508 1.0
v 0.08873861 1.558383 -0.02736969 1.0
v 0.09253377 1.548605 -0.02666201 1.0
v 0.09560954 1.538812 -0.02578444 1.0
v 0.0981788 1.528796 -0.02445299 1.0
v 0.1000981 1.519025 -0.02290701 1.0
v 0.1017067 1.509227 -0.02109285 1.0
v 0.1030227 1.499401 -0.01889098 1.0
v 0.1040332 1.489599 -0.01666342 1.0
v 0.1047659 1.479698 -0.01479816 1.0
v 0.1051675 1.4697 -0.01331921 1.0
v 0.1052907 1.459774 -0.01194723 1.0
v 0.1052045 1.449861 -0.01043004 1.0
v 0.1049022 1.439999 -0.008848222 1.0
v 0.1044723 1.430177 -0.007468634 1.0
v 0.1039922 1.420305 -0.006579305 1.0
v 0.1034197 1.410345 -0.005987043 1.0
v 0.1026621 1.400469 -0.004984683 1.0
v 0.1018096 1.390635 -0.003288899 1.0
v 0.1006583 1.380858 -0.001325036 1.0
v 0.09897218 1.371009 0.0004552472 1.0
v 0.09682968 1.361254 0.00209479 1.0
v 0.09382842 1.351675 0.004214975 1.0
v 0.08968347 1.342677 0.006914778 1.0
v 0.08484899 1.334425 0.0100449 1.0
v 0.07980967 1.326913 0.01419524 1.0
v 0.07471492 1.320628 0.01999549 1.0
v 0.0696582 1.314923 0.02632669 1.0
v -0.007893202 1.603877 -0.03259972 1.0
v -0.00504332 1.602118 -0.02443837 1.0
v -0.002932973 1.606215 -0.0169163 1.0
v -0.005782853 1.607974 -0.02507765 1.0
v 0.06959082 1.314861 0.02621549 1.0
v 0.06957396 1.314968 0.02631024 1.0
v 0.06964134 1.31503 0.02642144 1.0
v 0.0696582 1.314923 0.02632669 1.0
v 0.002548911 1.606219 -0.01684292 1.0
v -0.00743866 1.606723 -0.01863784 1.0
v -0.01704307 1.605119 -0.01992669 1.0
v -0.02530154 1.603057 -0.01978303 1.0
v -0.03380582 1.601415 -0.01890726 1.0
v -0.04261785 1.599018 -0.01757221 1.0
v -0.05078617 1.595465 -0.01589964 1.0
v -0.05860586 1.590788 -0.01378382 1.0
v -0.06656191 1.58439 -0.01149732 1.0
v -0.07302334 1.576869 -0.009325906 1.0
v -0.07850594 1.568124 -0.00715691 1.0
v -0.08344382 1.558298 -0.005284378 1.0
v -0.08691491 1.548663 -0.003916844 1.0
v -0.08919111 1.539966 -0.00264254 1.0
v -0.09114907 1.530868 -0.001053504 1.0
v -0.09265666 1.521518 0.0007092841 1.0
v -0.09380502 1.512612 0.00257368 1.0
v -0.09469359 1.503977 0.0046595 1.0
v -0.09558563 1.494145 0.006941201 1.0
v -0.09638354 1.483173 0.008890342 1.0
v -0.09686432 1.47262 0.01008452 1.0
v -0.09707545 1.462817 0.01083113 1.0
v -0.09716823 1.453429 0.01147646 1.0
v -0.09715728 1.443402 0.01212866 1.0
v -0.09706082 1.432667 0.01251693 1.0
v -0.09691288 1.421509 0.01224862 1.0
v -0.09679183 1.411916 0.01147028 1.0
v -0.09664576 1.403317 0.01095956 1.0
v -0.09631522 1.393965 0.01115627 1.0
v -0.09563274 1.384079 0.01175585 1.0
v -0.09454224 1.37387 0.01227907 1.0
v -0.09322087 1.364056 0.01250575 1.0
v -0.09126564 1.354982 0.01290956 1.0
v -0.08810604 1.345929 0.01380598 1.0
v -0.08414828 1.33728 0.01506745 1.0
v -0.07988063 1.32928 0.0172309 1.0
v -0.07515014 1.32208 0.0212294 1.0
v -0.07019445 1.315056 0.02642537 1.0
v 0.002548911 1.606219 -0.01684292 1.0
v -0.00743866 1.606723 -0.01863784 1.0
v -0.01704307 1.605119 -0.01992669 1.0
v -0.02530154 1.603057 -0.01978303 1.0
v -0.03380582 1.601415 -0.01890726 1.0
v -0.04261785 1.599018 -0.01757221 1.0
v -0.05078617 1.595465 -0.01589964 1.0
v -0.05860586 1.590788 -0.01378382 1.0
v -0.06656191 1.58439 -0.01149732 1.0
v -0.07302334 1.576869 -0.009325906 1.0
v -0.07850594 1.568124 -0.00715691 1.0
v -0.08344382 1.558298 -0.005284378 1.0
v -0.08691491 1.548663 -0.003916844 1.0
v -0.08919111 1.539966 -0.00264254 1.0
v -0.09114907 1.530868 -0.001053504 1.0
v -0.09265666 1.521518 0.0007092841 1.0
v -0.09380502 1.512612 0.00257368 1.0
v -0.09469359 1.503977 0.0046595 1.0
v -0.09558563 1.494145 0.006941201 1.0
v -0.09638354 1.483173 0.008890342 1.0
v -0.09686432 1.47262 0.01008452 1.0
v -0.09707545 1.462817 0.01083113 1.0
v -0.09716823 1.453429 0.01147646 1.0
v -0.09715728 1.443402 0.01212866 1.0
v -0.09706082 1.432667 0.01251693 1.0
v -0.09691288 1.421509 0.01224862 1.0
v -0.09679183 1.411916 0.01147028 1.0
v -0.09664576 1.403317 0.01095956 1.0
v -0.09631522 1.393965 0.01115627 1.0
v -0.09563274 1.384079 0.01175585 1.0
v -0.09454224 1.37387 0.01227907 1.0
v -0.09322087 1.364056 0.01250575 1.0
v -0.09126564 1.354982 0.01290956 1.0
v -0.08810604 1.345929 0.01380598 1.0
v -0.08414828 1.33728 0.01506745 1.0
v -0.07988063 1.32928 0.0172309 1.0
v -0.07515014 1.32208 0.0212294 1.0
v -0.07019445 1.315056 0.02642537 1.0
v 0.004766452 1.602118 -0.02433207 1.0
v -0.004362775 1.602036 -0.02751311 1.0
v -0.01269256 1.600066 -0.03031508 1.0
v -0.02199955 1.597152 -0.03230906 1.0
v -0.03112841 1.594332 -0.03303494 1.0
v -0.03973007 1.590928 -0.03295126 1.0
v -0.04769142 1.586653 -0.03238578 1.0
v -0.05513934 1.581594 -0.0312334 1.0
v -0.06156394 1.57585 -0.02990388 1.0
v -0.06665713 1.569202 -0.02858754 1.0
v -0.07100006 1.561324 -0.02715434 1.0
v -0.07477698 1.552915 -0.02599319 1.0
v -0.07779662 1.544175 -0.02531953 1.0
v -0.08030729 1.535042 -0.02464654 1.0
v -0.08234476 1.525959 -0.0236103 1.0
v -0.08394704 1.516467 -0.02228164 1.0
v -0.08530043 1.506992 -0.02068731 1.0
v -0.08643144 1.497623 -0.01870734 1.0
v -0.08737083 1.488208 -0.01660975 1.0
v -0.08815947 1.47871 -0.01484889 1.0
v -0.08877695 1.469147 -0.01349383 1.0
v -0.08928639 1.459463 -0.01224599 1.0
v -0.08973406 1.449799 -0.01083043 1.0
v -0.09009708 1.440112 -0.0093062 1.0
v -0.09044442 1.430327 -0.007969453 1.0
v -0.09083641 1.420478 -0.007161648 1.0
v -0.09120823 1.410674 -0.00661714 1.0
v -0.09143683 1.400874 -0.005578323 1.0
v -0.09159043 1.391207 -0.003909436 1.0
v -0.09143963 1.381615 -0.001988448 1.0
v -0.09077881 1.372146 -0.0001700334 1.0
v -0.08977198 1.362657 0.001619847 1.0
v -0.08808935 1.353508 0.003821957 1.0
v -0.08538423 1.344763 0.006539076 1.0
v -0.08188587 1.336233 0.009752993 1.0
v -0.07809195 1.328182 0.01398733 1.0
v -0.0741833 1.321292 0.01981201 1.0
v -0.07012554 1.314995 0.02631458 1.0
v 0.007731691 1.603873 -0.03245307 1.0
v -0.0009459389 1.604365 -0.03716169 1.0
v -0.009906491 1.603076 -0.04195774 1.0
v -0.02049327 1.600582 -0.04604377 1.0
v -0.0311404 1.597579 -0.04873155 1.0
v -0.04110058 1.593728 -0.05028873 1.0
v -0.05077344 1.588801 -0.05095772 1.0
v -0.05962555 1.583095 -0.05069245 1.0
v -0.06666608 1.576927 -0.05014037 1.0
v -0.07255219 1.569289 -0.04945781 1.0
v -0.07696049 1.561133 -0.04876253 1.0
v -0.08047952 1.553205 -0.0483616 1.0
v -0.08386061 1.544328 -0.04822296 1.0
v -0.08719391 1.534104 -0.04786382 1.0
v -0.08986291 1.524096 -0.0470716 1.0
v -0.09188901 1.514171 -0.04597991 1.0
v -0.0937093 1.503796 -0.04443715 1.0
v -0.09527548 1.493237 -0.04231193 1.0
v -0.09634 1.483851 -0.04023047 1.0
v -0.09706929 1.47542 -0.0385323 1.0
v -0.09761216 1.4664 -0.03689891 1.0
v -0.09803584 1.45658 -0.03504097 1.0
v -0.09830694 1.446385 -0.03275978 1.0
v -0.0983804 1.436852 -0.0303036 1.0
v -0.09839501 1.427972 -0.02797404 1.0
v -0.09845547 1.419402 -0.02601727 1.0
v -0.09837754 1.409222 -0.02412053 1.0
v -0.09799705 1.398135 -0.02158011 1.0
v -0.0976284 1.387985 -0.01840333 1.0
v -0.09701687 1.378501 -0.01509417 1.0
v -0.09576147 1.369384 -0.01198793 1.0
v -0.09393866 1.359955 -0.008757532 1.0
v -0.09121812 1.350297 -0.004823819 1.0
v -0.0875302 1.341591 -0.0003099651 1.0
v -0.08315212 1.333436 0.004749697 1.0
v -0.0785841 1.325852 0.01094533 1.0
v -0.07430302 1.31987 0.0185753 1.0
v -0.07014059 1.314888 0.02621935 1.0
v 0.007731691 1.603873 -0.03245307 1.0
v -0.0009459389 1.604365 -0.03716169 1.0
v -0.009906491 1.603076 -0.04195774 1.0
v -0.02049327 1.600582 -0.04604377 1.0
v -0.0311404 1.597579 -0.04873155 1.0
v -0.04110058 1.593728 -0.05028873 1.0
v -0.05077344 1.588801 -0.05095772 1.0
v -0.05962555 1.583095 -0.05069245 1.0
v -0.06666608 1.576927 -0.05014037 1.0
v -0.07255219 1.569289 -0.04945781 1.0
v -0.07696049 1.561133 -0.04876253 1.0
v -0.08047952 1.553205 -0.0483616 1.0
v -0.08386061 1.544328 -0.04822296 1.0
v -0.08719391 1.534104 -0.04786382 1.0
v -0.08986291 1.524096 -0.0470716 1.0
v -0.09188901 1.514171 -0.04597991 1.0
v -0.0937093 1.503796 -0.04443715 1.0
v -0.09527548 1.493237 -0.04231193 1.0
v -0.09634 1.483851 -0.04023047 1.0
v -0.09706929 1.47542 -0.0385323 1.0
v -0.09761216 1.4664 -0.03689891 1.0
v -0.09803584 1.45658 -0.03504097 1.0
v -0.09830694 1.446385 -0.03275978 1.0
v -0.0983804 1.436852 -0.0303036 1.0
v -0.09839501 1.427972 -0.02797404 1.0
v -0.09845547 1.419402 -0.02601727 1.0
v -0.09837754 1.409222 -0.02412053 1.0
v -0.09799705 1.398135 -0.02158011 1.0
v -0.0976284 1.387985 -0.01840333 1.0
v -0.09701687 1.378501 -0.01509417 1.0
v -0.09576147 1.369384 -0.01198793 1.0
v -0.09393866 1.359955 -0.008757532 1.0
v -0.09121812 1.350297 -0.004823819 1.0
v -0.0875302 1.341591 -0.0003099651 1.0
v -0.08315212 1.333436 0.004749697 1.0
v -0.0785841 1.325852 0.01094533 1.0
v -0.07430302 1.31987 0.0185753 1.0
v -0.07014059 1.314888 0.02621935 1.0
v 0.00551415 1.607974 -0.02496391 1.0
v -0.004021823 1.609051 -0.02828642 1.0
v -0.014257 1.608129 -0.03156936 1.0
v -0.02379526 1.606486 -0.03351774 1.0
v -0.03381781 1.604661 -0.03460386 1.0
v -0.04398835 1.601818 -0.03490968 1.0
v -0.0538682 1.597613 -0.03447158 1.0
v -0.06309207 1.592289 -0.03324287 1.0
v -0.07166406 1.585466 -0.0317338 1.0
v -0.07891841 1.576956 -0.03019618 1.0
v -0.08446637 1.567933 -0.0287651 1.0
v -0.08914636 1.558589 -0.02765279 1.0
v -0.09297889 1.548816 -0.02682028 1.0
v -0.09607772 1.539028 -0.02585982 1.0
v -0.09866721 1.529005 -0.0245148 1.0
v -0.1005986 1.519222 -0.02298898 1.0
v -0.1022139 1.509415 -0.02117616 1.0
v -0.1035376 1.49959 -0.0189451 1.0
v -0.1045548 1.489787 -0.01667952 1.0
v -0.1052934 1.479884 -0.01479306 1.0
v -0.1056995 1.469873 -0.01332056 1.0
v -0.1058249 1.459934 -0.01196386 1.0
v -0.1057411 1.450015 -0.01045288 1.0
v -0.1054406 1.440143 -0.008868739 1.0
v -0.1050114 1.430312 -0.007487658 1.0
v -0.1045319 1.420432 -0.006607005 1.0
v -0.1039611 1.410465 -0.006033107 1.0
v -0.103206 1.400577 -0.005042234 1.0
v -0.1023532 1.390744 -0.003337626 1.0
v -0.10121 1.380965 -0.001349869 1.0
v -0.09952489 1.371108 0.0004611732 1.0
v -0.09738754 1.361354 0.002128366 1.0
v -0.0943944 1.351771 0.004263786 1.0
v -0.09025201 1.342757 0.006956941 1.0
v -0.08541454 1.334483 0.01006415 1.0
v -0.08037278 1.32695 0.01418891 1.0
v -0.07526986 1.320658 0.01999268 1.0
v -0.0702095 1.314949 0.02633014 1.0
v 0.002548911 1.606219 -0.01684292 1.0
v 0.004766452 1.602118 -0.02433207 1.0
v 0.007731691 1.603873 -0.03245307 1.0
v 0.00551415 1.607974 -0.02496391 1.0
v -0.07019445 1.315056 0.02642537 1.0
v -0.07012554 1.314995 0.02631458 1.0
v -0.07014059 1.314888 0.02621935 1.0
v -0.0702095 1.314949 0.02633014 1.0
v -0.0123298 1.60407 -0.03050016 1.0
v -0.002496156 1.605488 -0.03155162 1.0
v 0.007415382 1.60485 -0.03259633 1.0
v 0.01721138 1.603455 -0.0336863 1.0
v 0.02701259 1.601835 -0.03470622 1.0
v 0.03662723 1.599515 -0.03554263 1.0
v 0.04570958 1.596185 -0.03620083 1.0
v 0.05422941 1.591491 -0.03677288 1.0
v 0.06289813 1.585012 -0.03689226 1.0
v 0.07070853 1.577078 -0.03621607 1.0
v 0.07669077 1.568702 -0.03512307 1.0
v 0.08151168 1.560069 -0.03395379 1.0
v 0.08553184 1.550851 -0.03266551 1.0
v 0.0886995 1.54145 -0.03127234 1.0
v 0.09141751 1.531706 -0.02966924 1.0
v 0.09340378 1.521945 -0.02794556 1.0
v 0.09494407 1.512407 -0.02622111 1.0
v 0.09631748 1.502797 -0.02443321 1.0
v 0.09739235 1.493108 -0.02254034 1.0
v 0.09827122 1.483444 -0.0205093 1.0
v 0.09896593 1.473741 -0.01829242 1.0
v 0.09935502 1.463923 -0.01581547 1.0
v 0.09928135 1.45389 -0.0129867 1.0
v 0.09887268 1.444567 -0.01003686 1.0
v 0.0983676 1.43542 -0.007101783 1.0
v 0.09802056 1.42708 -0.004594958 1.0
v 0.0977862 1.41829 -0.002381191 1.0
v 0.09732704 1.408065 0.0001098299 1.0
v 0.09671938 1.397933 0.003047097 1.0
v 0.09595344 1.388013 0.006220739 1.0
v 0.0946586 1.378244 0.009554522 1.0
v 0.0928219 1.368767 0.013001 1.0
v 0.09049171 1.359253 0.01685006 1.0
v 0.08734275 1.350011 0.02125741 1.0
v 0.08353941 1.34176 0.02610474 1.0
v 0.07888228 1.334053 0.03134395 1.0
v 0.07384032 1.32695 0.03683979 1.0
v 0.06835581 1.320556 0.04265602 1.0
v 0.06292693 1.314351 0.04830711 1.0
v -0.0123298 1.60407 -0.03050016 1.0
v -0.002496156 1.605488 -0.03155162 1.0
v 0.007415382 1.60485 -0.03259633 1.0
v 0.01721138 1.603455 -0.0336863 1.0
v 0.02701259 1.601835 -0.03470622 1.0
v 0.03662723 1.599515 -0.03554263 1.0
v 0.04570958 1.596185 -0.03620083 1.0
v 0.05422941 1.591491 -0.03677288 1.0
v 0.06289813 1.585012 -0.03689226 1.0
v 0.07070853 1.577078 -0.03621607 1.0
v 0.07669077 1.568702 -0.03512307 1.0
v 0.08151168 1.560069 -0.03395379 1.0
v 0.08553184 1.550851 -0.03266551 1.0
v 0.0886995 1.54145 -0.03127234 1.0
v 0.09141751 1.531706 -0.02966924 1.0
v 0.09340378 1.521945 -0.02794556 1.0
v 0.09494407 1.512407 -0.02622111 1.0
v 0.09631748 1.502797 -0.02443321 1.0
v 0.09739235 1.493108 -0.02254034 1.0
v 0.09827122 1.483444 -0.0205093 1.0
v 0.09896593 1.473741 -0.01829242 1.0
v 0.09935502 1.463923 -0.01581547 1.0
v 0.09928135 1.45389 -0.0129867 1.0
v 0.09887268 1.444567 -0.01003686 1.0
v 0.0983676 1.43542 -0.007101783 1.0
v 0.09802056 1.42708 -0.004594958 1.0
v 0.0977862 1.41829 -0.002381191 1.0
v 0.09732704 1.408065 0.0001098299 1.0
v 0.09671938 1.397933 0.003047097 1.0
v 0.09595344 1.388013 0.006220739 1.0
v 0.0946586 1.378244 0.009554522 1.0
v 0.0928219 1.368767 0.013001 1.0
v 0.09049171 1.359253 0.01685006 1.0
v 0.08734275 1.350011 0.02125741 1.0
v 0.08353941 1.34176 0.02610474 1.0
v 0.07888228 1.334053 0.03134395 1.0
v 0.07384032 1.32695 0.03683979 1.0
v 0.06835581 1.320556 0.04265602 1.0
v 0.06292693 1.314351 0.04830711 1.0
v -0.01228389 1.601788 -0.02197886 1.0
v -0.002701163 1.602717 -0.02147715 1.0
v 0.006141951 1.601564 -0.02086991 1.0
v 0.01584416 1.599584 -0.02020868 1.0
v 0.02511605 1.597411 -0.01960562 1.0
v 0.034042 1.594631 -0.01902259 1.0
v 0.04232997 1.591057 -0.01848183 1.0
v 0.0500955 1.586522 -0.01800944 1.0
v 0.05705427 1.581156 -0.01738805 1.0
v 0.06287066 1.574985 -0.01629962 1.0
v 0.0678517 1.567698 -0.01475112 1.0
v 0.07212516 1.559826 -0.01306996 1.0
v 0.07560249 1.551551 -0.0113686 1.0
v 0.0785253 1.542607 -0.00950297 1.0
v 0.08075181 1.533814 -0.007666744 1.0
v 0.08235038 1.524828 -0.005759342 1.0
v 0.08368862 1.515471 -0.00379033 1.0
v 0.08477804 1.506167 -0.001925607 1.0
v 0.08562061 1.496757 -6.402843E-05 1.0
v 0.08630592 1.487279 0.001797644 1.0
v 0.08683638 1.477822 0.003625991 1.0
v 0.087198 1.468348 0.005502354 1.0
v 0.08735869 1.458921 0.007554004 1.0
v 0.08734426 1.449407 0.009772182 1.0
v 0.08730615 1.43978 0.01188286 1.0
v 0.0873842 1.43005 0.01353491 1.0
v 0.08755113 1.420289 0.01460784 1.0
v 0.08766317 1.410517 0.01575563 1.0
v 0.08773696 1.400706 0.01735516 1.0
v 0.08770239 1.391135 0.01918366 1.0
v 0.08721495 1.381732 0.02123377 1.0
v 0.08636437 1.372283 0.02352018 1.0
v 0.08517111 1.363053 0.02598653 1.0
v 0.08326667 1.354157 0.0287665 1.0
v 0.08027678 1.345453 0.03194637 1.0
v 0.07655673 1.337195 0.03550852 1.0
v 0.07242243 1.329209 0.03948782 1.0
v 0.06776657 1.321767 0.04390538 1.0
v 0.06288192 1.314444 0.04840717 1.0
v -0.01332608 1.605321 -0.01396277 1.0
v -0.003687579 1.606915 -0.01195753 1.0
v 0.006014956 1.606426 -0.009632639 1.0
v 0.01572672 1.605099 -0.007244719 1.0
v 0.0253424 1.603431 -0.004946124 1.0
v 0.03482618 1.600972 -0.002816742 1.0
v 0.04417884 1.597415 -0.0009363173 1.0
v 0.05305437 1.592869 0.0005596951 1.0
v 0.0603399 1.587842 0.001949174 1.0
v 0.06632966 1.58194 0.003753688 1.0
v 0.07172917 1.574566 0.006032337 1.0
v 0.07656526 1.566362 0.008421119 1.0
v 0.08044403 1.557864 0.01075283 1.0
v 0.08365876 1.54897 0.01312239 1.0
v 0.086036 1.540063 0.01547047 1.0
v 0.087731 1.530873 0.01784624 1.0
v 0.08914773 1.521324 0.02019206 1.0
v 0.0901743 1.511749 0.0223814 1.0
v 0.09089131 1.50218 0.02442871 1.0
v 0.0913669 1.492548 0.02633534 1.0
v 0.09157633 1.482925 0.02803267 1.0
v 0.09159345 1.47341 0.02952053 1.0
v 0.09153371 1.464157 0.0308892 1.0
v 0.0913385 1.454246 0.03234091 1.0
v 0.09108353 1.444106 0.03353469 1.0
v 0.09079412 1.432989 0.03428048 1.0
v 0.0904699 1.422168 0.03423763 1.0
v 0.09021355 1.412796 0.03399019 1.0
v 0.09001631 1.403442 0.0341007 1.0
v 0.08974207 1.393973 0.03446941 1.0
v 0.08910105 1.384509 0.03511585 1.0
v 0.08828517 1.374897 0.0359377 1.0
v 0.08711801 1.36556 0.03676371 1.0
v 0.08514979 1.356536 0.0377655 1.0
v 0.08170097 1.347532 0.03916145 1.0
v 0.07762153 1.33895 0.04083891 1.0
v 0.07319566 1.330489 0.04293549 1.0
v 0.06821378 1.322437 0.04555671 1.0
v 0.06291861 1.314494 0.04853703 1.0
v -0.01332608 1.605321 -0.01396277 1.0
v -0.003687579 1.606915 -0.01195753 1.0
v 0.006014956 1.606426 -0.009632639 1.0
v 0.01572672 1.605099 -0.007244719 1.0
v 0.0253424 1.603431 -0.004946124 1.0
v 0.03482618 1.600972 -0.002816742 1.0
v 0.04417884 1.597415 -0.0009363173 1.0
v 0.05305437 1.592869 0.0005596951 1.0
v 0.0603399 1.587842 0.001949174 1.0
v 0.06632966 1.58194 0.003753688 1.0
v 0.07172917 1.574566 0.006032337 1.0
v 0.07656526 1.566362 0.008421119 1.0
v 0.08044403 1.557864 0.01075283 1.0
v 0.08365876 1.54897 0.01312239 1.0
v 0.086036 1.540063 0.01547047 1.0
v 0.087731 1.530873 0.01784624 1.0
v 0.08914773 1.521324 0.02019206 1.0
v 0.0901743 1.511749 0.0223814 1.0
v 0.09089131 1.50218 0.02442871 1.0
v 0.0913669 1.492548 0.02633534 1.0
v 0.09157633 1.482925 0.02803267 1.0
v 0.09159345 1.47341 0.02952053 1.0
v 0.09153371 1.464157 0.0308892 1.0
v 0.0913385 1.454246 0.03234091 1.0
v 0.09108353 1.444106 0.03353469 1.0
v 0.09079412 1.432989 0.03428048 1.0
v 0.0904699 1.422168 0.03423763 1.0
v 0.09021355 1.412796 0.03399019 1.0
v 0.09001631 1.403442 0.0341007 1.0
v 0.08974207 1.393973 0.03446941 1.0
v 0.08910105 1.384509 0.03511585 1.0
v 0.08828517 1.374897 0.0359377 1.0
v 0.08711801 1.36556 0.03676371 1.0
v 0.08514979 1.356536 0.0377655 1.0
v 0.08170097 1.347532 0.03916145 1.0
v 0.07762153 1.33895 0.04083891 1.0
v 0.07319566 1.330489 0.04293549 1.0
v 0.06821378 1.322437 0.04555671 1.0
v 0.06291861 1.314494 0.04853703 1.0
v -0.01337199 1.607603 -0.02248406 1.0
v -0.003482572 1.609686 -0.022032 1.0
v 0.007288387 1.609711 -0.02135906 1.0
v 0.01709394 1.60897 -0.02072234 1.0
v 0.02723894 1.607855 -0.02004672 1.0
v 0.03741141 1.605856 -0.01933679 1.0
v 0.04755845 1.602544 -0.01865532 1.0
v 0.05718828 1.597838 -0.01820375 1.0
v 0.06618375 1.591699 -0.01755503 1.0
v 0.07416752 1.584033 -0.01616276 1.0
v 0.08056823 1.57557 -0.01433961 1.0
v 0.08595177 1.566605 -0.01246272 1.0
v 0.09037337 1.557163 -0.01054409 1.0
v 0.09383298 1.547814 -0.008646974 1.0
v 0.0967017 1.537956 -0.006532035 1.0
v 0.09878439 1.52799 -0.004339978 1.0
v 0.1004032 1.51826 -0.002238723 1.0
v 0.1017137 1.508379 -0.000126211 1.0
v 0.102663 1.49853 0.001952402 1.0
v 0.1033322 1.488713 0.004028403 1.0
v 0.1037059 1.478844 0.006114268 1.0
v 0.1037505 1.468986 0.008202709 1.0
v 0.1034564 1.459126 0.0103485 1.0
v 0.1028669 1.449407 0.01253186 1.0
v 0.102145 1.439745 0.01455005 1.0
v 0.1014305 1.430019 0.01615061 1.0
v 0.100705 1.420169 0.01724861 1.0
v 0.09987742 1.410344 0.01834438 1.0
v 0.09899873 1.400669 0.01979264 1.0
v 0.09799313 1.390851 0.02150649 1.0
v 0.09654469 1.381021 0.0234366 1.0
v 0.09474271 1.371381 0.02541853 1.0
v 0.0924386 1.36176 0.02762724 1.0
v 0.08922588 1.35239 0.03025641 1.0
v 0.08496361 1.343839 0.03331982 1.0
v 0.07994708 1.335807 0.03667434 1.0
v 0.07461354 1.32823 0.04028745 1.0
v 0.06880302 1.321225 0.04430734 1.0
v 0.06296362 1.314401 0.04843697 1.0
v -0.0123298 1.60407 -0.03050016 1.0
v -0.01228389 1.601788 -0.02197886 1.0
v -0.01332608 1.605321 -0.01396277 1.0
v -0.01337199 1.607603 -0.02248406 1.0
v 0.06292693 1.314351 0.04830711 1.0
v 0.06288192 1.314444 0.04840717 1.0
v 0.06291861 1.314494 0.04853703 1.0
v 0.06296362 1.314401 0.04843697 1.0
v 0.0128098 1.605354 -0.01364065 1.0
v 0.00309161 1.606928 -0.01191392 1.0
v -0.006641586 1.606404 -0.009867363 1.0
v -0.0162173 1.605082 -0.007647179 1.0
v -0.02573339 1.603434 -0.005415157 1.0
v -0.03513806 1.601011 -0.003286881 1.0
v -0.04436993 1.597529 -0.001352126 1.0
v -0.05312643 1.593114 0.0002893619 1.0
v -0.06056848 1.588075 0.001833774 1.0
v -0.06675947 1.582063 0.003709218 1.0
v -0.07222521 1.574636 0.005979086 1.0
v -0.07709727 1.566396 0.008338185 1.0
v -0.08100241 1.557865 0.01061658 1.0
v -0.08420945 1.548984 0.0129263 1.0
v -0.08655789 1.540163 0.01523921 1.0
v -0.08824178 1.531029 0.01761549 1.0
v -0.08965292 1.521529 0.01998625 1.0
v -0.09067293 1.512045 0.02222183 1.0
v -0.09140417 1.502457 0.02434873 1.0
v -0.09190074 1.492725 0.02632084 1.0
v -0.09212036 1.48305 0.02803851 1.0
v -0.0921417 1.473535 0.02952394 1.0
v -0.09207743 1.464275 0.03089152 1.0
v -0.09187597 1.454487 0.03231325 1.0
v -0.09161215 1.4442 0.03353537 1.0
v -0.09133529 1.433054 0.03427874 1.0
v -0.09104032 1.422206 0.03421889 1.0
v -0.09080769 1.412858 0.03395061 1.0
v -0.09061724 1.403536 0.03405509 1.0
v -0.09034535 1.394074 0.03443412 1.0
v -0.08969396 1.384605 0.03509338 1.0
v -0.08882885 1.375 0.03592195 1.0
v -0.08761272 1.365663 0.03675753 1.0
v -0.08561563 1.356634 0.03776506 1.0
v -0.08225896 1.347592 0.03918493 1.0
v -0.07823523 1.338975 0.04087342 1.0
v -0.07381187 1.330504 0.04296331 1.0
v -0.06879681 1.322457 0.04556685 1.0
v -0.06347373 1.314521 0.04853135 1.0
v 0.0128098 1.605354 -0.01364065 1.0
v 0.00309161 1.606928 -0.01191392 1.0
v -0.006641586 1.606404 -0.009867363 1.0
v -0.0162173 1.605082 -0.007647179 1.0
v -0.02573339 1.603434 -0.005415157 1.0
v -0.03513806 1.601011 -0.003286881 1.0
v -0.04436993 1.597529 -0.001352126 1.0
v -0.05312643 1.593114 0.0002893619 1.0
v -0.06056848 1.588075 0.001833774 1.0
v -0.06675947 1.582063 0.003709218 1.0
v -0.07222521 1.574636 0.005979086 1.0
v -0.07709727 1.566396 0.008338185 1.0
v -0.08100241 1.557865 0.01061658 1.0
v -0.08420945 1.548984 0.0129263 1.0
v -0.08655789 1.540163 0.01523921 1.0
v -0.08824178 1.531029 0.01761549 1.0
v -0.08965292 1.521529 0.01998625 1.0
v -0.09067293 1.512045 0.02222183 1.0
v -0.09140417 1.502457 0.02434873 1.0
v -0.09190074 1.492725 0.02632084 1.0
v -0.09212036 1.48305 0.02803851 1.0
v -0.0921417 1.473535 0.02952394 1.0
v -0.09207743 1.464275 0.03089152 1.0
v -0.09187597 1.454487 0.03231325 1.0
v -0.09161215 1.4442 0.03353537 1.0
v -0.09133529 1.433054 0.03427874 1.0
v -0.09104032 1.422206 0.03421889 1.0
v -0.09080769 1.412858 0.03395061 1.0
v -0.09061724 1.403536 0.03405509 1.0
v -0.09034535 1.394074 0.03443412 1.0
v -0.08969396 1.384605 0.03509338 1.0
v -0.08882885 1.375 0.03592195 1.0
v -0.08761272 1.365663 0.03675753 1.0
v -0.08561563 1.356634 0.03776506 1.0
v -0.08225896 1.347592 0.03918493 1.0
v -0.07823523 1.338975 0.04087342 1.0
v -0.07381187 1.330504 0.04296331 1.0
v -0.06879681 1.322457 0.04556685 1.0
v -0.06347373 1.314521 0.04853135 1.0
v 0.01199156 1.601788 -0.0216679 1.0
v 0.002390239 1.60271 -0.02144943 1.0
v -0.006476083 1.601553 -0.02110856 1.0
v -0.01619047 1.59958 -0.02061732 1.0
v -0.0254727 1.597414 -0.02007405 1.0
v -0.0344081 1.594648 -0.01948674 1.0
v -0.04270575 1.591097 -0.01888912 1.0
v -0.05048095 1.586588 -0.01826504 1.0
v -0.05745193 1.581253 -0.01748416 1.0
v -0.06329031 1.575109 -0.01634305 1.0
v -0.06829304 1.567829 -0.01481401 1.0
v -0.072588 1.559955 -0.01316719 1.0
v -0.0760878 1.551673 -0.01152266 1.0
v -0.07902578 1.542716 -0.009714406 1.0
v -0.08126796 1.533917 -0.007897777 1.0
v -0.08287761 1.52493 -0.005980009 1.0
v -0.08421934 1.515576 -0.003977342 1.0
v -0.08530937 1.506281 -0.002049756 1.0
v -0.08614948 1.496882 -0.0001132544 1.0
v -0.08683366 1.48741 0.001794154 1.0
v -0.0873661 1.477952 0.003633682 1.0
v -0.08773052 1.468472 0.005508738 1.0
v -0.08789469 1.45904 0.007557493 1.0
v -0.08788029 1.449481 0.009781111 1.0
v -0.08784447 1.439887 0.01187919 1.0
v -0.08792359 1.430151 0.01352825 1.0
v -0.08809477 1.420384 0.01458778 1.0
v -0.08821108 1.410606 0.01571921 1.0
v -0.08828408 1.400791 0.01731849 1.0
v -0.08824817 1.391218 0.01915956 1.0
v -0.08776139 1.381812 0.021221 1.0
v -0.0869129 1.372358 0.02350961 1.0
v -0.08572303 1.363122 0.02597801 1.0
v -0.08382315 1.354217 0.02875792 1.0
v -0.08083127 1.345519 0.031969 1.0
v -0.07711194 1.33726 0.03554224 1.0
v -0.07297844 1.329266 0.03951459 1.0
v -0.06832265 1.321809 0.0439143 1.0
v -0.063435 1.314472 0.04840145 1.0
v 0.01226813 1.604036 -0.03019392 1.0
v 0.002482117 1.605459 -0.03153156 1.0
v -0.007437609 1.60485 -0.03286142 1.0
v -0.01740029 1.603465 -0.03410571 1.0
v -0.02732127 1.60184 -0.03517988 1.0
v -0.03703217 1.599515 -0.03600576 1.0
v -0.04625515 1.596158 -0.03659426 1.0
v -0.05491571 1.591387 -0.03700426 1.0
v -0.06345706 1.584981 -0.03696435 1.0
v -0.07111585 1.577207 -0.03626384 1.0
v -0.07707773 1.568894 -0.0352064 1.0
v -0.08190525 1.560295 -0.03408068 1.0
v -0.0859447 1.551093 -0.03285684 1.0
v -0.08914953 1.541659 -0.03151231 1.0
v -0.09192657 1.531821 -0.02990471 1.0
v -0.09394547 1.522002 -0.02815316 1.0
v -0.09549838 1.512421 -0.02638358 1.0
v -0.09687952 1.502738 -0.02451495 1.0
v -0.09793632 1.493087 -0.02255756 1.0
v -0.0987936 1.483531 -0.02050803 1.0
v -0.09948286 1.473873 -0.01829218 1.0
v -0.09987361 1.464045 -0.0158165 1.0
v -0.09981048 1.454008 -0.01298699 1.0
v -0.0994096 1.444553 -0.01000562 1.0
v -0.09891451 1.435542 -0.007103741 1.0
v -0.09855855 1.427219 -0.004608595 1.0
v -0.09830681 1.418441 -0.00242152 1.0
v -0.09783524 1.408177 4.533213E-05 1.0
v -0.09722016 1.398003 0.002984501 1.0
v -0.09644966 1.38807 0.00617147 1.0
v -0.09516482 1.378301 0.009522887 1.0
v -0.09337433 1.368818 0.01300124 1.0
v -0.09109411 1.359302 0.01687931 1.0
v -0.08798175 1.350058 0.02130177 1.0
v -0.08409125 1.341831 0.02612292 1.0
v -0.07938451 1.334136 0.0313349 1.0
v -0.07434018 1.327024 0.03682305 1.0
v -0.06888565 1.320607 0.04264407 1.0
v -0.06347799 1.31438 0.04829983 1.0
v 0.01226813 1.604036 -0.03019392 1.0
v 0.002482117 1.605459 -0.03153156 1.0
v -0.007437609 1.60485 -0.03286142 1.0
v -0.01740029 1.603465 -0.03410571 1.0
v -0.02732127 1.60184 -0.03517988 1.0
v -0.03703217 1.599515 -0.03600576 1.0
v -0.04625515 1.596158 -0.03659426 1.0
v -0.05491571 1.591387 -0.03700426 1.0
v -0.06345706 1.584981 -0.03696435 1.0
v -0.07111585 1.577207 -0.03626384 1.0
v -0.07707773 1.568894 -0.0352064 1.0
v -0.08190525 1.560295 -0.03408068 1.0
v -0.0859447 1.551093 -0.03285684 1.0
v -0.08914953 1.541659 -0.03151231 1.0
v -0.09192657 1.531821 -0.02990471 1.0
v -0.09394547 1.522002 -0.02815316 1.0
v -0.09549838 1.512421 -0.02638358 1.0
v -0.09687952 1.502738 -0.02451495 1.0
v -0.09793632 1.493087 -0.02255756 1.0
v -0.0987936 1.483531 -0.02050803 1.0
v -0.09948286 1.473873 -0.01829218 1.0
v -0.09987361 1.464045 -0.0158165 1.0
v -0.09981048 1.454008 -0.01298699 1.0
v -0.0994096 1.444553 -0.01000562 1.0
v -0.09891451 1.435542 -0.007103741 1.0
v -0.09855855 1.427219 -0.004608595 1.0
v -0.09830681 1.418441 -0.00242152 1.0
v -0.09783524 1.408177 4.533213E-05 1.0
v -0.09722016 1.398003 0.002984501 1.0
v -0.09644966 1.38807 0.00617147 1.0
v -0.09516482 1.378301 0.009522887 1.0
v -0.09337433 1.368818 0.01300124 1.0
v -0.09109411 1.359302 0.01687931 1.0
v -0.08798175 1.350058 0.02130177 1.0
v -0.08409125 1.341831 0.02612292 1.0
v -0.07938451 1.334136 0.0313349 1.0
v -0.07434018 1.327024 0.03682305 1.0
v -0.06888565 1.320607 0.04264407 1.0
v -0.06347799 1.31438 0.04829983 1.0
v 0.01308637 1.607602 -0.02216668 1.0
v 0.003183488 1.609677 -0.02199605 1.0
v -0.007603113 1.609701 -0.02162023 1.0
v -0.01742711 1.608967 -0.02113557 1.0
v -0.02758196 1.607861 -0.02052099 1.0
v -0.03776213 1.605878 -0.0198059 1.0
v -0.04791933 1.60259 -0.01905727 1.0
v -0.05756119 1.597913 -0.01844987 1.0
v -0.06657361 1.591803 -0.01764641 1.0
v -0.07458501 1.58416 -0.01621157 1.0
v -0.0810099 1.575701 -0.0144133 1.0
v -0.08641453 1.566736 -0.0125753 1.0
v -0.09085932 1.557285 -0.01071759 1.0
v -0.09433319 1.547927 -0.008871604 1.0
v -0.09721649 1.538066 -0.006767723 1.0
v -0.09930963 1.528101 -0.004557656 1.0
v -0.100932 1.518374 -0.002419988 1.0
v -0.1022431 1.508502 -0.0002433565 1.0
v -0.103191 1.498662 0.001904416 1.0
v -0.1038607 1.488846 0.004018646 1.0
v -0.1042371 1.478972 0.006112653 1.0
v -0.1042848 1.469108 0.008198708 1.0
v -0.1039932 1.459244 0.01034705 1.0
v -0.1034053 1.449559 0.01252652 1.0
v -0.1026822 1.439854 0.01455244 1.0
v -0.1019702 1.430121 0.0161419 1.0
v -0.1012524 1.420263 0.01720958 1.0
v -0.1004319 1.410429 0.01827673 1.0
v -0.09955332 1.400748 0.0197211 1.0
v -0.09854684 1.390926 0.02144604 1.0
v -0.09709739 1.381095 0.02339527 1.0
v -0.09529029 1.371459 0.02541358 1.0
v -0.09298381 1.361843 0.02765883 1.0
v -0.08977423 1.352475 0.03030891 1.0
v -0.08551893 1.343904 0.03333885 1.0
v -0.0805078 1.335851 0.03666607 1.0
v -0.07517362 1.328263 0.04027177 1.0
v -0.0693598 1.321254 0.04429663 1.0
v -0.06351673 1.314428 0.04842973 1.0
v 0.0128098 1.605354 -0.01364065 1.0
v 0.01199156 1.601788 -0.0216679 1.0
v 0.01226813 1.604036 -0.03019392 1.0
v 0.01308637 1.607602 -0.02216668 1.0
v -0.06347373 1.314521 0.04853135 1.0
v -0.063435 1.314472 0.04840145 1.0
v -0.06347799 1.31438 0.04829983 1.0
v -0.06351673 1.314428 0.04842973 1.0
v 0.006439954 1.606156 -0.0187232 1.0
v 0.01554359 1.605716 -0.01436278 1.0
v 0.02428721 1.603977 -0.01028777 1.0
v 0.03191097 1.601842 -0.00809371 1.0
v 0.04007564 1.599568 -0.006528201 1.0
v 0.04862321 1.596551 -0.005210125 1.0
v 0.05647541 1.592269 -0.004298618 1.0
v 0.06349132 1.586549 -0.004044217 1.0
v 0.07092835 1.578733 -0.003695188 1.0
v 0.07699748 1.570401 -0.003192682 1.0
v 0.08218916 1.561008 -0.002601045 1.0
v 0.08670323 1.550994 -0.001610192 1.0
v 0.0900372 1.541304 -0.0004257257 1.0
v 0.09279203 1.531061 0.001094001 1.0
v 0.09489259 1.520509 0.002953744 1.0
v 0.09615539 1.510087 0.005070196 1.0
v 0.09676543 1.500448 0.007059874 1.0
v 0.09715595 1.490626 0.009168059 1.0
v 0.0971313 1.480953 0.01133741 1.0
v 0.09677541 1.471413 0.01357917 1.0
v 0.09621119 1.461841 0.0160226 1.0
v 0.09532461 1.452463 0.01855217 1.0
v 0.09429485 1.443131 0.02117833 1.0
v 0.09316777 1.433948 0.02381017 1.0
v 0.09189732 1.424631 0.02649778 1.0
v 0.09061627 1.415223 0.02932327 1.0
v 0.08947144 1.405999 0.03217741 1.0
v 0.08818798 1.39623 0.03520783 1.0
v 0.08687737 1.386573 0.03854249 1.0
v 0.08559255 1.376921 0.04214084 1.0
v 0.08343538 1.366989 0.04620619 1.0
v 0.07969369 1.357609 0.05059423 1.0
v 0.07530116 1.349512 0.05519786 1.0
v 0.07064196 1.34207 0.05963692 1.0
v 0.06538771 1.334579 0.06362347 1.0
v 0.0596467 1.327257 0.06726395 1.0
v 0.05403706 1.319812 0.07075395 1.0
v 0.006439954 1.606156 -0.0187232 1.0
v 0.01554359 1.605716 -0.01436278 1.0
v 0.02428721 1.603977 -0.01028777 1.0
v 0.03191097 1.601842 -0.00809371 1.0
v 0.04007564 1.599568 -0.006528201 1.0
v 0.04862321 1.596551 -0.005210125 1.0
v 0.05647541 1.592269 -0.004298618 1.0
v 0.06349132 1.586549 -0.004044217 1.0
v 0.07092835 1.578733 -0.003695188 1.0
v 0.07699748 1.570401 -0.003192682 1.0
v 0.08218916 1.561008 -0.002601045 1.0
v 0.08670323 1.550994 -0.001610192 1.0
v 0.0900372 1.541304 -0.0004257257 1.0
v 0.09279203 1.531061 0.001094001 1.0
v 0.09489259 1.520509 0.002953744 1.0
v 0.09615539 1.510087 0.005070196 1.0
v 0.09676543 1.500448 0.007059874 1.0
v 0.09715595 1.490626 0.009168059 1.0
v 0.0971313 1.480953 0.01133741 1.0
v 0.09677541 1.471413 0.01357917 1.0
v 0.09621119 1.461841 0.0160226 1.0
v 0.09532461 1.452463 0.01855217 1.0
v 0.09429485 1.443131 0.02117833 1.0
v 0.09316777 1.433948 0.02381017 1.0
v 0.09189732 1.424631 0.02649778 1.0
v 0.09061627 1.415223 0.02932327 1.0
v 0.08947144 1.405999 0.03217741 1.0
v 0.08818798 1.39623 0.03520783 1.0
v 0.08687737 1.386573 0.03854249 1.0
v 0.08559255 1.376921 0.04214084 1.0
v 0.08343538 1.366989 0.04620619 1.0
v 0.07969369 1.357609 0.05059423 1.0
v 0.07530116 1.349512 0.05519786 1.0
v 0.07064196 1.34207 0.05963692 1.0
v 0.06538771 1.334579 0.06362347 1.0
v 0.0596467 1.327257 0.06726395 1.0
v 0.05403706 1.319812 0.07075395 1.0
v 0.001670133 1.603413 -0.01182755 1.0
v 0.009548522 1.602448 -0.00632503 1.0
v 0.01673296 1.600166 -0.001155887 1.0
v 0.02476006 1.596951 0.003398662 1.0
v 0.03304879 1.593695 0.006856089 1.0
v 0.04100443 1.589967 0.009486249 1.0
v 0.04814079 1.585393 0.01150447 1.0
v 0.05474515 1.579776 0.01286582 1.0
v 0.06056156 1.573345 0.01384847 1.0
v 0.06517577 1.566217 0.01473109 1.0
v 0.06905001 1.557928 0.01553768 1.0
v 0.07237384 1.549242 0.01665052 1.0
v 0.07505775 1.540209 0.01814123 1.0
v 0.07710363 1.53121 0.01979954 1.0
v 0.0786337 1.522144 0.02170041 1.0
v 0.07957108 1.513079 0.02385357 1.0
v 0.08013242 1.503869 0.02607547 1.0
v 0.08043234 1.49464 0.02817132 1.0
v 0.08043487 1.48537 0.03023702 1.0
v 0.08022261 1.476068 0.03222021 1.0
v 0.0797999 1.46672 0.03406557 1.0
v 0.07921742 1.457214 0.03590445 1.0
v 0.07863001 1.447591 0.03771467 1.0
v 0.07808637 1.438033 0.03942251 1.0
v 0.07752059 1.428407 0.04106008 1.0
v 0.07705355 1.418636 0.04277581 1.0
v 0.07680692 1.408869 0.04452666 1.0
v 0.0765627 1.399269 0.0463661 1.0
v 0.07611799 1.389684 0.04836277 1.0
v 0.07559235 1.380174 0.05046949 1.0
v 0.07459954 1.370953 0.05291991 1.0
v 0.07264708 1.362024 0.05613435 1.0
v 0.07003403 1.353487 0.05983126 1.0
v 0.06689858 1.345065 0.06330537 1.0
v 0.06306493 1.336632 0.06611083 1.0
v 0.05855582 1.328257 0.0685216 1.0
v 0.05395873 1.319884 0.07085058 1.0
v -0.002922792 1.606605 -0.005005375 1.0
v 0.004054117 1.60626 0.001830382 1.0
v 0.01095706 1.604479 0.008993777 1.0
v 0.01976119 1.601424 0.01613188 1.0
v 0.02893831 1.598212 0.0218796 1.0
v 0.03775722 1.594316 0.02645444 1.0
v 0.04643049 1.589186 0.03019054 1.0
v 0.05470147 1.583003 0.03281357 1.0
v 0.06079027 1.576815 0.03463764 1.0
v 0.06571351 1.569099 0.0364088 1.0
v 0.06915481 1.561014 0.0379341 1.0
v 0.07192906 1.553016 0.03961601 1.0
v 0.07447005 1.544276 0.04166633 1.0
v 0.07633466 1.535803 0.04376531 1.0
v 0.07773262 1.527491 0.04597089 1.0
v 0.07870799 1.51896 0.04837847 1.0
v 0.079478 1.509564 0.05091683 1.0
v 0.07980366 1.500275 0.0531665 1.0
v 0.07981754 1.490799 0.05524932 1.0
v 0.0795688 1.481155 0.05705681 1.0
v 0.07888117 1.471532 0.05845203 1.0
v 0.07807135 1.461716 0.05960111 1.0
v 0.07728363 1.451835 0.06049415 1.0
v 0.07655576 1.441766 0.06113884 1.0
v 0.07584142 1.431809 0.06152029 1.0
v 0.07529493 1.421938 0.06181712 1.0
v 0.07501026 1.41185 0.06210533 1.0
v 0.07484729 1.402339 0.06238229 1.0
v 0.07425692 1.392837 0.06280167 1.0
v 0.07341766 1.383424 0.06330121 1.0
v 0.07242832 1.374579 0.06391978 1.0
v 0.07126408 1.365864 0.06525514 1.0
v 0.06935035 1.356597 0.06723835 1.0
v 0.06651399 1.347013 0.06900614 1.0
v 0.06286335 1.337736 0.06992355 1.0
v 0.05850118 1.328755 0.07039797 1.0
v 0.05395897 1.31992 0.0709902 1.0
v -0.002922792 1.606605 -0.005005375 1.0
v 0.004054117 1.60626 0.001830382 1.0
v 0.01095706 1.604479 0.008993777 1.0
v 0.01976119 1.601424 0.01613188 1.0
v 0.02893831 1.598212 0.0218796 1.0
v 0.03775722 1.594316 0.02645444 1.0
v 0.04643049 1.589186 0.03019054 1.0
v 0.05470147 1.583003 0.03281357 1.0
v 0.06079027 1.576815 0.03463764 1.0
v 0.06571351 1.569099 0.0364088 1.0
v 0.06915481 1.561014 0.0379341 1.0
v 0.07192906 1.553016 0.03961601 1.0
v 0.07447005 1.544276 0.04166633 1.0
v 0.07633466 1.535803 0.04376531 1.0
v 0.07773262 1.527491 0.04597089 1.0
v 0.07870799 1.51896 0.04837847 1.0
v 0.079478 1.509564 0.05091683 1.0
v 0.07980366 1.500275 0.0531665 1.0
v 0.07981754 1.490799 0.05524932 1.0
v 0.0795688 1.481155 0.05705681 1.0
v 0.07888117 1.471532 0.05845203 1.0
v 0.07807135 1.461716 0.05960111 1.0
v 0.07728363 1.451835 0.06049415 1.0
v 0.07655576 1.441766 0.06113884 1.0
v 0.07584142 1.431809 0.06152029 1.0
v 0.07529493 1.421938 0.06181712 1.0
v 0.07501026 1.41185 0.06210533 1.0
v 0.07484729 1.402339 0.06238229 1.0
v 0.07425692 1.392837 0.06280167 1.0
v 0.07341766 1.383424 0.06330121 1.0
v 0.07242832 1.374579 0.06391978 1.0
v 0.07126408 1.365864 0.06525514 1.0
v 0.06935035 1.356597 0.06723835 1.0
v 0.06651399 1.347013 0.06900614 1.0
v 0.06286335 1.337736 0.06992355 1.0
v 0.05850118 1.328755 0.07039797 1.0
v 0.05395897 1.31992 0.0709902 1.0
v 0.001847029 1.609347 -0.01190102 1.0
v 0.01004919 1.609528 -0.006207365 1.0
v 0.01851132 1.60829 -0.0001381021 1.0
v 0.02691209 1.606314 0.004639504 1.0
v 0.03596516 1.604085 0.008495308 1.0
v 0.04537601 1.600899 0.01175807 1.0
v 0.05476509 1.596062 0.01438745 1.0
v 0.06344764 1.589776 0.01590354 1.0
v 0.07115707 1.582203 0.01709398 1.0
v 0.07753522 1.573282 0.01848503 1.0
v 0.08229395 1.564094 0.01979538 1.0
v 0.08625845 1.554768 0.0213553 1.0
v 0.0894495 1.545371 0.02309937 1.0
v 0.09202307 1.535654 0.02505977 1.0
v 0.09399151 1.525856 0.02722423 1.0
v 0.09529231 1.515969 0.02959509 1.0
v 0.09611101 1.506143 0.03190123 1.0
v 0.09652727 1.496261 0.03416323 1.0
v 0.09651397 1.486382 0.0363497 1.0
v 0.09612161 1.4765 0.03841576 1.0
v 0.09529247 1.466652 0.04040905 1.0
v 0.09417854 1.456965 0.04224883 1.0
v 0.09294847 1.447375 0.04395781 1.0
v 0.09163716 1.437681 0.04552651 1.0
v 0.09021815 1.428033 0.046958 1.0
v 0.08885764 1.418525 0.04836458 1.0
v 0.08767477 1.408981 0.04975608 1.0
v 0.08647258 1.3993 0.05122402 1.0
v 0.0850163 1.389725 0.0529814 1.0
v 0.08341787 1.380172 0.05497257 1.0
v 0.08126415 1.370615 0.05720606 1.0
v 0.07831069 1.361449 0.05971502 1.0
v 0.07461749 1.352623 0.06260494 1.0
v 0.07025737 1.344018 0.06533769 1.0
v 0.06518614 1.335683 0.06743619 1.0
v 0.05959206 1.327755 0.06914032 1.0
v 0.0540373 1.319847 0.07089357 1.0
v 0.006439954 1.606156 -0.0187232 1.0
v 0.001670133 1.603413 -0.01182755 1.0
v -0.002922792 1.606605 -0.005005375 1.0
v 0.001847029 1.609347 -0.01190102 1.0
v 0.05403706 1.319812 0.07075395 1.0
v 0.05395873 1.319884 0.07085058 1.0
v 0.05395897 1.31992 0.0709902 1.0
v 0.0540373 1.319847 0.07089357 1.0
v 0.00229067 1.606601 -0.005330752 1.0
v -0.004724185 1.606263 0.001489323 1.0
v -0.01158584 1.604483 0.008599102 1.0
v -0.02035718 1.601421 0.01572167 1.0
v -0.02951383 1.598224 0.02148899 1.0
v -0.03829258 1.59435 0.02609554 1.0
v -0.04679826 1.589302 0.02987636 1.0
v -0.05502643 1.583143 0.03265485 1.0
v -0.06133103 1.576755 0.03461751 1.0
v -0.06647706 1.56877 0.03635672 1.0
v -0.06990777 1.560702 0.03771812 1.0
v -0.07256062 1.552901 0.03926568 1.0
v -0.07509325 1.54422 0.0412899 1.0
v -0.07692251 1.535842 0.04339945 1.0
v -0.07827933 1.527649 0.04564234 1.0
v -0.07921227 1.519242 0.04813023 1.0
v -0.07998859 1.509769 0.05079494 1.0
v -0.08031986 1.500354 0.05311849 1.0
v -0.08033431 1.490867 0.05521824 1.0
v -0.08008487 1.481273 0.05703496 1.0
v -0.07940453 1.471681 0.05846609 1.0
v -0.07859841 1.461842 0.05966429 1.0
v -0.07781807 1.451929 0.06059122 1.0
v -0.07709334 1.441745 0.06123448 1.0
v -0.07639153 1.431746 0.06157048 1.0
v -0.07585716 1.421939 0.06181942 1.0
v -0.07556 1.411888 0.06208699 1.0
v -0.07537319 1.40237 0.06236099 1.0
v -0.07481302 1.392871 0.06279945 1.0
v -0.07403778 1.383443 0.0633435 1.0
v -0.07308073 1.374587 0.06400002 1.0
v -0.0718564 1.365904 0.06530234 1.0
v -0.06985474 1.356667 0.06724964 1.0
v -0.06696694 1.347091 0.06901211 1.0
v -0.06333134 1.337802 0.06993677 1.0
v -0.05900611 1.328801 0.07040652 1.0
v -0.05450059 1.319945 0.0709909 1.0
v 0.00229067 1.606601 -0.005330752 1.0
v -0.004724185 1.606263 0.001489323 1.0
v -0.01158584 1.604483 0.008599102 1.0
v -0.02035718 1.601421 0.01572167 1.0
v -0.02951383 1.598224 0.02148899 1.0
v -0.03829258 1.59435 0.02609554 1.0
v -0.04679826 1.589302 0.02987636 1.0
v -0.05502643 1.583143 0.03265485 1.0
v -0.06133103 1.576755 0.03461751 1.0
v -0.06647706 1.56877 0.03635672 1.0
v -0.06990777 1.560702 0.03771812 1.0
v -0.07256062 1.552901 0.03926568 1.0
v -0.07509325 1.54422 0.0412899 1.0
v -0.07692251 1.535842 0.04339945 1.0
v -0.07827933 1.527649 0.04564234 1.0
v -0.07921227 1.519242 0.04813023 1.0
v -0.07998859 1.509769 0.05079494 1.0
v -0.08031986 1.500354 0.05311849 1.0
v -0.08033431 1.490867 0.05521824 1.0
v -0.08008487 1.481273 0.05703496 1.0
v -0.07940453 1.471681 0.05846609 1.0
v -0.07859841 1.461842 0.05966429 1.0
v -0.07781807 1.451929 0.06059122 1.0
v -0.07709334 1.441745 0.06123448 1.0
v -0.07639153 1.431746 0.06157048 1.0
v -0.07585716 1.421939 0.06181942 1.0
v -0.07556 1.411888 0.06208699 1.0
v -0.07537319 1.40237 0.06236099 1.0
v -0.07481302 1.392871 0.06279945 1.0
v -0.07403778 1.383443 0.0633435 1.0
v -0.07308073 1.374587 0.06400002 1.0
v -0.0718564 1.365904 0.06530234 1.0
v -0.06985474 1.356667 0.06724964 1.0
v -0.06696694 1.347091 0.06901211 1.0
v -0.06333134 1.337802 0.06993677 1.0
v -0.05900611 1.328801 0.07040652 1.0
v -0.05450059 1.319945 0.0709909 1.0
v -0.002283391 1.603413 -0.0121674 1.0
v -0.01020026 1.602467 -0.006685439 1.0
v -0.01741146 1.600183 -0.001528014 1.0
v -0.02541492 1.596974 0.003002593 1.0
v -0.03370324 1.593715 0.006484997 1.0
v -0.04165577 1.589978 0.009156151 1.0
v -0.0487721 1.585394 0.01124001 1.0
v -0.0553337 1.57976 0.01273542 1.0
v -0.06112024 1.573305 0.01382478 1.0
v -0.06573794 1.566176 0.01464856 1.0
v -0.06965455 1.557907 0.0152847 1.0
v -0.07301319 1.54921 0.01628686 1.0
v -0.07571011 1.540178 0.01776131 1.0
v -0.07774379 1.53118 0.01944864 1.0
v -0.07925498 1.522114 0.02141695 1.0
v -0.0801582 1.51307 0.02367971 1.0
v -0.08069168 1.503884 0.02599931 1.0
v -0.080979 1.49466 0.02813739 1.0
v -0.08097784 1.485396 0.03021553 1.0
v -0.08075871 1.476103 0.0322162 1.0
v -0.08032032 1.466769 0.03409944 1.0
v -0.07972007 1.457275 0.03597889 1.0
v -0.07912069 1.447658 0.03781425 1.0
v -0.07858759 1.438089 0.03950257 1.0
v -0.07804435 1.428456 0.04108974 1.0
v -0.07759332 1.418679 0.04276872 1.0
v -0.07735243 1.408905 0.04450815 1.0
v -0.07710895 1.3993 0.04634689 1.0
v -0.07665753 1.389721 0.04835763 1.0
v -0.07611652 1.380212 0.05049092 1.0
v -0.0751096 1.370999 0.05296066 1.0
v -0.07316532 1.362072 0.05616746 1.0
v -0.07055675 1.353528 0.05985635 1.0
v -0.06742164 1.345104 0.06333003 1.0
v -0.06359573 1.336671 0.06613579 1.0
v -0.05909678 1.328288 0.06853573 1.0
v -0.05450344 1.319908 0.07085165 1.0
v -0.007024176 1.60616 -0.01908141 1.0
v -0.01613476 1.605753 -0.01476061 1.0
v -0.0249514 1.604025 -0.01065901 1.0
v -0.03261253 1.60189 -0.008449742 1.0
v -0.04078459 1.5996 -0.006865188 1.0
v -0.04934841 1.596553 -0.00550553 1.0
v -0.05732218 1.592178 -0.004487624 1.0
v -0.0643035 1.5864 -0.004110167 1.0
v -0.07146615 1.578756 -0.003711866 1.0
v -0.07734343 1.57069 -0.003336301 1.0
v -0.08264419 1.561291 -0.002907353 1.0
v -0.08733314 1.551074 -0.001970191 1.0
v -0.09070285 1.541325 -0.0007917699 1.0
v -0.09347004 1.53099 0.0007752785 1.0
v -0.09557089 1.520338 0.002732832 1.0
v -0.09680768 1.509838 0.004994117 1.0
v -0.09736216 1.500314 0.007044165 1.0
v -0.09772523 1.490632 0.009157063 1.0
v -0.09769453 1.480973 0.01133521 1.0
v -0.0973268 1.471389 0.01360341 1.0
v -0.09672796 1.461798 0.01607819 1.0
v -0.09580746 1.452456 0.01862691 1.0
v -0.09475229 1.443162 0.02125599 1.0
v -0.09364511 1.434083 0.02384696 1.0
v -0.09240498 1.424786 0.02648442 1.0
v -0.09114022 1.415297 0.02929248 1.0
v -0.09001381 1.406032 0.0321565 1.0
v -0.08874913 1.396269 0.0352018 1.0
v -0.08740532 1.386609 0.0385249 1.0
v -0.08605397 1.37697 0.04208324 1.0
v -0.08385618 1.367051 0.04612193 1.0
v -0.08016261 1.357649 0.05057126 1.0
v -0.07583834 1.349543 0.05524865 1.0
v -0.07122035 1.342105 0.05972207 1.0
v -0.06596754 1.334614 0.06369815 1.0
v -0.06021561 1.327284 0.06730606 1.0
v -0.05458415 1.319835 0.07075736 1.0
v -0.007024176 1.60616 -0.01908141 1.0
v -0.01613476 1.605753 -0.01476061 1.0
v -0.0249514 1.604025 -0.01065901 1.0
v -0.03261253 1.60189 -0.008449742 1.0
v -0.04078459 1.5996 -0.006865188 1.0
v -0.04934841 1.596553 -0.00550553 1.0
v -0.05732218 1.592178 -0.004487624 1.0
v -0.0643035 1.5864 -0.004110167 1.0
v -0.07146615 1.578756 -0.003711866 1.0
v -0.07734343 1.57069 -0.003336301 1.0
v -0.08264419 1.561291 -0.002907353 1.0
v -0.08733314 1.551074 -0.001970191 1.0
v -0.09070285 1.541325 -0.0007917699 1.0
v -0.09347004 1.53099 0.0007752785 1.0
v -0.09557089 1.520338 0.002732832 1.0
v -0.09680768 1.509838 0.004994117 1.0
v -0.09736216 1.500314 0.007044165 1.0
v -0.09772523 1.490632 0.009157063 1.0
v -0.09769453 1.480973 0.01133521 1.0
v -0.0973268 1.471389 0.01360341 1.0
v -0.09672796 1.461798 0.01607819 1.0
v -0.09580746 1.452456 0.01862691 1.0
v -0.09475229 1.443162 0.02125599 1.0
v -0.09364511 1.434083 0.02384696 1.0
v -0.09240498 1.424786 0.02648442 1.0
v -0.09114022 1.415297 0.02929248 1.0
v -0.09001381 1.406032 0.0321565 1.0
v -0.08874913 1.396269 0.0352018 1.0
v -0.08740532 1.386609 0.0385249 1.0
v -0.08605397 1.37697 0.04208324 1.0
v -0.08385618 1.367051 0.04612193 1.0
v -0.08016261 1.357649 0.05057126 1.0
v -0.07583834 1.349543 0.05524865 1.0
v -0.07122035 1.342105 0.05972207 1.0
v -0.06596754 1.334614 0.06369815 1.0
v -0.06021561 1.327284 0.06730606 1.0
v -0.05458415 1.319835 0.07075736 1.0
v -0.002450115 1.609347 -0.01224476 1.0
v -0.01065868 1.60955 -0.006585849 1.0
v -0.01912577 1.608324 -0.0005318974 1.0
v -0.0275548 1.606336 0.004269336 1.0
v -0.03659518 1.604109 0.008138804 1.0
v -0.04598522 1.600925 0.01143386 1.0
v -0.05534835 1.596085 0.01414872 1.0
v -0.06399624 1.589784 0.01580927 1.0
v -0.07167694 1.582205 0.01708087 1.0
v -0.07808255 1.573283 0.01837185 1.0
v -0.0828974 1.564086 0.01952607 1.0
v -0.08688056 1.554765 0.02100863 1.0
v -0.09008599 1.545367 0.02273682 1.0
v -0.09264876 1.535652 0.02472609 1.0
v -0.09459524 1.525873 0.02695822 1.0
v -0.09586175 1.516009 0.02944463 1.0
v -0.09665907 1.506199 0.0318398 1.0
v -0.09706608 1.496326 0.03413816 1.0
v -0.097051 1.486444 0.03633793 1.0
v -0.09665295 1.476559 0.03842216 1.0
v -0.09581216 1.466709 0.04044483 1.0
v -0.0946858 1.457023 0.04231231 1.0
v -0.09344967 1.447433 0.04403296 1.0
v -0.09215086 1.437739 0.04557887 1.0
v -0.09075215 1.428076 0.04696517 1.0
v -0.08940406 1.418557 0.04834318 1.0
v -0.08822138 1.409015 0.04973534 1.0
v -0.08701336 1.39934 0.05121591 1.0
v -0.08556081 1.389758 0.05296672 1.0
v -0.08397523 1.380201 0.05493583 1.0
v -0.08182731 1.370639 0.05716129 1.0
v -0.0788537 1.361481 0.05970612 1.0
v -0.07513631 1.352682 0.06264194 1.0
v -0.07076564 1.344092 0.06540415 1.0
v -0.06570315 1.335745 0.06749912 1.0
v -0.06012494 1.327797 0.06917685 1.0
v -0.05458131 1.319872 0.07089661 1.0
v 0.00229067 1.606601 -0.005330752 1.0
v -0.002283391 1.603413 -0.0121674 1.0
v -0.007024176 1.60616 -0.01908141 1.0
v -0.002450115 1.609347 -0.01224476 1.0
v -0.05450059 1.319945 0.0709909 1.0
v -0.05450344 1.319908 0.07085165 1.0
v -0.05458415 1.319835 0.07075736 1.0
v -0.05458131 1.319872 0.07089661 1.0
v -0.003815543 1.606584 -0.02466619 1.0
v -0.007315216 1.606085 -0.03379115 1.0
v -0.01110445 1.603984 -0.04266801 1.0
v -0.01458996 1.600443 -0.05242419 1.0
v -0.01713904 1.596396 -0.06219105 1.0
v -0.01915228 1.591812 -0.07059482 1.0
v -0.02126488 1.587048 -0.07778611 1.0
v -0.0235688 1.58137 -0.08506609 1.0
v -0.02572912 1.574545 -0.09236036 1.0
v -0.02737864 1.566783 -0.09902086 1.0
v -0.02870814 1.559193 -0.1043354 1.0
v -0.03014207 1.552115 -0.1085687 1.0
v -0.03218135 1.544052 -0.1128503 1.0
v -0.0342834 1.535058 -0.1166839 1.0
v -0.0358889 1.52457 -0.1198002 1.0
v -0.03684304 1.514354 -0.1215193 1.0
v -0.03750273 1.504507 -0.1224745 1.0
v -0.03797054 1.494315 -0.1231068 1.0
v -0.03822485 1.484724 -0.1231517 1.0
v -0.03855504 1.475865 -0.1227591 1.0
v -0.03903781 1.466661 -0.1218782 1.0
v -0.03954729 1.456961 -0.1208559 1.0
v -0.039893 1.447149 -0.1198474 1.0
v -0.04004082 1.437475 -0.1187809 1.0
v -0.04004007 1.427669 -0.1178184 1.0
v -0.03981335 1.417456 -0.1170703 1.0
v -0.03939925 1.407896 -0.1164744 1.0
v -0.03912985 1.399235 -0.1159522 1.0
v -0.03930555 1.390616 -0.1154446 1.0
v -0.03988379 1.38059 -0.1150329 1.0
v -0.04022864 1.369515 -0.1148824 1.0
v -0.03985274 1.358951 -0.1148676 1.0
v -0.03914222 1.348671 -0.1151858 1.0
v -0.03821387 1.338423 -0.1159509 1.0
v -0.03691934 1.328261 -0.1171826 1.0
v -0.03591565 1.319313 -0.118469 1.0
v -0.03560881 1.310167 -0.1201447 1.0
v -0.03574615 1.301031 -0.1218333 1.0
v -0.03648906 1.292162 -0.1231017 1.0
v -0.03832359 1.282947 -0.1240212 1.0
v -0.04057497 1.273069 -0.1251391 1.0
v -0.04176156 1.263044 -0.1266998 1.0
v -0.04227822 1.253291 -0.1282707 1.0
v -0.003815543 1.606584 -0.02466619 1.0
v -0.007315216 1.606085 -0.03379115 1.0
v -0.01110445 1.603984 -0.04266801 1.0
v -0.01458996 1.600443 -0.05242419 1.0
v -0.01713904 1.596396 -0.06219105 1.0
v -0.01915228 1.591812 -0.07059482 1.0
v -0.02126488 1.587048 -0.07778611 1.0
v -0.0235688 1.58137 -0.08506609 1.0
v -0.02572912 1.574545 -0.09236036 1.0
v -0.02737864 1.566783 -0.09902086 1.0
v -0.02870814 1.559193 -0.1043354 1.0
v -0.03014207 1.552115 -0.1085687 1.0
v -0.03218135 1.544052 -0.1128503 1.0
v -0.0342834 1.535058 -0.1166839 1.0
v -0.0358889 1.52457 -0.1198002 1.0
v -0.03684304 1.514354 -0.1215193 1.0
v -0.03750273 1.504507 -0.1224745 1.0
v -0.03797054 1.494315 -0.1231068 1.0
v -0.03822485 1.484724 -0.1231517 1.0
v -0.03855504 1.475865 -0.1227591 1.0
v -0.03903781 1.466661 -0.1218782 1.0
v -0.03954729 1.456961 -0.1208559 1.0
v -0.039893 1.447149 -0.1198474 1.0
v -0.04004082 1.437475 -0.1187809 1.0
v -0.04004007 1.427669 -0.1178184 1.0
v -0.03981335 1.417456 -0.1170703 1.0
v -0.03939925 1.407896 -0.1164744 1.0
v -0.03912985 1.399235 -0.1159522 1.0
v -0.03930555 1.390616 -0.1154446 1.0
v -0.03988379 1.38059 -0.1150329 1.0
v -0.04022864 1.369515 -0.1148824 1.0
v -0.03985274 1.358951 -0.1148676 1.0
v -0.03914222 1.348671 -0.1151858 1.0
v -0.03821387 1.338423 -0.1159509 1.0
v -0.03691934 1.328261 -0.1171826 1.0
v -0.03591565 1.319313 -0.118469 1.0
v -0.03560881 1.310167 -0.1201447 1.0
v -0.03574615 1.301031 -0.1218333 1.0
v -0.03648906 1.292162 -0.1231017 1.0
v -0.03832359 1.282947 -0.1240212 1.0
v -0.04057497 1.273069 -0.1251391 1.0
v -0.04176156 1.263044 -0.1266998 1.0
v -0.04227822 1.253291 -0.1282707 1.0
v 0.004068134 1.602983 -0.02631112 1.0
v 0.001943724 1.602012 -0.03565861 1.0
v -0.0001369964 1.599629 -0.0441635 1.0
v -0.001781653 1.595996 -0.05283819 1.0
v -0.00265272 1.59192 -0.06117343 1.0
v -0.00318924 1.587128 -0.06913807 1.0
v -0.004080421 1.581742 -0.07662422 1.0
v -0.005314319 1.575809 -0.08353827 1.0
v -0.006502778 1.56934 -0.08987879 1.0
v -0.007306005 1.562349 -0.09560524 1.0
v -0.007924685 1.554786 -0.1007796 1.0
v -0.008827982 1.546782 -0.1054129 1.0
v -0.01035146 1.538347 -0.1095319 1.0
v -0.01181068 1.530029 -0.1127179 1.0
v -0.01270553 1.521685 -0.1148485 1.0
v -0.01316278 1.512835 -0.1160852 1.0
v -0.01342612 1.503424 -0.1168555 1.0
v -0.01356593 1.494092 -0.1172857 1.0
v -0.01355093 1.48466 -0.1172934 1.0
v -0.01367226 1.475125 -0.1170228 1.0
v -0.014004 1.465631 -0.1164545 1.0
v -0.01449161 1.455906 -0.1157009 1.0
v -0.01496184 1.446136 -0.1150128 1.0
v -0.0154206 1.436439 -0.1143476 1.0
v -0.0159111 1.426579 -0.1137901 1.0
v -0.01633169 1.416681 -0.1134588 1.0
v -0.01673964 1.406813 -0.1132921 1.0
v -0.01750722 1.396966 -0.1132037 1.0
v -0.01891098 1.387204 -0.1131132 1.0
v -0.02061926 1.377464 -0.1130941 1.0
v -0.02203743 1.367679 -0.1133171 1.0
v -0.02286829 1.357841 -0.1138473 1.0
v -0.02342023 1.34794 -0.1146535 1.0
v -0.0237383 1.338141 -0.1158165 1.0
v -0.02372789 1.32835 -0.1173693 1.0
v -0.02416588 1.318609 -0.1190214 1.0
v -0.02543849 1.308924 -0.1206407 1.0
v -0.02729011 1.299382 -0.1222618 1.0
v -0.02994337 1.29002 -0.1236998 1.0
v -0.03363902 1.28098 -0.1248838 1.0
v -0.03744732 1.272064 -0.1259677 1.0
v -0.0401799 1.262796 -0.1271324 1.0
v -0.04214111 1.253267 -0.1283084 1.0
v 0.01236674 1.6053 -0.02820549 1.0
v 0.0115222 1.604827 -0.03813483 1.0
v 0.01067336 1.602981 -0.0478216 1.0
v 0.01066973 1.60017 -0.05623604 1.0
v 0.01139062 1.59672 -0.06443943 1.0
v 0.01218132 1.592166 -0.07329129 1.0
v 0.01235105 1.586338 -0.08242877 1.0
v 0.01206646 1.58001 -0.09037519 1.0
v 0.0117557 1.573451 -0.09713327 1.0
v 0.01163954 1.566491 -0.1032305 1.0
v 0.01154168 1.55825 -0.1093281 1.0
v 0.01098699 1.548708 -0.1152285 1.0
v 0.00996656 1.539595 -0.1198139 1.0
v 0.009006429 1.53071 -0.123312 1.0
v 0.008682667 1.522464 -0.1254434 1.0
v 0.008688118 1.513385 -0.1268009 1.0
v 0.008801876 1.503757 -0.127729 1.0
v 0.009003089 1.494415 -0.1282427 1.0
v 0.009246727 1.484435 -0.1283993 1.0
v 0.009183943 1.473732 -0.128348 1.0
v 0.008731303 1.463419 -0.12809 1.0
v 0.008087485 1.453642 -0.1275556 1.0
v 0.00732362 1.443971 -0.1270392 1.0
v 0.006363466 1.43417 -0.1264798 1.0
v 0.005245533 1.424493 -0.1259419 1.0
v 0.004088797 1.415188 -0.1255339 1.0
v 0.002768552 1.405218 -0.1251936 1.0
v 0.0008821421 1.394396 -0.1248428 1.0
v -0.0017879 1.383677 -0.1243993 1.0
v -0.004572434 1.374439 -0.1239571 1.0
v -0.006981006 1.366144 -0.1236945 1.0
v -0.009067916 1.357213 -0.1238423 1.0
v -0.01089476 1.347963 -0.1241987 1.0
v -0.01244138 1.338702 -0.1248555 1.0
v -0.01364848 1.329414 -0.1258152 1.0
v -0.01537282 1.318946 -0.1268589 1.0
v -0.01778735 1.308771 -0.1274718 1.0
v -0.02090083 1.298741 -0.1280214 1.0
v -0.02514008 1.288785 -0.1285158 1.0
v -0.03045354 1.279826 -0.128767 1.0
v -0.03548612 1.271574 -0.1286867 1.0
v -0.03921352 1.26273 -0.1284785 1.0
v -0.04205734 1.253261 -0.1284254 1.0
v 0.01236674 1.6053 -0.02820549 1.0
v 0.0115222 1.604827 -0.03813483 1.0
v 0.01067336 1.602981 -0.0478216 1.0
v 0.01066973 1.60017 -0.05623604 1.0
v 0.01139062 1.59672 -0.06443943 1.0
v 0.01218132 1.592166 -0.07329129 1.0
v 0.01235105 1.586338 -0.08242877 1.0
v 0.01206646 1.58001 -0.09037519 1.0
v 0.0117557 1.573451 -0.09713327 1.0
v 0.01163954 1.566491 -0.1032305 1.0
v 0.01154168 1.55825 -0.1093281 1.0
v 0.01098699 1.548708 -0.1152285 1.0
v 0.00996656 1.539595 -0.1198139 1.0
v 0.009006429 1.53071 -0.123312 1.0
v 0.008682667 1.522464 -0.1254434 1.0
v 0.008688118 1.513385 -0.1268009 1.0
v 0.008801876 1.503757 -0.127729 1.0
v 0.009003089 1.494415 -0.1282427 1.0
v 0.009246727 1.484435 -0.1283993 1.0
v 0.009183943 1.473732 -0.128348 1.0
v 0.008731303 1.463419 -0.12809 1.0
v 0.008087485 1.453642 -0.1275556 1.0
v 0.00732362 1.443971 -0.1270392 1.0
v 0.006363466 1.43417 -0.1264798 1.0
v 0.005245533 1.424493 -0.1259419 1.0
v 0.004088797 1.415188 -0.1255339 1.0
v 0.002768552 1.405218 -0.1251936 1.0
v 0.0008821421 1.394396 -0.1248428 1.0
v -0.0017879 1.383677 -0.1243993 1.0
v -0.004572434 1.374439 -0.1239571 1.0
v -0.006981006 1.366144 -0.1236945 1.0
v -0.009067916 1.357213 -0.1238423 1.0
v -0.01089476 1.347963 -0.1241987 1.0
v -0.01244138 1.338702 -0.1248555 1.0
v -0.01364848 1.329414 -0.1258152 1.0
v -0.01537282 1.318946 -0.1268589 1.0
v -0.01778735 1.308771 -0.1274718 1.0
v -0.02090083 1.298741 -0.1280214 1.0
v -0.02514008 1.288785 -0.1285158 1.0
v -0.03045354 1.279826 -0.128767 1.0
v -0.03548612 1.271574 -0.1286867 1.0
v -0.03921352 1.26273 -0.1284785 1.0
v -0.04205734 1.253261 -0.1284254 1.0
v 0.004483067 1.608901 -0.02656056 1.0
v 0.002263256 1.608901 -0.03626738 1.0
v -0.0002940882 1.607336 -0.0463261 1.0
v -0.002138578 1.604617 -0.05582204 1.0
v -0.003095708 1.601197 -0.06545705 1.0
v -0.003781723 1.59685 -0.07474803 1.0
v -0.004833413 1.591644 -0.08359066 1.0
v -0.006188022 1.58557 -0.09190302 1.0
v -0.007470638 1.578656 -0.09961484 1.0
v -0.00843309 1.570924 -0.1066461 1.0
v -0.009241777 1.562657 -0.1128839 1.0
v -0.0103271 1.55404 -0.1183842 1.0
v -0.01186333 1.5453 -0.1231324 1.0
v -0.01346629 1.53574 -0.127278 1.0
v -0.0145007 1.525349 -0.1303951 1.0
v -0.01499214 1.514903 -0.1322351 1.0
v -0.01527473 1.50484 -0.133348 1.0
v -0.01540152 1.494638 -0.1340638 1.0
v -0.0154272 1.4845 -0.1342577 1.0
v -0.01569884 1.474472 -0.1340843 1.0
v -0.01630251 1.46445 -0.1335137 1.0
v -0.0169682 1.454697 -0.1327107 1.0
v -0.01760754 1.444984 -0.1318738 1.0
v -0.01825675 1.435206 -0.130913 1.0
v -0.01888343 1.425583 -0.1299703 1.0
v -0.01939286 1.415964 -0.1291455 1.0
v -0.01989106 1.406301 -0.1283759 1.0
v -0.02074049 1.396665 -0.1275913 1.0
v -0.02218246 1.387089 -0.1267307 1.0
v -0.02383696 1.377566 -0.1258958 1.0
v -0.02517221 1.36798 -0.1252597 1.0
v -0.02605237 1.358322 -0.1248626 1.0
v -0.02661675 1.348694 -0.124731 1.0
v -0.02691695 1.338984 -0.1249899 1.0
v -0.02683993 1.329325 -0.1256285 1.0
v -0.02712259 1.319651 -0.1263065 1.0
v -0.02795767 1.310014 -0.1269758 1.0
v -0.02935687 1.30039 -0.1275929 1.0
v -0.03168577 1.290927 -0.1279177 1.0
v -0.03513811 1.281793 -0.1279044 1.0
v -0.03861377 1.272579 -0.1278581 1.0
v -0.04079518 1.262978 -0.1280458 1.0
v -0.04219445 1.253284 -0.1283877 1.0
v -0.003815543 1.606584 -0.02466619 1.0
v 0.004068134 1.602983 -0.02631112 1.0
v 0.01236674 1.6053 -0.02820549 1.0
v 0.004483067 1.608901 -0.02656056 1.0
v -0.04227822 1.253291 -0.1282707 1.0
v -0.04214111 1.253267 -0.1283084 1.0
v -0.04205734 1.253261 -0.1284254 1.0
v -0.04219445 1.253284 -0.1283877 1.0
v -0.01287744 1.605299 -0.02820504 1.0
v -0.01203294 1.604826 -0.03813469 1.0
v -0.01118401 1.60298 -0.04782194 1.0
v -0.01118031 1.60017 -0.0562369 1.0
v -0.01190114 1.596721 -0.06444088 1.0
v -0.01269177 1.592167 -0.07329328 1.0
v -0.01286155 1.58634 -0.08243135 1.0
v -0.01257693 1.580014 -0.09037965 1.0
v -0.01226594 1.573457 -0.09714046 1.0
v -0.01214939 1.566499 -0.1032408 1.0
v -0.01205126 1.558261 -0.1093423 1.0
v -0.01149662 1.548719 -0.1152456 1.0
v -0.01047632 1.539606 -0.11983 1.0
v -0.009516319 1.530719 -0.1233254 1.0
v -0.009192693 1.522471 -0.1254525 1.0
v -0.009198521 1.51339 -0.1268045 1.0
v -0.00931262 1.503762 -0.1277286 1.0
v -0.00951354 1.494419 -0.1282437 1.0
v -0.009756687 1.484439 -0.1284053 1.0
v -0.009693795 1.473735 -0.1283555 1.0
v -0.009242351 1.463423 -0.1280874 1.0
v -0.008599981 1.453646 -0.1275423 1.0
v -0.007837287 1.443976 -0.1270188 1.0
v -0.006877872 1.434175 -0.1264573 1.0
v -0.005760652 1.424497 -0.1259176 1.0
v -0.004604116 1.415192 -0.1255098 1.0
v -0.003284024 1.405221 -0.1251703 1.0
v -0.00139741 1.394399 -0.1248236 1.0
v 0.001273699 1.38368 -0.1243893 1.0
v 0.004059636 1.374441 -0.123957 1.0
v 0.006468585 1.366143 -0.1236997 1.0
v 0.008554729 1.35721 -0.1238454 1.0
v 0.01038058 1.347959 -0.1241962 1.0
v 0.01192643 1.338698 -0.1248487 1.0
v 0.01313296 1.329408 -0.1258044 1.0
v 0.01485761 1.31894 -0.1268457 1.0
v 0.01727419 1.308766 -0.1274617 1.0
v 0.02038942 1.298736 -0.1280147 1.0
v 0.02462976 1.28878 -0.1285101 1.0
v 0.02994328 1.27982 -0.1287591 1.0
v 0.03497554 1.271569 -0.1286765 1.0
v 0.03870231 1.262724 -0.1284667 1.0
v 0.0415456 1.253254 -0.1284131 1.0
v -0.01287744 1.605299 -0.02820504 1.0
v -0.01203294 1.604826 -0.03813469 1.0
v -0.01118401 1.60298 -0.04782194 1.0
v -0.01118031 1.60017 -0.0562369 1.0
v -0.01190114 1.596721 -0.06444088 1.0
v -0.01269177 1.592167 -0.07329328 1.0
v -0.01286155 1.58634 -0.08243135 1.0
v -0.01257693 1.580014 -0.09037965 1.0
v -0.01226594 1.573457 -0.09714046 1.0
v -0.01214939 1.566499 -0.1032408 1.0
v -0.01205126 1.558261 -0.1093423 1.0
v -0.01149662 1.548719 -0.1152456 1.0
v -0.01047632 1.539606 -0.11983 1.0
v -0.009516319 1.530719 -0.1233254 1.0
v -0.009192693 1.522471 -0.1254525 1.0
v -0.009198521 1.51339 -0.1268045 1.0
v -0.00931262 1.503762 -0.1277286 1.0
v -0.00951354 1.494419 -0.1282437 1.0
v -0.009756687 1.484439 -0.1284053 1.0
v -0.009693795 1.473735 -0.1283555 1.0
v -0.009242351 1.463423 -0.1280874 1.0
v -0.008599981 1.453646 -0.1275423 1.0
v -0.007837287 1.443976 -0.1270188 1.0
v -0.006877872 1.434175 -0.1264573 1.0
v -0.005760652 1.424497 -0.1259176 1.0
v -0.004604116 1.415192 -0.1255098 1.0
v -0.003284024 1.405221 -0.1251703 1.0
v -0.00139741 1.394399 -0.1248236 1.0
v 0.001273699 1.38368 -0.1243893 1.0
v 0.004059636 1.374441 -0.123957 1.0
v 0.006468585 1.366143 -0.1236997 1.0
v 0.008554729 1.35721 -0.1238454 1.0
v 0.01038058 1.347959 -0.1241962 1.0
v 0.01192643 1.338698 -0.1248487 1.0
v 0.01313296 1.329408 -0.1258044 1.0
v 0.01485761 1.31894 -0.1268457 1.0
v 0.01727419 1.308766 -0.1274617 1.0
v 0.02038942 1.298736 -0.1280147 1.0
v 0.02462976 1.28878 -0.1285101 1.0
v 0.02994328 1.27982 -0.1287591 1.0
v 0.03497554 1.271569 -0.1286765 1.0
v 0.03870231 1.262724 -0.1284667 1.0
v 0.0415456 1.253254 -0.1284131 1.0
v -0.004578595 1.602983 -0.02631055 1.0
v -0.002454212 1.602011 -0.03565845 1.0
v -0.0003733809 1.599629 -0.04416416 1.0
v 0.001271149 1.595996 -0.05283925 1.0
v 0.002142134 1.59192 -0.06117496 1.0
v 0.00267874 1.587129 -0.06914042 1.0
v 0.003570277 1.581743 -0.07662819 1.0
v 0.004804175 1.575812 -0.08354432 1.0
v 0.005992656 1.569344 -0.08988727 1.0
v 0.00679631 1.562355 -0.09561727 1.0
v 0.007415034 1.554795 -0.1007944 1.0
v 0.008317425 1.546794 -0.1054281 1.0
v 0.009840344 1.538359 -0.1095451 1.0
v 0.01129923 1.53004 -0.1127281 1.0
v 0.01219434 1.521696 -0.1148549 1.0
v 0.01265133 1.512846 -0.1160864 1.0
v 0.01291419 1.503432 -0.1168524 1.0
v 0.01305324 1.494096 -0.1172821 1.0
v 0.01303702 1.484663 -0.1172912 1.0
v 0.01315785 1.475129 -0.1170212 1.0
v 0.01349278 1.465636 -0.1164519 1.0
v 0.01398391 1.45591 -0.1156967 1.0
v 0.01445682 1.446139 -0.1150083 1.0
v 0.01491706 1.436441 -0.1143442 1.0
v 0.01540888 1.426581 -0.1137878 1.0
v 0.01582939 1.416684 -0.1134566 1.0
v 0.01623691 1.406815 -0.1132897 1.0
v 0.01700444 1.396965 -0.1132035 1.0
v 0.01840938 1.387199 -0.11312 1.0
v 0.02011822 1.377461 -0.1131101 1.0
v 0.02153535 1.367681 -0.1133378 1.0
v 0.02236495 1.357845 -0.1138645 1.0
v 0.02291565 1.347943 -0.1146636 1.0
v 0.0232328 1.338142 -0.1158212 1.0
v 0.02322169 1.32835 -0.1173691 1.0
v 0.02365891 1.318607 -0.1190173 1.0
v 0.02492959 1.308921 -0.1206355 1.0
v 0.02677961 1.299378 -0.1222563 1.0
v 0.0294319 1.290016 -0.123693 1.0
v 0.03312746 1.280975 -0.124875 1.0
v 0.03693571 1.272058 -0.1259568 1.0
v 0.0396683 1.26279 -0.1271204 1.0
v 0.04162935 1.253261 -0.128296 1.0
v 0.003304787 1.606585 -0.02466612 1.0
v 0.006804437 1.606085 -0.03379137 1.0
v 0.01059378 1.603984 -0.04266851 1.0
v 0.01407938 1.600444 -0.05242513 1.0
v 0.0166285 1.596396 -0.06219224 1.0
v 0.01864181 1.591813 -0.07059659 1.0
v 0.0207545 1.58705 -0.07778953 1.0
v 0.02305842 1.581373 -0.08507119 1.0
v 0.02521888 1.57455 -0.09236736 1.0
v 0.02686877 1.56679 -0.09903105 1.0
v 0.02819847 1.559203 -0.1043488 1.0
v 0.02963207 1.552125 -0.1085827 1.0
v 0.03167112 1.544061 -0.1128623 1.0
v 0.03377296 1.535066 -0.1166928 1.0
v 0.03537843 1.524577 -0.1198057 1.0
v 0.0363322 1.514359 -0.1215192 1.0
v 0.03699145 1.504512 -0.1224692 1.0
v 0.03745903 1.494319 -0.1230982 1.0
v 0.03771301 1.484729 -0.1231407 1.0
v 0.03804291 1.47587 -0.1227476 1.0
v 0.03852667 1.466665 -0.1218753 1.0
v 0.03903756 1.456964 -0.1208618 1.0
v 0.03938459 1.447151 -0.1198606 1.0
v 0.0395334 1.437476 -0.1187991 1.0
v 0.03953366 1.427669 -0.1178414 1.0
v 0.03930721 1.417457 -0.1170934 1.0
v 0.03889316 1.407897 -0.1164961 1.0
v 0.03862408 1.399235 -0.1159746 1.0
v 0.03880098 1.390615 -0.1154722 1.0
v 0.03938038 1.380589 -0.1150682 1.0
v 0.03972501 1.369516 -0.1149216 1.0
v 0.03934845 1.358953 -0.1149023 1.0
v 0.03863709 1.348673 -0.1152123 1.0
v 0.03770822 1.338424 -0.1159708 1.0
v 0.03641335 1.328262 -0.1171967 1.0
v 0.03540917 1.319313 -0.1184775 1.0
v 0.03510015 1.310164 -0.1201461 1.0
v 0.03523571 1.301027 -0.1218293 1.0
v 0.03597755 1.292157 -0.1230936 1.0
v 0.03781183 1.282942 -0.1240109 1.0
v 0.0400631 1.273063 -0.125127 1.0
v 0.04124985 1.263037 -0.1266873 1.0
v 0.04176646 1.253284 -0.1282583 1.0
v 0.003304787 1.606585 -0.02466612 1.0
v 0.006804437 1.606085 -0.03379137 1.0
v 0.01059378 1.603984 -0.04266851 1.0
v 0.01407938 1.600444 -0.05242513 1.0
v 0.0166285 1.596396 -0.06219224 1.0
v 0.01864181 1.591813 -0.07059659 1.0
v 0.0207545 1.58705 -0.07778953 1.0
v 0.02305842 1.581373 -0.08507119 1.0
v 0.02521888 1.57455 -0.09236736 1.0
v 0.02686877 1.56679 -0.09903105 1.0
v 0.02819847 1.559203 -0.1043488 1.0
v 0.02963207 1.552125 -0.1085827 1.0
v 0.03167112 1.544061 -0.1128623 1.0
v 0.03377296 1.535066 -0.1166928 1.0
v 0.03537843 1.524577 -0.1198057 1.0
v 0.0363322 1.514359 -0.1215192 1.0
v 0.03699145 1.504512 -0.1224692 1.0
v 0.03745903 1.494319 -0.1230982 1.0
v 0.03771301 1.484729 -0.1231407 1.0
v 0.03804291 1.47587 -0.1227476 1.0
v 0.03852667 1.466665 -0.1218753 1.0
v 0.03903756 1.456964 -0.1208618 1.0
v 0.03938459 1.447151 -0.1198606 1.0
v 0.0395334 1.437476 -0.1187991 1.0
v 0.03953366 1.427669 -0.1178414 1.0
v 0.03930721 1.417457 -0.1170934 1.0
v 0.03889316 1.407897 -0.1164961 1.0
v 0.03862408 1.399235 -0.1159746 1.0
v 0.03880098 1.390615 -0.1154722 1.0
v 0.03938038 1.380589 -0.1150682 1.0
v 0.03972501 1.369516 -0.1149216 1.0
v 0.03934845 1.358953 -0.1149023 1.0
v 0.03863709 1.348673 -0.1152123 1.0
v 0.03770822 1.338424 -0.1159708 1.0
v 0.03641335 1.328262 -0.1171967 1.0
v 0.03540917 1.319313 -0.1184775 1.0
v 0.03510015 1.310164 -0.1201461 1.0
v 0.03523571 1.301027 -0.1218293 1.0
v 0.03597755 1.292157 -0.1230936 1.0
v 0.03781183 1.282942 -0.1240109 1.0
v 0.0400631 1.273063 -0.125127 1.0
v 0.04124985 1.263037 -0.1266873 1.0
v 0.04176646 1.253284 -0.1282583 1.0
v -0.004994059 1.608901 -0.02656061 1.0
v -0.002774291 1.6089 -0.0362676 1.0
v -0.0002168514 1.607335 -0.04632629 1.0
v 0.001627922 1.604617 -0.05582277 1.0
v 0.002585228 1.601197 -0.06545816 1.0
v 0.003271299 1.596851 -0.07474945 1.0
v 0.004322675 1.591646 -0.08359269 1.0
v 0.005677316 1.585575 -0.09190651 1.0
v 0.006960282 1.578663 -0.09962056 1.0
v 0.007923077 1.570935 -0.1066546 1.0
v 0.008732176 1.562669 -0.1128967 1.0
v 0.00981803 1.55405 -0.1184002 1.0
v 0.01135446 1.545308 -0.1231472 1.0
v 0.01295741 1.535746 -0.1272902 1.0
v 0.0139914 1.525352 -0.1304033 1.0
v 0.01448235 1.514904 -0.1322374 1.0
v 0.01476465 1.504842 -0.1333453 1.0
v 0.01489226 1.494643 -0.1340598 1.0
v 0.01491931 1.484505 -0.1342548 1.0
v 0.01519126 1.474476 -0.1340819 1.0
v 0.01579154 1.464452 -0.1335109 1.0
v 0.01645367 1.4547 -0.1327074 1.0
v 0.01709049 1.444987 -0.1318711 1.0
v 0.01773847 1.43521 -0.1309122 1.0
v 0.01836413 1.425586 -0.1299712 1.0
v 0.01887371 1.415965 -0.1291465 1.0
v 0.01937223 1.406303 -0.1283768 1.0
v 0.02022222 1.396669 -0.1275946 1.0
v 0.0216653 1.387095 -0.1267414 1.0
v 0.02332179 1.37757 -0.1259152 1.0
v 0.02465825 1.367979 -0.1252835 1.0
v 0.02553823 1.358317 -0.1248832 1.0
v 0.02610202 1.348689 -0.1247449 1.0
v 0.02640184 1.33898 -0.1249984 1.0
v 0.02632461 1.32932 -0.125632 1.0
v 0.02660788 1.319646 -0.126306 1.0
v 0.02744476 1.310009 -0.1269723 1.0
v 0.02884553 1.300385 -0.1275878 1.0
v 0.0311754 1.290922 -0.1279106 1.0
v 0.03462765 1.281787 -0.127895 1.0
v 0.03810292 1.272574 -0.1278467 1.0
v 0.04028386 1.262971 -0.1280336 1.0
v 0.04168271 1.253277 -0.1283754 1.0
v -0.01287744 1.605299 -0.02820504 1.0
v -0.004578595 1.602983 -0.02631055 1.0
v 0.003304787 1.606585 -0.02466612 1.0
v -0.004994059 1.608901 -0.02656061 1.0
v 0.0415456 1.253254 -0.1284131 1.0
v 0.04162935 1.253261 -0.128296 1.0
v 0.04176646 1.253284 -0.1282583 1.0
v 0.04168271 1.253277 -0.1283754 1.0
v -0.01399929 1.605562 -0.0238816 1.0
v -0.01737266 1.604907 -0.03331891 1.0
v -0.02069751 1.602645 -0.04236654 1.0
v -0.02427778 1.599488 -0.05045934 1.0
v -0.02806175 1.595633 -0.058402 1.0
v -0.0318609 1.59122 -0.0656942 1.0
v -0.03565071 1.58652 -0.07186324 1.0
v -0.03984543 1.580859 -0.07792883 1.0
v -0.0440769 1.573427 -0.08460789 1.0
v -0.04737805 1.565297 -0.09077419 1.0
v -0.05000304 1.556894 -0.09610985 1.0
v -0.05216188 1.548162 -0.1006731 1.0
v -0.05390116 1.538781 -0.1045924 1.0
v -0.05517127 1.529354 -0.1076773 1.0
v -0.05614445 1.520042 -0.1099868 1.0
v -0.05692337 1.510433 -0.1115771 1.0
v -0.05740745 1.500676 -0.1123242 1.0
v -0.05775481 1.491103 -0.1125313 1.0
v -0.05794094 1.481534 -0.1121392 1.0
v -0.05800947 1.472002 -0.1113474 1.0
v -0.05805453 1.462561 -0.1104464 1.0
v -0.058096 1.453189 -0.1094431 1.0
v -0.05807505 1.443383 -0.1084169 1.0
v -0.05787594 1.433205 -0.1075352 1.0
v -0.05741682 1.423344 -0.1067807 1.0
v -0.05688056 1.413931 -0.1061461 1.0
v -0.05647865 1.405044 -0.1056083 1.0
v -0.05644887 1.3952 -0.1050924 1.0
v -0.05626737 1.384331 -0.1048615 1.0
v -0.05547038 1.373226 -0.1050914 1.0
v -0.05431637 1.362905 -0.1056473 1.0
v -0.05317307 1.353091 -0.1064153 1.0
v -0.05215266 1.343111 -0.1073951 1.0
v -0.05117355 1.333137 -0.1086245 1.0
v -0.05013691 1.323236 -0.1101789 1.0
v -0.0490594 1.313342 -0.1120793 1.0
v -0.0478729 1.303438 -0.1143397 1.0
v -0.046523 1.293657 -0.1170358 1.0
v -0.04504455 1.28417 -0.1199754 1.0
v -0.04364452 1.274762 -0.1228722 1.0
v -0.04246263 1.265267 -0.1256383 1.0
v -0.04151636 1.255686 -0.1282809 1.0
v -0.01399929 1.605562 -0.0238816 1.0
v -0.01737266 1.604907 -0.03331891 1.0
v -0.02069751 1.602645 -0.04236654 1.0
v -0.02427778 1.599488 -0.05045934 1.0
v -0.02806175 1.595633 -0.058402 1.0
v -0.0318609 1.59122 -0.0656942 1.0
v -0.03565071 1.58652 -0.07186324 1.0
v -0.03984543 1.580859 -0.07792883 1.0
v -0.0440769 1.573427 -0.08460789 1.0
v -0.04737805 1.565297 -0.09077419 1.0
v -0.05000304 1.556894 -0.09610985 1.0
v -0.05216188 1.548162 -0.1006731 1.0
v -0.05390116 1.538781 -0.1045924 1.0
v -0.05517127 1.529354 -0.1076773 1.0
v -0.05614445 1.520042 -0.1099868 1.0
v -0.05692337 1.510433 -0.1115771 1.0
v -0.05740745 1.500676 -0.1123242 1.0
v -0.05775481 1.491103 -0.1125313 1.0
v -0.05794094 1.481534 -0.1121392 1.0
v -0.05800947 1.472002 -0.1113474 1.0
v -0.05805453 1.462561 -0.1104464 1.0
v -0.058096 1.453189 -0.1094431 1.0
v -0.05807505 1.443383 -0.1084169 1.0
v -0.05787594 1.433205 -0.1075352 1.0
v -0.05741682 1.423344 -0.1067807 1.0
v -0.05688056 1.413931 -0.1061461 1.0
v -0.05647865 1.405044 -0.1056083 1.0
v -0.05644887 1.3952 -0.1050924 1.0
v -0.05626737 1.384331 -0.1048615 1.0
v -0.05547038 1.373226 -0.1050914 1.0
v -0.05431637 1.362905 -0.1056473 1.0
v -0.05317307 1.353091 -0.1064153 1.0
v -0.05215266 1.343111 -0.1073951 1.0
v -0.05117355 1.333137 -0.1086245 1.0
v -0.05013691 1.323236 -0.1101789 1.0
v -0.0490594 1.313342 -0.1120793 1.0
v -0.0478729 1.303438 -0.1143397 1.0
v -0.046523 1.293657 -0.1170358 1.0
v -0.04504455 1.28417 -0.1199754 1.0
v -0.04364452 1.274762 -0.1228722 1.0
v -0.04246263 1.265267 -0.1256383 1.0
v -0.04151636 1.255686 -0.1282809 1.0
v -0.005705195 1.603045 -0.02552285 1.0
v -0.007630519 1.601916 -0.03497214 1.0
v -0.009280831 1.599211 -0.04349672 1.0
v -0.0113271 1.595428 -0.05222733 1.0
v -0.01350374 1.591194 -0.06039151 1.0
v -0.01589579 1.586302 -0.06805459 1.0
v -0.01866844 1.580791 -0.07502005 1.0
v -0.02183797 1.574698 -0.08122545 1.0
v -0.0247105 1.568032 -0.08686509 1.0
v -0.02691536 1.560785 -0.09210982 1.0
v -0.02865407 1.553048 -0.09685531 1.0
v -0.03002881 1.544964 -0.1009724 1.0
v -0.0310374 1.536531 -0.1044181 1.0
v -0.03169316 1.527743 -0.1072854 1.0
v -0.03213731 1.51877 -0.1095594 1.0
v -0.03243617 1.509887 -0.1110605 1.0
v -0.03252588 1.500378 -0.1118102 1.0
v -0.03254861 1.490849 -0.1120706 1.0
v -0.03248936 1.481404 -0.1120156 1.0
v -0.03240974 1.471812 -0.1115789 1.0
v -0.03243092 1.461967 -0.1110042 1.0
v -0.03259869 1.452262 -0.1103376 1.0
v -0.03288493 1.442406 -0.1095876 1.0
v -0.03317839 1.432498 -0.1089661 1.0
v -0.03340261 1.422598 -0.1084757 1.0
v -0.0337365 1.412616 -0.1080708 1.0
v -0.03441893 1.402635 -0.1077319 1.0
v -0.03552018 1.392763 -0.107417 1.0
v -0.03647913 1.38284 -0.1073537 1.0
v -0.03692623 1.372922 -0.1076696 1.0
v -0.03711196 1.362967 -0.1082588 1.0
v -0.0373268 1.35298 -0.1090509 1.0
v -0.03763528 1.343045 -0.1100184 1.0
v -0.03796995 1.33313 -0.1111993 1.0
v -0.03836124 1.323245 -0.1126563 1.0
v -0.03882929 1.313436 -0.1143873 1.0
v -0.03928533 1.303708 -0.1163751 1.0
v -0.03963767 1.294035 -0.1186536 1.0
v -0.03990817 1.28446 -0.121177 1.0
v -0.04026715 1.274893 -0.1236738 1.0
v -0.04081065 1.265298 -0.1260373 1.0
v -0.04137633 1.255689 -0.1283147 1.0
v 0.00223144 1.606452 -0.02731866 1.0
v 0.00166015 1.605836 -0.03718816 1.0
v 0.001369851 1.603455 -0.04695524 1.0
v 0.000654322 1.600029 -0.0569819 1.0
v -0.0003295891 1.596105 -0.06654958 1.0
v -0.001753455 1.591184 -0.07585202 1.0
v -0.004021658 1.58498 -0.08497569 1.0
v -0.006689158 1.578258 -0.09266789 1.0
v -0.008673284 1.571833 -0.0985959 1.0
v -0.01015258 1.56478 -0.1041061 1.0
v -0.01132007 1.556935 -0.1093274 1.0
v -0.01221419 1.548498 -0.114024 1.0
v -0.01274689 1.539887 -0.1179101 1.0
v -0.01300479 1.530714 -0.1212814 1.0
v -0.01313255 1.520992 -0.1241205 1.0
v -0.01313132 1.511195 -0.1260871 1.0
v -0.01294137 1.501287 -0.1271421 1.0
v -0.01275496 1.491121 -0.1276836 1.0
v -0.01272603 1.48094 -0.1280471 1.0
v -0.01276167 1.470738 -0.1279568 1.0
v -0.01298809 1.460465 -0.1276462 1.0
v -0.0134924 1.450149 -0.1271381 1.0
v -0.01419275 1.440291 -0.1264099 1.0
v -0.01501271 1.43079 -0.1256877 1.0
v -0.01593269 1.420956 -0.1249748 1.0
v -0.01710611 1.410675 -0.1242183 1.0
v -0.01880142 1.399899 -0.123402 1.0
v -0.02089699 1.390146 -0.1225386 1.0
v -0.02278068 1.381358 -0.1218509 1.0
v -0.02421597 1.372724 -0.1214186 1.0
v -0.02545992 1.363294 -0.1211792 1.0
v -0.02673512 1.353369 -0.1211227 1.0
v -0.02806213 1.343627 -0.1212281 1.0
v -0.02938143 1.33391 -0.1215237 1.0
v -0.03081238 1.324164 -0.1219823 1.0
v -0.0323722 1.31447 -0.1225866 1.0
v -0.03394317 1.304851 -0.1233119 1.0
v -0.03536431 1.295203 -0.1241799 1.0
v -0.03671831 1.285356 -0.1252919 1.0
v -0.03816916 1.27542 -0.1263916 1.0
v -0.03978483 1.265525 -0.1273735 1.0
v -0.04128937 1.255708 -0.128428 1.0
v 0.00223144 1.606452 -0.02731866 1.0
v 0.00166015 1.605836 -0.03718816 1.0
v 0.001369851 1.603455 -0.04695524 1.0
v 0.000654322 1.600029 -0.0569819 1.0
v -0.0003295891 1.596105 -0.06654958 1.0
v -0.001753455 1.591184 -0.07585202 1.0
v -0.004021658 1.58498 -0.08497569 1.0
v -0.006689158 1.578258 -0.09266789 1.0
v -0.008673284 1.571833 -0.0985959 1.0
v -0.01015258 1.56478 -0.1041061 1.0
v -0.01132007 1.556935 -0.1093274 1.0
v -0.01221419 1.548498 -0.114024 1.0
v -0.01274689 1.539887 -0.1179101 1.0
v -0.01300479 1.530714 -0.1212814 1.0
v -0.01313255 1.520992 -0.1241205 1.0
v -0.01313132 1.511195 -0.1260871 1.0
v -0.01294137 1.501287 -0.1271421 1.0
v -0.01275496 1.491121 -0.1276836 1.0
v -0.01272603 1.48094 -0.1280471 1.0
v -0.01276167 1.470738 -0.1279568 1.0
v -0.01298809 1.460465 -0.1276462 1.0
v -0.0134924 1.450149 -0.1271381 1.0
v -0.01419275 1.440291 -0.1264099 1.0
v -0.01501271 1.43079 -0.1256877 1.0
v -0.01593269 1.420956 -0.1249748 1.0
v -0.01710611 1.410675 -0.1242183 1.0
v -0.01880142 1.399899 -0.123402 1.0
v -0.02089699 1.390146 -0.1225386 1.0
v -0.02278068 1.381358 -0.1218509 1.0
v -0.02421597 1.372724 -0.1214186 1.0
v -0.02545992 1.363294 -0.1211792 1.0
v -0.02673512 1.353369 -0.1211227 1.0
v -0.02806213 1.343627 -0.1212281 1.0
v -0.02938143 1.33391 -0.1215237 1.0
v -0.03081238 1.324164 -0.1219823 1.0
v -0.0323722 1.31447 -0.1225866 1.0
v -0.03394317 1.304851 -0.1233119 1.0
v -0.03536431 1.295203 -0.1241799 1.0
v -0.03671831 1.285356 -0.1252919 1.0
v -0.03816916 1.27542 -0.1263916 1.0
v -0.03978483 1.265525 -0.1273735 1.0
v -0.04128937 1.255708 -0.128428 1.0
v -0.006062652 1.608969 -0.02567741 1.0
v -0.00808199 1.608827 -0.03553493 1.0
v -0.01004683 1.606889 -0.04582506 1.0
v -0.01229636 1.604089 -0.05521391 1.0
v -0.0148876 1.600545 -0.06456007 1.0
v -0.01771856 1.596103 -0.07349163 1.0
v -0.02100393 1.590708 -0.08181887 1.0
v -0.02469661 1.584419 -0.08937126 1.0
v -0.02803969 1.577228 -0.0963387 1.0
v -0.03061526 1.569292 -0.1027705 1.0
v -0.03266903 1.56078 -0.1085819 1.0
v -0.03434727 1.551696 -0.1137246 1.0
v -0.03561065 1.542137 -0.1180844 1.0
v -0.0364829 1.532325 -0.1216734 1.0
v -0.0371397 1.522264 -0.124548 1.0
v -0.03761852 1.51174 -0.1266037 1.0
v -0.03782293 1.501584 -0.1276561 1.0
v -0.03796116 1.491374 -0.1281444 1.0
v -0.03817761 1.48107 -0.1281708 1.0
v -0.03836139 1.470929 -0.1277254 1.0
v -0.03861169 1.461059 -0.1270884 1.0
v -0.03898971 1.451076 -0.1262436 1.0
v -0.03938287 1.441267 -0.1252393 1.0
v -0.03971026 1.431497 -0.1242567 1.0
v -0.0399469 1.421702 -0.1232797 1.0
v -0.04025017 1.41199 -0.1222935 1.0
v -0.04086114 1.402308 -0.1212783 1.0
v -0.04182567 1.392582 -0.120214 1.0
v -0.04256892 1.38285 -0.1193587 1.0
v -0.04276013 1.373027 -0.1188404 1.0
v -0.04266433 1.363233 -0.1185677 1.0
v -0.04258138 1.353479 -0.1184871 1.0
v -0.04257951 1.343693 -0.1186048 1.0
v -0.04258503 1.333917 -0.118949 1.0
v -0.04258805 1.324154 -0.1195049 1.0
v -0.04260231 1.314375 -0.1202787 1.0
v -0.04253075 1.304581 -0.1212764 1.0
v -0.04224965 1.294826 -0.1225622 1.0
v -0.04185469 1.285067 -0.1240902 1.0
v -0.04154653 1.275289 -0.1255901 1.0
v -0.04143681 1.265494 -0.1269745 1.0
v -0.0414294 1.255705 -0.1283941 1.0
v -0.01399929 1.605562 -0.0238816 1.0
v -0.005705195 1.603045 -0.02552285 1.0
v 0.00223144 1.606452 -0.02731866 1.0
v -0.006062652 1.608969 -0.02567741 1.0
v -0.04151636 1.255686 -0.1282809 1.0
v -0.04137633 1.255689 -0.1283147 1.0
v -0.04128937 1.255708 -0.128428 1.0
v -0.0414294 1.255705 -0.1283941 1.0
v -0.002742233 1.606451 -0.02731858 1.0
v -0.002170956 1.605836 -0.03718859 1.0
v -0.001880601 1.603457 -0.04695639 1.0
v -0.001165019 1.600031 -0.05698381 1.0
v -0.0001808224 1.596106 -0.0665519 1.0
v 0.001242444 1.591186 -0.07585362 1.0
v 0.003509061 1.584995 -0.08498199 1.0
v 0.00617849 1.578297 -0.0926948 1.0
v 0.008170655 1.571888 -0.09865004 1.0
v 0.009651371 1.564834 -0.1041641 1.0
v 0.01082318 1.556984 -0.1093875 1.0
v 0.0117179 1.548543 -0.11408 1.0
v 0.01225281 1.539923 -0.1179647 1.0
v 0.01251169 1.530734 -0.121336 1.0
v 0.01263945 1.521 -0.1241738 1.0
v 0.01264033 1.511205 -0.1261415 1.0
v 0.01245019 1.501291 -0.1271929 1.0
v 0.01226627 1.491123 -0.127744 1.0
v 0.01223115 1.480942 -0.1280859 1.0
v 0.01225915 1.47074 -0.127972 1.0
v 0.0124774 1.460468 -0.1276386 1.0
v 0.01297376 1.450153 -0.1271103 1.0
v 0.01366591 1.440297 -0.1263628 1.0
v 0.01448027 1.430799 -0.1256301 1.0
v 0.01539932 1.420965 -0.1249214 1.0
v 0.0165724 1.41068 -0.1241699 1.0
v 0.0182687 1.399897 -0.1233565 1.0
v 0.02036472 1.390143 -0.1224914 1.0
v 0.02224835 1.381356 -0.1218019 1.0
v 0.02368402 1.372724 -0.1213712 1.0
v 0.02492912 1.363294 -0.1211364 1.0
v 0.0262056 1.353366 -0.1210842 1.0
v 0.02753377 1.343622 -0.1211923 1.0
v 0.02885422 1.333904 -0.1214899 1.0
v 0.03029024 1.324157 -0.121956 1.0
v 0.03185852 1.314464 -0.1225713 1.0
v 0.03343583 1.304847 -0.1233037 1.0
v 0.03485632 1.295199 -0.1241705 1.0
v 0.03620861 1.285352 -0.125281 1.0
v 0.03765833 1.275415 -0.1263802 1.0
v 0.03927357 1.265519 -0.1273615 1.0
v 0.04077774 1.255702 -0.1284151 1.0
v -0.002742233 1.606451 -0.02731858 1.0
v -0.002170956 1.605836 -0.03718859 1.0
v -0.001880601 1.603457 -0.04695639 1.0
v -0.001165019 1.600031 -0.05698381 1.0
v -0.0001808224 1.596106 -0.0665519 1.0
v 0.001242444 1.591186 -0.07585362 1.0
v 0.003509061 1.584995 -0.08498199 1.0
v 0.00617849 1.578297 -0.0926948 1.0
v 0.008170655 1.571888 -0.09865004 1.0
v 0.009651371 1.564834 -0.1041641 1.0
v 0.01082318 1.556984 -0.1093875 1.0
v 0.0117179 1.548543 -0.11408 1.0
v 0.01225281 1.539923 -0.1179647 1.0
v 0.01251169 1.530734 -0.121336 1.0
v 0.01263945 1.521 -0.1241738 1.0
v 0.01264033 1.511205 -0.1261415 1.0
v 0.01245019 1.501291 -0.1271929 1.0
v 0.01226627 1.491123 -0.127744 1.0
v 0.01223115 1.480942 -0.1280859 1.0
v 0.01225915 1.47074 -0.127972 1.0
v 0.0124774 1.460468 -0.1276386 1.0
v 0.01297376 1.450153 -0.1271103 1.0
v 0.01366591 1.440297 -0.1263628 1.0
v 0.01448027 1.430799 -0.1256301 1.0
v 0.01539932 1.420965 -0.1249214 1.0
v 0.0165724 1.41068 -0.1241699 1.0
v 0.0182687 1.399897 -0.1233565 1.0
v 0.02036472 1.390143 -0.1224914 1.0
v 0.02224835 1.381356 -0.1218019 1.0
v 0.02368402 1.372724 -0.1213712 1.0
v 0.02492912 1.363294 -0.1211364 1.0
v 0.0262056 1.353366 -0.1210842 1.0
v 0.02753377 1.343622 -0.1211923 1.0
v 0.02885422 1.333904 -0.1214899 1.0
v 0.03029024 1.324157 -0.121956 1.0
v 0.03185852 1.314464 -0.1225713 1.0
v 0.03343583 1.304847 -0.1233037 1.0
v 0.03485632 1.295199 -0.1241705 1.0
v 0.03620861 1.285352 -0.125281 1.0
v 0.03765833 1.275415 -0.1263802 1.0
v 0.03927357 1.265519 -0.1273615 1.0
v 0.04077774 1.255702 -0.1284151 1.0
v 0.00519458 1.603045 -0.02552314 1.0
v 0.007119778 1.601917 -0.0349729 1.0
v 0.008769919 1.599212 -0.04349796 1.0
v 0.01081616 1.59543 -0.05222907 1.0
v 0.01299303 1.591195 -0.06039329 1.0
v 0.01538583 1.586303 -0.06805862 1.0
v 0.01815725 1.580795 -0.07503357 1.0
v 0.02132058 1.574709 -0.08125244 1.0
v 0.02418444 1.568053 -0.08689818 1.0
v 0.02638304 1.560817 -0.09213185 1.0
v 0.0281224 1.55309 -0.09686943 1.0
v 0.02949761 1.545006 -0.1009819 1.0
v 0.0305082 1.536569 -0.1044246 1.0
v 0.03116345 1.527777 -0.1072883 1.0
v 0.03160625 1.518802 -0.1095595 1.0
v 0.03190581 1.509915 -0.1110628 1.0
v 0.03199166 1.500399 -0.1118052 1.0
v 0.03201328 1.490857 -0.1120719 1.0
v 0.03196151 1.481409 -0.1120139 1.0
v 0.03188986 1.471817 -0.1115735 1.0
v 0.03191865 1.461971 -0.1109949 1.0
v 0.03209304 1.452266 -0.1103247 1.0
v 0.03238593 1.44241 -0.1095711 1.0
v 0.03268418 1.432497 -0.1089493 1.0
v 0.03290955 1.422596 -0.108464 1.0
v 0.03324392 1.412617 -0.1080644 1.0
v 0.03392483 1.402641 -0.1077264 1.0
v 0.03502423 1.392769 -0.1074067 1.0
v 0.03598236 1.382843 -0.107339 1.0
v 0.03642918 1.372922 -0.1076546 1.0
v 0.03661405 1.362964 -0.1082458 1.0
v 0.03682777 1.352979 -0.1090392 1.0
v 0.03713501 1.343044 -0.1100065 1.0
v 0.03746841 1.333128 -0.1111865 1.0
v 0.03785617 1.323243 -0.1126433 1.0
v 0.03831891 1.313433 -0.1143742 1.0
v 0.03877127 1.303704 -0.1163619 1.0
v 0.03912397 1.294029 -0.11864 1.0
v 0.03939549 1.284454 -0.1211642 1.0
v 0.03975512 1.274887 -0.1236615 1.0
v 0.04029881 1.265291 -0.1260249 1.0
v 0.04086465 1.255682 -0.1283018 1.0
v 0.01348859 1.605562 -0.02388183 1.0
v 0.01686191 1.604908 -0.03331963 1.0
v 0.02018672 1.602646 -0.04236764 1.0
v 0.02376695 1.599489 -0.05046081 1.0
v 0.02755109 1.595634 -0.05840351 1.0
v 0.03135079 1.591222 -0.06569848 1.0
v 0.03514027 1.586519 -0.07187283 1.0
v 0.0393304 1.580853 -0.07793806 1.0
v 0.0435546 1.573419 -0.08460545 1.0
v 0.04685302 1.565286 -0.09076358 1.0
v 0.04947936 1.556885 -0.09609215 1.0
v 0.05163792 1.54815 -0.1006482 1.0
v 0.0533769 1.538771 -0.1045578 1.0
v 0.05464462 1.529354 -0.1076303 1.0
v 0.05561565 1.52005 -0.109932 1.0
v 0.05639474 1.510437 -0.1115186 1.0
v 0.05687472 1.500682 -0.1122508 1.0
v 0.05722073 1.491111 -0.1124575 1.0
v 0.05741328 1.481541 -0.1120853 1.0
v 0.05748932 1.472009 -0.111315 1.0
v 0.05754219 1.462565 -0.1104347 1.0
v 0.0575911 1.453192 -0.1094497 1.0
v 0.05757808 1.443383 -0.1084417 1.0
v 0.05738501 1.4332 -0.1075742 1.0
v 0.05692791 1.423338 -0.106827 1.0
v 0.05639298 1.413928 -0.1061982 1.0
v 0.0559902 1.405046 -0.105658 1.0
v 0.0559589 1.395203 -0.1051337 1.0
v 0.0557768 1.384333 -0.1048958 1.0
v 0.05497982 1.373225 -0.1051235 1.0
v 0.05382506 1.362904 -0.1056781 1.0
v 0.05268062 1.353091 -0.1064436 1.0
v 0.0516589 1.343112 -0.1074195 1.0
v 0.05067835 1.333138 -0.1086445 1.0
v 0.0496363 1.323237 -0.1101872 1.0
v 0.04854994 1.31334 -0.1120703 1.0
v 0.04735687 1.303433 -0.1143183 1.0
v 0.04600764 1.293651 -0.1170155 1.0
v 0.044531 1.284164 -0.119959 1.0
v 0.04313214 1.274756 -0.1228585 1.0
v 0.04195062 1.265261 -0.1256251 1.0
v 0.04100467 1.25568 -0.1282679 1.0
v 0.01348859 1.605562 -0.02388183 1.0
v 0.01686191 1.604908 -0.03331963 1.0
v 0.02018672 1.602646 -0.04236764 1.0
v 0.02376695 1.599489 -0.05046081 1.0
v 0.02755109 1.595634 -0.05840351 1.0
v 0.03135079 1.591222 -0.06569848 1.0
v 0.03514027 1.586519 -0.07187283 1.0
v 0.0393304 1.580853 -0.07793806 1.0
v 0.0435546 1.573419 -0.08460545 1.0
v 0.04685302 1.565286 -0.09076358 1.0
v 0.04947936 1.556885 -0.09609215 1.0
v 0.05163792 1.54815 -0.1006482 1.0
v 0.0533769 1.538771 -0.1045578 1.0
v 0.05464462 1.529354 -0.1076303 1.0
v 0.05561565 1.52005 -0.109932 1.0
v 0.05639474 1.510437 -0.1115186 1.0
v 0.05687472 1.500682 -0.1122508 1.0
v 0.05722073 1.491111 -0.1124575 1.0
v 0.05741328 1.481541 -0.1120853 1.0
v 0.05748932 1.472009 -0.111315 1.0
v 0.05754219 1.462565 -0.1104347 1.0
v 0.0575911 1.453192 -0.1094497 1.0
v 0.05757808 1.443383 -0.1084417 1.0
v 0.05738501 1.4332 -0.1075742 1.0
v 0.05692791 1.423338 -0.106827 1.0
v 0.05639298 1.413928 -0.1061982 1.0
v 0.0559902 1.405046 -0.105658 1.0
v 0.0559589 1.395203 -0.1051337 1.0
v 0.0557768 1.384333 -0.1048958 1.0
v 0.05497982 1.373225 -0.1051235 1.0
v 0.05382506 1.362904 -0.1056781 1.0
v 0.05268062 1.353091 -0.1064436 1.0
v 0.0516589 1.343112 -0.1074195 1.0
v 0.05067835 1.333138 -0.1086445 1.0
v 0.0496363 1.323237 -0.1101872 1.0
v 0.04854994 1.31334 -0.1120703 1.0
v 0.04735687 1.303433 -0.1143183 1.0
v 0.04600764 1.293651 -0.1170155 1.0
v 0.044531 1.284164 -0.119959 1.0
v 0.04313214 1.274756 -0.1228585 1.0
v 0.04195062 1.265261 -0.1256251 1.0
v 0.04100467 1.25568 -0.1282679 1.0
v 0.005551773 1.608969 -0.02567727 1.0
v 0.007571174 1.608828 -0.03553533 1.0
v 0.009536202 1.60689 -0.04582607 1.0
v 0.01178577 1.60409 -0.05521554 1.0
v 0.01437724 1.600545 -0.06456213 1.0
v 0.0172074 1.596105 -0.07349349 1.0
v 0.02049208 1.590719 -0.08182125 1.0
v 0.02418831 1.584441 -0.08938043 1.0
v 0.02754082 1.577254 -0.09635731 1.0
v 0.03012136 1.569303 -0.1027959 1.0
v 0.03218013 1.560778 -0.1086103 1.0
v 0.03385821 1.551687 -0.1137464 1.0
v 0.0351215 1.542125 -0.1180979 1.0
v 0.03599286 1.532311 -0.1216781 1.0
v 0.03664885 1.522248 -0.1245462 1.0
v 0.03712926 1.511726 -0.1265973 1.0
v 0.03733325 1.501575 -0.1276384 1.0
v 0.03747373 1.491377 -0.1281296 1.0
v 0.03768292 1.481074 -0.1281573 1.0
v 0.03785861 1.470932 -0.1277135 1.0
v 0.03810094 1.461062 -0.1270784 1.0
v 0.03847182 1.451078 -0.1262354 1.0
v 0.03885806 1.44127 -0.1252335 1.0
v 0.03918109 1.431502 -0.1242551 1.0
v 0.03941768 1.421708 -0.1232844 1.0
v 0.03972145 1.411991 -0.1223037 1.0
v 0.04033407 1.402303 -0.1212881 1.0
v 0.04129939 1.392576 -0.1202184 1.0
v 0.04204278 1.382846 -0.1193587 1.0
v 0.04223466 1.373027 -0.1188402 1.0
v 0.04214013 1.363233 -0.1185688 1.0
v 0.04205845 1.353478 -0.1184886 1.0
v 0.04205765 1.343691 -0.1186053 1.0
v 0.04206415 1.333914 -0.1189478 1.0
v 0.04207037 1.324151 -0.1194999 1.0
v 0.04208955 1.31437 -0.1202674 1.0
v 0.04202143 1.304575 -0.1212602 1.0
v 0.04173998 1.294821 -0.1225459 1.0
v 0.04134411 1.285061 -0.1240758 1.0
v 0.04103535 1.275283 -0.1255772 1.0
v 0.04092538 1.265488 -0.1269617 1.0
v 0.04091775 1.255699 -0.1283812 1.0
v -0.002742233 1.606451 -0.02731858 1.0
v 0.00519458 1.603045 -0.02552314 1.0
v 0.01348859 1.605562 -0.02388183 1.0
v 0.005551773 1.608969 -0.02567727 1.0
v 0.04077774 1.255702 -0.1284151 1.0
v 0.04086465 1.255682 -0.1283018 1.0
v 0.04100467 1.25568 -0.1282679 1.0
v 0.04091775 1.255699 -0.1283812 1.0
v -0.01414672 1.605939 -0.02070568 1.0
v -0.02158996 1.605053 -0.02725182 1.0
v -0.02908782 1.602934 -0.03341305 1.0
v -0.03656179 1.598932 -0.03988307 1.0
v -0.04351307 1.594157 -0.04705656 1.0
v -0.04936812 1.588519 -0.05406141 1.0
v -0.0542275 1.58215 -0.06063753 1.0
v -0.05855938 1.575123 -0.06748624 1.0
v -0.06188995 1.567923 -0.07363747 1.0
v -0.06463688 1.560772 -0.07870037 1.0
v -0.06712709 1.552648 -0.08310773 1.0
v -0.0693016 1.544142 -0.08682102 1.0
v -0.07115041 1.535353 -0.08979083 1.0
v -0.07268847 1.526186 -0.09204297 1.0
v -0.07396121 1.51675 -0.09373549 1.0
v -0.07498519 1.507298 -0.09492029 1.0
v -0.07574329 1.497549 -0.09556093 1.0
v -0.07629198 1.487799 -0.09583859 1.0
v -0.07665613 1.478081 -0.09584139 1.0
v -0.07682025 1.468273 -0.09555987 1.0
v -0.07683186 1.458348 -0.09519804 1.0
v -0.07660672 1.448485 -0.09468265 1.0
v -0.07618815 1.438587 -0.0941577 1.0
v -0.07561588 1.428644 -0.09373018 1.0
v -0.07490916 1.418718 -0.09341601 1.0
v -0.07408087 1.408758 -0.09320091 1.0
v -0.07319061 1.399198 -0.09314866 1.0
v -0.07242937 1.389092 -0.09314706 1.0
v -0.07136044 1.377396 -0.09356235 1.0
v -0.06920297 1.365476 -0.09490724 1.0
v -0.06659694 1.356043 -0.09661949 1.0
v -0.06448599 1.347238 -0.09824909 1.0
v -0.06325108 1.338637 -0.09959053 1.0
v -0.06223858 1.328652 -0.101194 1.0
v -0.06085005 1.318331 -0.1033668 1.0
v -0.05924119 1.308379 -0.1059446 1.0
v -0.05707945 1.29825 -0.1091441 1.0
v -0.0539575 1.288469 -0.1131102 1.0
v -0.0502898 1.279802 -0.117372 1.0
v -0.04671673 1.271557 -0.1215085 1.0
v -0.04357967 1.262939 -0.1253913 1.0
v -0.04076879 1.254049 -0.1291208 1.0
v -0.01414672 1.605939 -0.02070568 1.0
v -0.02158996 1.605053 -0.02725182 1.0
v -0.02908782 1.602934 -0.03341305 1.0
v -0.03656179 1.598932 -0.03988307 1.0
v -0.04351307 1.594157 -0.04705656 1.0
v -0.04936812 1.588519 -0.05406141 1.0
v -0.0542275 1.58215 -0.06063753 1.0
v -0.05855938 1.575123 -0.06748624 1.0
v -0.06188995 1.567923 -0.07363747 1.0
v -0.06463688 1.560772 -0.07870037 1.0
v -0.06712709 1.552648 -0.08310773 1.0
v -0.0693016 1.544142 -0.08682102 1.0
v -0.07115041 1.535353 -0.08979083 1.0
v -0.07268847 1.526186 -0.09204297 1.0
v -0.07396121 1.51675 -0.09373549 1.0
v -0.07498519 1.507298 -0.09492029 1.0
v -0.07574329 1.497549 -0.09556093 1.0
v -0.07629198 1.487799 -0.09583859 1.0
v -0.07665613 1.478081 -0.09584139 1.0
v -0.07682025 1.468273 -0.09555987 1.0
v -0.07683186 1.458348 -0.09519804 1.0
v -0.07660672 1.448485 -0.09468265 1.0
v -0.07618815 1.438587 -0.0941577 1.0
v -0.07561588 1.428644 -0.09373018 1.0
v -0.07490916 1.418718 -0.09341601 1.0
v -0.07408087 1.408758 -0.09320091 1.0
v -0.07319061 1.399198 -0.09314866 1.0
v -0.07242937 1.389092 -0.09314706 1.0
v -0.07136044 1.377396 -0.09356235 1.0
v -0.06920297 1.365476 -0.09490724 1.0
v -0.06659694 1.356043 -0.09661949 1.0
v -0.06448599 1.347238 -0.09824909 1.0
v -0.06325108 1.338637 -0.09959053 1.0
v -0.06223858 1.328652 -0.101194 1.0
v -0.06085005 1.318331 -0.1033668 1.0
v -0.05924119 1.308379 -0.1059446 1.0
v -0.05707945 1.29825 -0.1091441 1.0
v -0.0539575 1.288469 -0.1131102 1.0
v -0.0502898 1.279802 -0.117372 1.0
v -0.04671673 1.271557 -0.1215085 1.0
v -0.04357967 1.262939 -0.1253913 1.0
v -0.04076879 1.254049 -0.1291208 1.0
v -0.007711741 1.602823 -0.02587395 1.0
v -0.01400463 1.601476 -0.03327306 1.0
v -0.01995946 1.598973 -0.04007605 1.0
v -0.02529859 1.595011 -0.04659824 1.0
v -0.03015008 1.59048 -0.05365315 1.0
v -0.03405921 1.58536 -0.06041026 1.0
v -0.03737374 1.579551 -0.06699192 1.0
v -0.04018195 1.573226 -0.0731217 1.0
v -0.04241358 1.566325 -0.07886912 1.0
v -0.04442522 1.558877 -0.08406318 1.0
v -0.04619746 1.550997 -0.08861665 1.0
v -0.04770585 1.542743 -0.09246516 1.0
v -0.0489272 1.534228 -0.09550984 1.0
v -0.0498839 1.525267 -0.09779426 1.0
v -0.05063063 1.515984 -0.09950119 1.0
v -0.05117397 1.506768 -0.100659 1.0
v -0.05151199 1.497107 -0.1012261 1.0
v -0.05170603 1.487483 -0.1014117 1.0
v -0.05179152 1.477947 -0.1012772 1.0
v -0.0517661 1.468265 -0.1008254 1.0
v -0.05170775 1.458359 -0.1002982 1.0
v -0.05159099 1.448562 -0.0997797 1.0
v -0.05146672 1.438682 -0.09922796 1.0
v -0.05137688 1.428709 -0.09872843 1.0
v -0.05132955 1.418776 -0.09832638 1.0
v -0.05131844 1.408777 -0.09799165 1.0
v -0.05139206 1.398741 -0.0977917 1.0
v -0.05171223 1.388723 -0.09762081 1.0
v -0.05184755 1.378665 -0.09776321 1.0
v -0.05114209 1.368705 -0.09864984 1.0
v -0.04978461 1.358832 -0.1001385 1.0
v -0.04887746 1.348961 -0.1016354 1.0
v -0.04887233 1.338955 -0.1028755 1.0
v -0.04913534 1.328989 -0.1042199 1.0
v -0.04914309 1.319105 -0.1060413 1.0
v -0.04905258 1.309319 -0.1082467 1.0
v -0.04855588 1.299711 -0.1109259 1.0
v -0.04724453 1.290398 -0.1142861 1.0
v -0.04532387 1.281419 -0.1181697 1.0
v -0.04341556 1.272474 -0.1220811 1.0
v -0.04195089 1.263319 -0.1256953 1.0
v -0.04063082 1.254082 -0.1291464 1.0
v -0.00144378 1.605632 -0.03141 1.0
v -0.006842596 1.604806 -0.03992204 1.0
v -0.01217252 1.602798 -0.04833066 1.0
v -0.01650503 1.599528 -0.05606382 1.0
v -0.01992767 1.596033 -0.06366636 1.0
v -0.02291667 1.591702 -0.07137682 1.0
v -0.02564685 1.586504 -0.07904669 1.0
v -0.02762093 1.580553 -0.08583479 1.0
v -0.02923766 1.573406 -0.09248885 1.0
v -0.030926 1.564995 -0.09893619 1.0
v -0.03255399 1.556492 -0.1045787 1.0
v -0.03392264 1.547439 -0.1094402 1.0
v -0.03497638 1.537846 -0.113402 1.0
v -0.03566565 1.527975 -0.1163544 1.0
v -0.03610543 1.518006 -0.1185558 1.0
v -0.03634678 1.507826 -0.1201326 1.0
v -0.0363353 1.497775 -0.1209407 1.0
v -0.03621466 1.487671 -0.1213017 1.0
v -0.03600487 1.477523 -0.1212375 1.0
v -0.03572028 1.467478 -0.120759 1.0
v -0.03550231 1.457559 -0.120147 1.0
v -0.0354621 1.447586 -0.1195453 1.0
v -0.03554659 1.437659 -0.1187822 1.0
v -0.03578709 1.427777 -0.1179275 1.0
v -0.03619461 1.417872 -0.1170408 1.0
v -0.036743 1.407998 -0.1161033 1.0
v -0.03748436 1.397714 -0.1151832 1.0
v -0.03852952 1.387977 -0.1142043 1.0
v -0.03943238 1.379815 -0.1134014 1.0
v -0.03971113 1.371999 -0.1131103 1.0
v -0.0391815 1.361935 -0.1135833 1.0
v -0.03904356 1.351129 -0.1141517 1.0
v -0.03984182 1.33994 -0.1144996 1.0
v -0.04092957 1.330151 -0.1148161 1.0
v -0.04183779 1.32081 -0.1154502 1.0
v -0.04271657 1.311222 -0.1163845 1.0
v -0.0432794 1.302056 -0.1176059 1.0
v -0.04313639 1.293116 -0.1193758 1.0
v -0.04230053 1.283655 -0.1218805 1.0
v -0.04138698 1.273793 -0.1245732 1.0
v -0.04094507 1.263895 -0.1269385 1.0
v -0.04054565 1.254131 -0.1292516 1.0
v -0.00144378 1.605632 -0.03141 1.0
v -0.006842596 1.604806 -0.03992204 1.0
v -0.01217252 1.602798 -0.04833066 1.0
v -0.01650503 1.599528 -0.05606382 1.0
v -0.01992767 1.596033 -0.06366636 1.0
v -0.02291667 1.591702 -0.07137682 1.0
v -0.02564685 1.586504 -0.07904669 1.0
v -0.02762093 1.580553 -0.08583479 1.0
v -0.02923766 1.573406 -0.09248885 1.0
v -0.030926 1.564995 -0.09893619 1.0
v -0.03255399 1.556492 -0.1045787 1.0
v -0.03392264 1.547439 -0.1094402 1.0
v -0.03497638 1.537846 -0.113402 1.0
v -0.03566565 1.527975 -0.1163544 1.0
v -0.03610543 1.518006 -0.1185558 1.0
v -0.03634678 1.507826 -0.1201326 1.0
v -0.0363353 1.497775 -0.1209407 1.0
v -0.03621466 1.487671 -0.1213017 1.0
v -0.03600487 1.477523 -0.1212375 1.0
v -0.03572028 1.467478 -0.120759 1.0
v -0.03550231 1.457559 -0.120147 1.0
v -0.0354621 1.447586 -0.1195453 1.0
v -0.03554659 1.437659 -0.1187822 1.0
v -0.03578709 1.427777 -0.1179275 1.0
v -0.03619461 1.417872 -0.1170408 1.0
v -0.036743 1.407998 -0.1161033 1.0
v -0.03748436 1.397714 -0.1151832 1.0
v -0.03852952 1.387977 -0.1142043 1.0
v -0.03943238 1.379815 -0.1134014 1.0
v -0.03971113 1.371999 -0.1131103 1.0
v -0.0391815 1.361935 -0.1135833 1.0
v -0.03904356 1.351129 -0.1141517 1.0
v -0.03984182 1.33994 -0.1144996 1.0
v -0.04092957 1.330151 -0.1148161 1.0
v -0.04183779 1.32081 -0.1154502 1.0
v -0.04271657 1.311222 -0.1163845 1.0
v -0.0432794 1.302056 -0.1176059 1.0
v -0.04313639 1.293116 -0.1193758 1.0
v -0.04230053 1.283655 -0.1218805 1.0
v -0.04138698 1.273793 -0.1245732 1.0
v -0.04094507 1.263895 -0.1269385 1.0
v -0.04054565 1.254131 -0.1292516 1.0
v -0.007878765 1.608747 -0.02624173 1.0
v -0.01442792 1.608383 -0.0339008 1.0
v -0.02130089 1.606759 -0.04166766 1.0
v -0.02776823 1.603448 -0.04934865 1.0
v -0.03329066 1.59971 -0.05706976 1.0
v -0.03822559 1.594861 -0.06502797 1.0
v -0.0425006 1.589103 -0.0726923 1.0
v -0.04599838 1.58245 -0.08019933 1.0
v -0.04871404 1.575004 -0.0872572 1.0
v -0.05113767 1.56689 -0.09357338 1.0
v -0.05348362 1.558143 -0.09906982 1.0
v -0.05551839 1.548838 -0.1037961 1.0
v -0.05719958 1.538971 -0.107683 1.0
v -0.05847022 1.528894 -0.1106031 1.0
v -0.05943602 1.518771 -0.1127901 1.0
v -0.06015801 1.508356 -0.1143939 1.0
v -0.06056662 1.498217 -0.1152756 1.0
v -0.06080062 1.487988 -0.1157286 1.0
v -0.06086949 1.477658 -0.1158018 1.0
v -0.06077443 1.467486 -0.1154935 1.0
v -0.06062643 1.457548 -0.1150469 1.0
v -0.06047784 1.447509 -0.1144483 1.0
v -0.06026803 1.437564 -0.113712 1.0
v -0.0600261 1.427712 -0.1129293 1.0
v -0.05977421 1.417814 -0.1121304 1.0
v -0.05950543 1.40798 -0.1113125 1.0
v -0.0592829 1.398171 -0.1105402 1.0
v -0.05924667 1.388346 -0.1097305 1.0
v -0.05894527 1.378546 -0.1092005 1.0
v -0.05777201 1.368771 -0.1093677 1.0
v -0.05599384 1.359146 -0.1100643 1.0
v -0.0546521 1.349406 -0.1107654 1.0
v -0.05422057 1.339623 -0.1112146 1.0
v -0.05403281 1.329814 -0.1117902 1.0
v -0.05354475 1.320037 -0.1127757 1.0
v -0.05290518 1.310282 -0.1140824 1.0
v -0.05180297 1.300594 -0.1158242 1.0
v -0.04984937 1.291187 -0.1181999 1.0
v -0.04726645 1.282038 -0.1210828 1.0
v -0.04468815 1.272876 -0.1240006 1.0
v -0.04257385 1.263515 -0.1266344 1.0
v -0.04068362 1.254098 -0.129226 1.0
v -0.01414672 1.605939 -0.02070568 1.0
v -0.007711741 1.602823 -0.02587395 1.0
v -0.00144378 1.605632 -0.03141 1.0
v -0.007878765 1.608747 -0.02624173 1.0
v -0.04076879 1.254049 -0.1291208 1.0
v -0.04063082 1.254082 -0.1291464 1.0
v -0.04054565 1.254131 -0.1292516 1.0
v -0.04068362 1.254098 -0.129226 1.0
v 0.0009315178 1.605633 -0.03140828 1.0
v 0.006326884 1.604795 -0.03992089 1.0
v 0.01164855 1.602771 -0.04832573 1.0
v 0.01596792 1.599472 -0.05604683 1.0
v 0.0193855 1.595963 -0.06364256 1.0
v 0.02237032 1.591634 -0.07134482 1.0
v 0.02509668 1.586439 -0.07900698 1.0
v 0.02707081 1.580495 -0.08578758 1.0
v 0.02868988 1.573358 -0.0924371 1.0
v 0.0303817 1.564959 -0.09888433 1.0
v 0.03200585 1.556461 -0.1045215 1.0
v 0.03337235 1.547414 -0.1093814 1.0
v 0.03442708 1.537826 -0.1133444 1.0
v 0.03512048 1.527961 -0.1163007 1.0
v 0.03556477 1.517998 -0.1185069 1.0
v 0.03581462 1.507824 -0.120096 1.0
v 0.03581411 1.497776 -0.1209212 1.0
v 0.03570418 1.487672 -0.1212992 1.0
v 0.03550244 1.477522 -0.1212472 1.0
v 0.03522499 1.467475 -0.1207795 1.0
v 0.03501199 1.457557 -0.1201758 1.0
v 0.03496944 1.447584 -0.1195706 1.0
v 0.03505101 1.437658 -0.1188035 1.0
v 0.03528889 1.427776 -0.1179456 1.0
v 0.03569641 1.417873 -0.1170605 1.0
v 0.03624602 1.407998 -0.116127 1.0
v 0.03698806 1.397711 -0.1152087 1.0
v 0.03803342 1.387974 -0.1142295 1.0
v 0.03893596 1.379814 -0.113426 1.0
v 0.03921616 1.372 -0.1131387 1.0
v 0.03868918 1.361935 -0.1136182 1.0
v 0.03855259 1.351129 -0.1141894 1.0
v 0.03934893 1.33994 -0.1145325 1.0
v 0.04043326 1.330149 -0.1148422 1.0
v 0.04133519 1.320806 -0.1154644 1.0
v 0.04220548 1.311215 -0.1163812 1.0
v 0.04276115 1.302047 -0.1175876 1.0
v 0.04261757 1.293108 -0.1193548 1.0
v 0.04178394 1.283649 -0.1218643 1.0
v 0.0408721 1.273787 -0.1245618 1.0
v 0.04043027 1.263889 -0.1269282 1.0
v 0.04003058 1.254125 -0.1292413 1.0
v 0.0009315178 1.605633 -0.03140828 1.0
v 0.006326884 1.604795 -0.03992089 1.0
v 0.01164855 1.602771 -0.04832573 1.0
v 0.01596792 1.599472 -0.05604683 1.0
v 0.0193855 1.595963 -0.06364256 1.0
v 0.02237032 1.591634 -0.07134482 1.0
v 0.02509668 1.586439 -0.07900698 1.0
v 0.02707081 1.580495 -0.08578758 1.0
v 0.02868988 1.573358 -0.0924371 1.0
v 0.0303817 1.564959 -0.09888433 1.0
v 0.03200585 1.556461 -0.1045215 1.0
v 0.03337235 1.547414 -0.1093814 1.0
v 0.03442708 1.537826 -0.1133444 1.0
v 0.03512048 1.527961 -0.1163007 1.0
v 0.03556477 1.517998 -0.1185069 1.0
v 0.03581462 1.507824 -0.120096 1.0
v 0.03581411 1.497776 -0.1209212 1.0
v 0.03570418 1.487672 -0.1212992 1.0
v 0.03550244 1.477522 -0.1212472 1.0
v 0.03522499 1.467475 -0.1207795 1.0
v 0.03501199 1.457557 -0.1201758 1.0
v 0.03496944 1.447584 -0.1195706 1.0
v 0.03505101 1.437658 -0.1188035 1.0
v 0.03528889 1.427776 -0.1179456 1.0
v 0.03569641 1.417873 -0.1170605 1.0
v 0.03624602 1.407998 -0.116127 1.0
v 0.03698806 1.397711 -0.1152087 1.0
v 0.03803342 1.387974 -0.1142295 1.0
v 0.03893596 1.379814 -0.113426 1.0
v 0.03921616 1.372 -0.1131387 1.0
v 0.03868918 1.361935 -0.1136182 1.0
v 0.03855259 1.351129 -0.1141894 1.0
v 0.03934893 1.33994 -0.1145325 1.0
v 0.04043326 1.330149 -0.1148422 1.0
v 0.04133519 1.320806 -0.1154644 1.0
v 0.04220548 1.311215 -0.1163812 1.0
v 0.04276115 1.302047 -0.1175876 1.0
v 0.04261757 1.293108 -0.1193548 1.0
v 0.04178394 1.283649 -0.1218643 1.0
v 0.0408721 1.273787 -0.1245618 1.0
v 0.04043027 1.263889 -0.1269282 1.0
v 0.04003058 1.254125 -0.1292413 1.0
v 0.007201535 1.602823 -0.02587488 1.0
v 0.01349667 1.601479 -0.03327333 1.0
v 0.01945763 1.598983 -0.04007438 1.0
v 0.02480843 1.595028 -0.04659054 1.0
v 0.02966648 1.590497 -0.05364085 1.0
v 0.0335774 1.585376 -0.06039549 1.0
v 0.03689149 1.579563 -0.06697439 1.0
v 0.03969683 1.573234 -0.07310103 1.0
v 0.04192292 1.566328 -0.07884613 1.0
v 0.04393012 1.558874 -0.08404245 1.0
v 0.04570568 1.550993 -0.08859869 1.0
v 0.04721681 1.542742 -0.09244921 1.0
v 0.04843677 1.534233 -0.09549329 1.0
v 0.04938877 1.525272 -0.09777635 1.0
v 0.05013081 1.515987 -0.09948236 1.0
v 0.05066909 1.506769 -0.100643 1.0
v 0.05100168 1.497107 -0.101215 1.0
v 0.05118996 1.487484 -0.1014048 1.0
v 0.05126965 1.47795 -0.1012715 1.0
v 0.05123817 1.468268 -0.1008199 1.0
v 0.05117587 1.458359 -0.1002932 1.0
v 0.05106115 1.44856 -0.09977468 1.0
v 0.05094008 1.438679 -0.09922386 1.0
v 0.05085376 1.428706 -0.09872609 1.0
v 0.05080925 1.41877 -0.09832788 1.0
v 0.05080101 1.408771 -0.09799869 1.0
v 0.05087646 1.398739 -0.09780188 1.0
v 0.05119602 1.388723 -0.0976302 1.0
v 0.0513304 1.378663 -0.09777147 1.0
v 0.05062466 1.368701 -0.09866142 1.0
v 0.04926875 1.35883 -0.1001555 1.0
v 0.04836288 1.34896 -0.1016548 1.0
v 0.04835893 1.338955 -0.1028925 1.0
v 0.04862144 1.328989 -0.1042322 1.0
v 0.04862849 1.319106 -0.1060452 1.0
v 0.04853664 1.309318 -0.1082382 1.0
v 0.04803905 1.299706 -0.1109076 1.0
v 0.04672713 1.29039 -0.1142667 1.0
v 0.04480697 1.281411 -0.1181541 1.0
v 0.04289966 1.272467 -0.1220692 1.0
v 0.04143551 1.263313 -0.1256846 1.0
v 0.0401157 1.254076 -0.1291361 1.0
v 0.01363758 1.605938 -0.02070762 1.0
v 0.02108007 1.605071 -0.02725803 1.0
v 0.02858276 1.602983 -0.03343048 1.0
v 0.03607115 1.599024 -0.03991904 1.0
v 0.04303059 1.594266 -0.04709843 1.0
v 0.04889302 1.588623 -0.05410764 1.0
v 0.05375702 1.582243 -0.06068526 1.0
v 0.05808764 1.575199 -0.06753264 1.0
v 0.06141173 1.567977 -0.07367703 1.0
v 0.06415243 1.560807 -0.0787337 1.0
v 0.06664843 1.552681 -0.08315137 1.0
v 0.06882857 1.544174 -0.08687495 1.0
v 0.07067682 1.53538 -0.08984467 1.0
v 0.07220808 1.526204 -0.09208596 1.0
v 0.07347337 1.51676 -0.09376638 1.0
v 0.07448822 1.507302 -0.09493751 1.0
v 0.07523608 1.49755 -0.09556312 1.0
v 0.07577436 1.4878 -0.09582479 1.0
v 0.07612897 1.478084 -0.09581157 1.0
v 0.07628366 1.468277 -0.09551334 1.0
v 0.07628929 1.458351 -0.0951406 1.0
v 0.07606734 1.448487 -0.09463087 1.0
v 0.07565352 1.438588 -0.09411465 1.0
v 0.07508633 1.428644 -0.09369666 1.0
v 0.07438311 1.418716 -0.09339005 1.0
v 0.07355808 1.408756 -0.09318249 1.0
v 0.07266983 1.399198 -0.09313475 1.0
v 0.07190774 1.389092 -0.09313139 1.0
v 0.0708377 1.377394 -0.09354479 1.0
v 0.06867975 1.365472 -0.09489163 1.0
v 0.06607475 1.356039 -0.09660784 1.0
v 0.06396484 1.347235 -0.09823944 1.0
v 0.06273186 1.338634 -0.09958239 1.0
v 0.06171965 1.328649 -0.101185 1.0
v 0.06033187 1.318329 -0.1033562 1.0
v 0.05872366 1.308376 -0.10593 1.0
v 0.05656288 1.298244 -0.1091273 1.0
v 0.05344062 1.288462 -0.1130927 1.0
v 0.04977295 1.279795 -0.1173564 1.0
v 0.04620056 1.27155 -0.1214955 1.0
v 0.04306411 1.262933 -0.1253799 1.0
v 0.04025365 1.254043 -0.1291104 1.0
v 0.01363758 1.605938 -0.02070762 1.0
v 0.02108007 1.605071 -0.02725803 1.0
v 0.02858276 1.602983 -0.03343048 1.0
v 0.03607115 1.599024 -0.03991904 1.0
v 0.04303059 1.594266 -0.04709843 1.0
v 0.04889302 1.588623 -0.05410764 1.0
v 0.05375702 1.582243 -0.06068526 1.0
v 0.05808764 1.575199 -0.06753264 1.0
v 0.06141173 1.567977 -0.07367703 1.0
v 0.06415243 1.560807 -0.0787337 1.0
v 0.06664843 1.552681 -0.08315137 1.0
v 0.06882857 1.544174 -0.08687495 1.0
v 0.07067682 1.53538 -0.08984467 1.0
v 0.07220808 1.526204 -0.09208596 1.0
v 0.07347337 1.51676 -0.09376638 1.0
v 0.07448822 1.507302 -0.09493751 1.0
v 0.07523608 1.49755 -0.09556312 1.0
v 0.07577436 1.4878 -0.09582479 1.0
v 0.07612897 1.478084 -0.09581157 1.0
v 0.07628366 1.468277 -0.09551334 1.0
v 0.07628929 1.458351 -0.0951406 1.0
v 0.07606734 1.448487 -0.09463087 1.0
v 0.07565352 1.438588 -0.09411465 1.0
v 0.07508633 1.428644 -0.09369666 1.0
v 0.07438311 1.418716 -0.09339005 1.0
v 0.07355808 1.408756 -0.09318249 1.0
v 0.07266983 1.399198 -0.09313475 1.0
v 0.07190774 1.389092 -0.09313139 1.0
v 0.0708377 1.377394 -0.09354479 1.0
v 0.06867975 1.365472 -0.09489163 1.0
v 0.06607475 1.356039 -0.09660784 1.0
v 0.06396484 1.347235 -0.09823944 1.0
v 0.06273186 1.338634 -0.09958239 1.0
v 0.06171965 1.328649 -0.101185 1.0
v 0.06033187 1.318329 -0.1033562 1.0
v 0.05872366 1.308376 -0.10593 1.0
v 0.05656288 1.298244 -0.1091273 1.0
v 0.05344062 1.288462 -0.1130927 1.0
v 0.04977295 1.279795 -0.1173564 1.0
v 0.04620056 1.27155 -0.1214955 1.0
v 0.04306411 1.262933 -0.1253799 1.0
v 0.04025365 1.254043 -0.1291104 1.0
v 0.007367566 1.608747 -0.02624102 1.0
v 0.01391029 1.608387 -0.03390558 1.0
v 0.02077368 1.606771 -0.04168183 1.0
v 0.02723064 1.603468 -0.04937533 1.0
v 0.03274962 1.599731 -0.05710014 1.0
v 0.03768593 1.59488 -0.06505696 1.0
v 0.04196221 1.589119 -0.07271784 1.0
v 0.04546162 1.58246 -0.08021919 1.0
v 0.04817869 1.575007 -0.08726799 1.0
v 0.050604 1.566892 -0.09357557 1.0
v 0.0529486 1.55815 -0.09907416 1.0
v 0.0549841 1.548846 -0.1038071 1.0
v 0.05666713 1.538974 -0.1076957 1.0
v 0.05793979 1.528893 -0.1106104 1.0
v 0.05890732 1.518771 -0.1127909 1.0
v 0.05963374 1.508358 -0.1143905 1.0
v 0.06004851 1.498219 -0.1152693 1.0
v 0.06028857 1.487988 -0.1157191 1.0
v 0.06036175 1.477656 -0.1157872 1.0
v 0.06027048 1.467484 -0.115473 1.0
v 0.06012541 1.457549 -0.1150232 1.0
v 0.05997562 1.447511 -0.1144268 1.0
v 0.05976445 1.437567 -0.1136943 1.0
v 0.05952146 1.427715 -0.1129161 1.0
v 0.05927029 1.417819 -0.1121226 1.0
v 0.0590031 1.407983 -0.1113108 1.0
v 0.05878143 1.39817 -0.1105416 1.0
v 0.05874513 1.388343 -0.1097307 1.0
v 0.05844326 1.378544 -0.1091994 1.0
v 0.05727125 1.368771 -0.1093689 1.0
v 0.05549518 1.359145 -0.1100705 1.0
v 0.05415453 1.349403 -0.1107741 1.0
v 0.05372186 1.339619 -0.1112224 1.0
v 0.05353146 1.329809 -0.111795 1.0
v 0.05303858 1.320029 -0.1127753 1.0
v 0.05239251 1.310272 -0.1140731 1.0
v 0.05128497 1.300586 -0.1158072 1.0
v 0.04933107 1.29118 -0.1181809 1.0
v 0.04674992 1.282032 -0.1210666 1.0
v 0.044173 1.27287 -0.1239881 1.0
v 0.04205887 1.26351 -0.1266235 1.0
v 0.04016853 1.254093 -0.1292157 1.0
v 0.0009315178 1.605633 -0.03140828 1.0
v 0.007201535 1.602823 -0.02587488 1.0
v 0.01363758 1.605938 -0.02070762 1.0
v 0.007367566 1.608747 -0.02624102 1.0
v 0.04003058 1.254125 -0.1292413 1.0
v 0.0401157 1.254076 -0.1291361 1.0
v 0.04025365 1.254043 -0.1291104 1.0
v 0.04016853 1.254093 -0.1292157 1.0
v -0.009798207 1.606666 -0.01715644 1.0
v -0.01775666 1.606281 -0.02318449 1.0
v -0.02553726 1.604 -0.02876671 1.0
v -0.03307623 1.601023 -0.03350977 1.0
v -0.04087584 1.59786 -0.0379991 1.0
v -0.04891076 1.593741 -0.04274267 1.0
v -0.05660015 1.588002 -0.04785931 1.0
v -0.06278524 1.581016 -0.05241472 1.0
v -0.06768555 1.573594 -0.05615998 1.0
v -0.07219764 1.565833 -0.05958078 1.0
v -0.0762435 1.557509 -0.06258033 1.0
v -0.07981975 1.548969 -0.06516752 1.0
v -0.08313148 1.540113 -0.06740643 1.0
v -0.08609103 1.530172 -0.0694977 1.0
v -0.08798761 1.520312 -0.07112647 1.0
v -0.0890237 1.510114 -0.07234915 1.0
v -0.08926607 1.498413 -0.07412536 1.0
v -0.0883573 1.485768 -0.07728737 1.0
v -0.08679685 1.476131 -0.07968207 1.0
v -0.08567244 1.468626 -0.08090141 1.0
v -0.0844854 1.459702 -0.0819972 1.0
v -0.08304767 1.449757 -0.08318184 1.0
v -0.08120702 1.439232 -0.08476661 1.0
v -0.07908855 1.429416 -0.08651924 1.0
v -0.07688749 1.420293 -0.08819554 1.0
v -0.07462696 1.411177 -0.08977748 1.0
v -0.07223305 1.401942 -0.0912898 1.0
v -0.06983995 1.392768 -0.09281241 1.0
v -0.06739482 1.383196 -0.09444913 1.0
v -0.06495719 1.373945 -0.09610369 1.0
v -0.06303728 1.365531 -0.09753229 1.0
v -0.0619032 1.35768 -0.09856988 1.0
v -0.06134684 1.348454 -0.09948309 1.0
v -0.06088135 1.337903 -0.1007103 1.0
v -0.0602835 1.328078 -0.1022573 1.0
v -0.05955087 1.317804 -0.1041847 1.0
v -0.05818949 1.307092 -0.1067738 1.0
v -0.05564952 1.296828 -0.1102825 1.0
v -0.05259469 1.288111 -0.1141179 1.0
v -0.04986359 1.279549 -0.1177154 1.0
v -0.04767344 1.270645 -0.1210238 1.0
v -0.04565223 1.261467 -0.1243124 1.0
v -0.0436229 1.252251 -0.127591 1.0
v -0.009798207 1.606666 -0.01715644 1.0
v -0.01775666 1.606281 -0.02318449 1.0
v -0.02553726 1.604 -0.02876671 1.0
v -0.03307623 1.601023 -0.03350977 1.0
v -0.04087584 1.59786 -0.0379991 1.0
v -0.04891076 1.593741 -0.04274267 1.0
v -0.05660015 1.588002 -0.04785931 1.0
v -0.06278524 1.581016 -0.05241472 1.0
v -0.06768555 1.573594 -0.05615998 1.0
v -0.07219764 1.565833 -0.05958078 1.0
v -0.0762435 1.557509 -0.06258033 1.0
v -0.07981975 1.548969 -0.06516752 1.0
v -0.08313148 1.540113 -0.06740643 1.0
v -0.08609103 1.530172 -0.0694977 1.0
v -0.08798761 1.520312 -0.07112647 1.0
v -0.0890237 1.510114 -0.07234915 1.0
v -0.08926607 1.498413 -0.07412536 1.0
v -0.0883573 1.485768 -0.07728737 1.0
v -0.08679685 1.476131 -0.07968207 1.0
v -0.08567244 1.468626 -0.08090141 1.0
v -0.0844854 1.459702 -0.0819972 1.0
v -0.08304767 1.449757 -0.08318184 1.0
v -0.08120702 1.439232 -0.08476661 1.0
v -0.07908855 1.429416 -0.08651924 1.0
v -0.07688749 1.420293 -0.08819554 1.0
v -0.07462696 1.411177 -0.08977748 1.0
v -0.07223305 1.401942 -0.0912898 1.0
v -0.06983995 1.392768 -0.09281241 1.0
v -0.06739482 1.383196 -0.09444913 1.0
v -0.06495719 1.373945 -0.09610369 1.0
v -0.06303728 1.365531 -0.09753229 1.0
v -0.0619032 1.35768 -0.09856988 1.0
v -0.06134684 1.348454 -0.09948309 1.0
v -0.06088135 1.337903 -0.1007103 1.0
v -0.0602835 1.328078 -0.1022573 1.0
v -0.05955087 1.317804 -0.1041847 1.0
v -0.05818949 1.307092 -0.1067738 1.0
v -0.05564952 1.296828 -0.1102825 1.0
v -0.05259469 1.288111 -0.1141179 1.0
v -0.04986359 1.279549 -0.1177154 1.0
v -0.04767344 1.270645 -0.1210238 1.0
v -0.04565223 1.261467 -0.1243124 1.0
v -0.0436229 1.252251 -0.127591 1.0
v -0.003994447 1.603389 -0.02293576 1.0
v -0.01077893 1.602556 -0.02976022 1.0
v -0.01687646 1.599991 -0.03586573 1.0
v -0.02357559 1.596372 -0.04200147 1.0
v -0.03026483 1.59244 -0.04743077 1.0
v -0.03669023 1.587884 -0.05250152 1.0
v -0.04233103 1.582652 -0.05748099 1.0
v -0.04708128 1.576681 -0.06246854 1.0
v -0.05120085 1.570047 -0.06704932 1.0
v -0.05488098 1.562807 -0.07077063 1.0
v -0.0581545 1.554774 -0.07395243 1.0
v -0.06110512 1.546283 -0.07679655 1.0
v -0.06373033 1.5377 -0.07914841 1.0
v -0.06582316 1.528976 -0.08106637 1.0
v -0.06708638 1.520187 -0.08267799 1.0
v -0.06763929 1.510737 -0.08396425 1.0
v -0.06743266 1.501312 -0.08540951 1.0
v -0.06628361 1.492094 -0.08739926 1.0
v -0.06447111 1.482997 -0.08955899 1.0
v -0.06282872 1.473755 -0.09112226 1.0
v -0.06137199 1.464334 -0.09207102 1.0
v -0.0598705 1.454713 -0.09286355 1.0
v -0.05819698 1.445065 -0.09384874 1.0
v -0.05634113 1.43553 -0.09500723 1.0
v -0.05444909 1.425989 -0.09617627 1.0
v -0.052676 1.416472 -0.09720408 1.0
v -0.05092398 1.406837 -0.09812483 1.0
v -0.04927398 1.397037 -0.09906163 1.0
v -0.04779229 1.387258 -0.1001281 1.0
v -0.04639028 1.377519 -0.1013144 1.0
v -0.04547071 1.367618 -0.1024109 1.0
v -0.04547653 1.357652 -0.1031424 1.0
v -0.04617424 1.347699 -0.1036328 1.0
v -0.04687928 1.337755 -0.1043926 1.0
v -0.0475056 1.327851 -0.1055331 1.0
v -0.04810782 1.318031 -0.1069889 1.0
v -0.04824738 1.308313 -0.1089853 1.0
v -0.04741388 1.298842 -0.1118724 1.0
v -0.04598298 1.289697 -0.1153674 1.0
v -0.04489348 1.280481 -0.1187095 1.0
v -0.04438896 1.271088 -0.1217272 1.0
v -0.04404338 1.261668 -0.1246609 1.0
v -0.04348345 1.252273 -0.1276201 1.0
v 0.001945669 1.606045 -0.02889258 1.0
v -0.003993784 1.605735 -0.03680734 1.0
v -0.009817634 1.603626 -0.04472258 1.0
v -0.01609019 1.600378 -0.05258106 1.0
v -0.02241824 1.596411 -0.05982386 1.0
v -0.02810622 1.591883 -0.06625669 1.0
v -0.03293718 1.587181 -0.07217966 1.0
v -0.03777261 1.581884 -0.07836701 1.0
v -0.04264539 1.575305 -0.08442922 1.0
v -0.04669337 1.567431 -0.08936671 1.0
v -0.04994354 1.558878 -0.09343971 1.0
v -0.05282842 1.549873 -0.09707697 1.0
v -0.05533212 1.540666 -0.1001431 1.0
v -0.05704636 1.531994 -0.1025119 1.0
v -0.05811466 1.522749 -0.1046612 1.0
v -0.05843253 1.513502 -0.1063289 1.0
v -0.05790497 1.505775 -0.1078089 1.0
v -0.05632674 1.499428 -0.1092303 1.0
v -0.05416232 1.490296 -0.1115495 1.0
v -0.05193916 1.478683 -0.1136997 1.0
v -0.05004168 1.468261 -0.1147288 1.0
v -0.04825035 1.458843 -0.1152999 1.0
v -0.04642788 1.450117 -0.1158014 1.0
v -0.04441858 1.440805 -0.1163829 1.0
v -0.04238508 1.430809 -0.1169332 1.0
v -0.04056099 1.420734 -0.1172063 1.0
v -0.03890054 1.410743 -0.1172282 1.0
v -0.03746061 1.400641 -0.117164 1.0
v -0.03639046 1.390889 -0.1171524 1.0
v -0.0354768 1.3808 -0.1172763 1.0
v -0.03504515 1.36971 -0.1173667 1.0
v -0.0356673 1.357885 -0.1170876 1.0
v -0.03705573 1.347424 -0.1164693 1.0
v -0.03836979 1.338308 -0.116094 1.0
v -0.03967432 1.328502 -0.1161304 1.0
v -0.04103704 1.319197 -0.1163432 1.0
v -0.04208543 1.310468 -0.1168981 1.0
v -0.04237022 1.301782 -0.1182222 1.0
v -0.04191832 1.292072 -0.1204299 1.0
v -0.04181304 1.281996 -0.1225534 1.0
v -0.04234938 1.271924 -0.1243003 1.0
v -0.04304398 1.262062 -0.1259241 1.0
v -0.04339689 1.252311 -0.1277288 1.0
v 0.001945669 1.606045 -0.02889258 1.0
v -0.003993784 1.605735 -0.03680734 1.0
v -0.009817634 1.603626 -0.04472258 1.0
v -0.01609019 1.600378 -0.05258106 1.0
v -0.02241824 1.596411 -0.05982386 1.0
v -0.02810622 1.591883 -0.06625669 1.0
v -0.03293718 1.587181 -0.07217966 1.0
v -0.03777261 1.581884 -0.07836701 1.0
v -0.04264539 1.575305 -0.08442922 1.0
v -0.04669337 1.567431 -0.08936671 1.0
v -0.04994354 1.558878 -0.09343971 1.0
v -0.05282842 1.549873 -0.09707697 1.0
v -0.05533212 1.540666 -0.1001431 1.0
v -0.05704636 1.531994 -0.1025119 1.0
v -0.05811466 1.522749 -0.1046612 1.0
v -0.05843253 1.513502 -0.1063289 1.0
v -0.05790497 1.505775 -0.1078089 1.0
v -0.05632674 1.499428 -0.1092303 1.0
v -0.05416232 1.490296 -0.1115495 1.0
v -0.05193916 1.478683 -0.1136997 1.0
v -0.05004168 1.468261 -0.1147288 1.0
v -0.04825035 1.458843 -0.1152999 1.0
v -0.04642788 1.450117 -0.1158014 1.0
v -0.04441858 1.440805 -0.1163829 1.0
v -0.04238508 1.430809 -0.1169332 1.0
v -0.04056099 1.420734 -0.1172063 1.0
v -0.03890054 1.410743 -0.1172282 1.0
v -0.03746061 1.400641 -0.117164 1.0
v -0.03639046 1.390889 -0.1171524 1.0
v -0.0354768 1.3808 -0.1172763 1.0
v -0.03504515 1.36971 -0.1173667 1.0
v -0.0356673 1.357885 -0.1170876 1.0
v -0.03705573 1.347424 -0.1164693 1.0
v -0.03836979 1.338308 -0.116094 1.0
v -0.03967432 1.328502 -0.1161304 1.0
v -0.04103704 1.319197 -0.1163432 1.0
v -0.04208543 1.310468 -0.1168981 1.0
v -0.04237022 1.301782 -0.1182222 1.0
v -0.04191832 1.292072 -0.1204299 1.0
v -0.04181304 1.281996 -0.1225534 1.0
v -0.04234938 1.271924 -0.1243003 1.0
v -0.04304398 1.262062 -0.1259241 1.0
v -0.04339689 1.252311 -0.1277288 1.0
v -0.003858092 1.609322 -0.02311325 1.0
v -0.01097151 1.60946 -0.03023162 1.0
v -0.01847844 1.607635 -0.03762356 1.0
v -0.02559083 1.605029 -0.04408937 1.0
v -0.03302925 1.601831 -0.05039218 1.0
v -0.04032674 1.59774 -0.05649783 1.0
v -0.0472063 1.592531 -0.06255797 1.0
v -0.05347657 1.586219 -0.06831319 1.0
v -0.05913009 1.578852 -0.07353986 1.0
v -0.06401002 1.570457 -0.07817686 1.0
v -0.06803253 1.561613 -0.08206762 1.0
v -0.07154305 1.552559 -0.08544793 1.0
v -0.07473326 1.543079 -0.08840114 1.0
v -0.07731423 1.53319 -0.09094327 1.0
v -0.07901589 1.522873 -0.09310964 1.0
v -0.07981694 1.51288 -0.09471382 1.0
v -0.07973837 1.502876 -0.09652479 1.0
v -0.07840042 1.493102 -0.09911837 1.0
v -0.07648806 1.48343 -0.1016726 1.0
v -0.07478288 1.473554 -0.1034789 1.0
v -0.07315511 1.463628 -0.104655 1.0
v -0.07142752 1.453887 -0.1056182 1.0
v -0.06943793 1.444285 -0.1067193 1.0
v -0.06716602 1.43469 -0.1078949 1.0
v -0.06482348 1.425113 -0.1089524 1.0
v -0.06251195 1.415439 -0.1097797 1.0
v -0.06020962 1.405848 -0.1103932 1.0
v -0.05802658 1.396372 -0.1109147 1.0
v -0.05599299 1.386827 -0.1114734 1.0
v -0.0540437 1.377226 -0.1120656 1.0
v -0.05261172 1.367623 -0.1124881 1.0
v -0.05209397 1.357913 -0.1125151 1.0
v -0.05222834 1.348179 -0.1123196 1.0
v -0.05237186 1.338456 -0.1124117 1.0
v -0.05245223 1.328729 -0.1128547 1.0
v -0.05248009 1.31897 -0.113539 1.0
v -0.05202754 1.309247 -0.1146866 1.0
v -0.05060586 1.299769 -0.1166324 1.0
v -0.04853003 1.290486 -0.1191804 1.0
v -0.04678316 1.281064 -0.1215592 1.0
v -0.04563385 1.271481 -0.1235969 1.0
v -0.04465283 1.261861 -0.1255756 1.0
v -0.04353634 1.252289 -0.1276997 1.0
v -0.009798207 1.606666 -0.01715644 1.0
v -0.003994447 1.603389 -0.02293576 1.0
v 0.001945669 1.606045 -0.02889258 1.0
v -0.003858092 1.609322 -0.02311325 1.0
v -0.0436229 1.252251 -0.127591 1.0
v -0.04348345 1.252273 -0.1276201 1.0
v -0.04339689 1.252311 -0.1277288 1.0
v -0.04353634 1.252289 -0.1276997 1.0
v -0.002456373 1.606045 -0.0288925 1.0
v 0.003482933 1.605733 -0.03680723 1.0
v 0.009306412 1.603621 -0.04472204 1.0
v 0.01558006 1.600378 -0.05258133 1.0
v 0.02191255 1.596426 -0.05982893 1.0
v 0.02760744 1.591913 -0.06626967 1.0
v 0.03243994 1.587207 -0.07219357 1.0
v 0.03725553 1.581873 -0.07836103 1.0
v 0.04209633 1.575261 -0.08439719 1.0
v 0.04613186 1.56739 -0.08932529 1.0
v 0.0493831 1.558846 -0.09339981 1.0
v 0.0522676 1.549844 -0.09703682 1.0
v 0.05476356 1.540637 -0.1000948 1.0
v 0.05646664 1.531969 -0.1024515 1.0
v 0.05752422 1.522731 -0.1045895 1.0
v 0.05783266 1.513487 -0.1062478 1.0
v 0.0572977 1.505762 -0.1077184 1.0
v 0.0557395 1.49942 -0.1091521 1.0
v 0.05359522 1.490291 -0.1114885 1.0
v 0.05138418 1.47868 -0.1136511 1.0
v 0.04949456 1.468259 -0.1146877 1.0
v 0.04771341 1.458841 -0.1152686 1.0
v 0.04590157 1.450116 -0.115781 1.0
v 0.0438991 1.440804 -0.1163711 1.0
v 0.04187108 1.430807 -0.1169294 1.0
v 0.04005098 1.420731 -0.1172084 1.0
v 0.03839438 1.41074 -0.1172352 1.0
v 0.03695839 1.400637 -0.1171756 1.0
v 0.03589474 1.390883 -0.1171725 1.0
v 0.03498883 1.380794 -0.1173052 1.0
v 0.03456052 1.369705 -0.1173961 1.0
v 0.03517601 1.357884 -0.1171045 1.0
v 0.03655352 1.347423 -0.1164744 1.0
v 0.03786115 1.338304 -0.116095 1.0
v 0.03916156 1.328497 -0.1161279 1.0
v 0.04052288 1.319191 -0.1163405 1.0
v 0.04157245 1.310462 -0.1168985 1.0
v 0.04185758 1.301776 -0.1182238 1.0
v 0.04140429 1.292066 -0.1204292 1.0
v 0.0412977 1.28199 -0.1225504 1.0
v 0.04183213 1.271917 -0.1242949 1.0
v 0.04252451 1.262054 -0.1259162 1.0
v 0.04287842 1.252304 -0.1277216 1.0
v -0.002456373 1.606045 -0.0288925 1.0
v 0.003482933 1.605733 -0.03680723 1.0
v 0.009306412 1.603621 -0.04472204 1.0
v 0.01558006 1.600378 -0.05258133 1.0
v 0.02191255 1.596426 -0.05982893 1.0
v 0.02760744 1.591913 -0.06626967 1.0
v 0.03243994 1.587207 -0.07219357 1.0
v 0.03725553 1.581873 -0.07836103 1.0
v 0.04209633 1.575261 -0.08439719 1.0
v 0.04613186 1.56739 -0.08932529 1.0
v 0.0493831 1.558846 -0.09339981 1.0
v 0.0522676 1.549844 -0.09703682 1.0
v 0.05476356 1.540637 -0.1000948 1.0
v 0.05646664 1.531969 -0.1024515 1.0
v 0.05752422 1.522731 -0.1045895 1.0
v 0.05783266 1.513487 -0.1062478 1.0
v 0.0572977 1.505762 -0.1077184 1.0
v 0.0557395 1.49942 -0.1091521 1.0
v 0.05359522 1.490291 -0.1114885 1.0
v 0.05138418 1.47868 -0.1136511 1.0
v 0.04949456 1.468259 -0.1146877 1.0
v 0.04771341 1.458841 -0.1152686 1.0
v 0.04590157 1.450116 -0.115781 1.0
v 0.0438991 1.440804 -0.1163711 1.0
v 0.04187108 1.430807 -0.1169294 1.0
v 0.04005098 1.420731 -0.1172084 1.0
v 0.03839438 1.41074 -0.1172352 1.0
v 0.03695839 1.400637 -0.1171756 1.0
v 0.03589474 1.390883 -0.1171725 1.0
v 0.03498883 1.380794 -0.1173052 1.0
v 0.03456052 1.369705 -0.1173961 1.0
v 0.03517601 1.357884 -0.1171045 1.0
v 0.03655352 1.347423 -0.1164744 1.0
v 0.03786115 1.338304 -0.116095 1.0
v 0.03916156 1.328497 -0.1161279 1.0
v 0.04052288 1.319191 -0.1163405 1.0
v 0.04157245 1.310462 -0.1168985 1.0
v 0.04185758 1.301776 -0.1182238 1.0
v 0.04140429 1.292066 -0.1204292 1.0
v 0.0412977 1.28199 -0.1225504 1.0
v 0.04183213 1.271917 -0.1242949 1.0
v 0.04252451 1.262054 -0.1259162 1.0
v 0.04287842 1.252304 -0.1277216 1.0
v 0.003483559 1.603389 -0.02293551 1.0
v 0.01026759 1.602554 -0.02975974 1.0
v 0.01636421 1.599986 -0.03586457 1.0
v 0.02306354 1.596367 -0.04200254 1.0
v 0.02975133 1.592436 -0.04743687 1.0
v 0.03617368 1.587883 -0.05251255 1.0
v 0.04181342 1.582654 -0.05748935 1.0
v 0.04657272 1.576682 -0.06246378 1.0
v 0.05070532 1.570043 -0.06703179 1.0
v 0.05439487 1.562801 -0.07075377 1.0
v 0.05767446 1.554775 -0.07393964 1.0
v 0.06062441 1.546295 -0.07678198 1.0
v 0.06324267 1.537715 -0.0791266 1.0
v 0.06532908 1.528983 -0.08103672 1.0
v 0.06659002 1.520188 -0.08264278 1.0
v 0.06714277 1.510735 -0.08392418 1.0
v 0.06693709 1.501306 -0.08536534 1.0
v 0.06578148 1.492085 -0.08736039 1.0
v 0.06396115 1.48299 -0.08952562 1.0
v 0.06231223 1.473753 -0.09109217 1.0
v 0.06084976 1.464334 -0.09204208 1.0
v 0.05934266 1.454711 -0.0928371 1.0
v 0.05766703 1.445058 -0.09382775 1.0
v 0.05581473 1.435521 -0.09499381 1.0
v 0.05392865 1.42598 -0.09617051 1.0
v 0.05216096 1.416463 -0.09720415 1.0
v 0.05041376 1.406829 -0.09813013 1.0
v 0.0487689 1.397028 -0.09907227 1.0
v 0.04729191 1.387247 -0.1001463 1.0
v 0.04589738 1.377508 -0.1013409 1.0
v 0.0449854 1.367612 -0.1024401 1.0
v 0.0449922 1.357653 -0.1031641 1.0
v 0.0456809 1.347702 -0.1036443 1.0
v 0.04637531 1.337753 -0.1043969 1.0
v 0.04699546 1.327847 -0.1055324 1.0
v 0.04759221 1.318026 -0.106985 1.0
v 0.04772707 1.308307 -0.1089801 1.0
v 0.04689267 1.298835 -0.1118677 1.0
v 0.0454648 1.28969 -0.1153636 1.0
v 0.04437682 1.280475 -0.1187055 1.0
v 0.04387082 1.271082 -0.121721 1.0
v 0.04352336 1.26166 -0.1246525 1.0
v 0.04296498 1.252265 -0.1276129 1.0
v 0.009287646 1.606666 -0.0171565 1.0
v 0.01724595 1.606279 -0.0231845 1.0
v 0.0250258 1.603994 -0.02876589 1.0
v 0.03256389 1.601013 -0.0335077 1.0
v 0.04036035 1.59784 -0.03799363 1.0
v 0.04839011 1.593711 -0.04273168 1.0
v 0.05607849 1.587979 -0.04784789 1.0
v 0.06228085 1.581025 -0.05242031 1.0
v 0.0672118 1.573633 -0.05618988 1.0
v 0.07174329 1.565877 -0.05962697 1.0
v 0.07580026 1.557555 -0.06263732 1.0
v 0.07938119 1.549016 -0.06522912 1.0
v 0.08268893 1.540152 -0.06746447 1.0
v 0.08564255 1.530199 -0.06955037 1.0
v 0.08754005 1.520328 -0.07118017 1.0
v 0.08858036 1.510127 -0.07240678 1.0
v 0.08882698 1.498423 -0.07418725 1.0
v 0.08789673 1.485772 -0.07733141 1.0
v 0.08631407 1.476131 -0.07970562 1.0
v 0.08517341 1.468625 -0.08091013 1.0
v 0.08397387 1.4597 -0.08199359 1.0
v 0.08252382 1.449755 -0.08316492 1.0
v 0.08067688 1.439229 -0.0847427 1.0
v 0.07856163 1.429412 -0.08649985 1.0
v 0.07636654 1.42029 -0.08818387 1.0
v 0.07411169 1.411175 -0.0897727 1.0
v 0.07172289 1.40194 -0.09129114 1.0
v 0.06933531 1.392765 -0.09282023 1.0
v 0.06689491 1.383194 -0.09446219 1.0
v 0.06446437 1.373942 -0.09612454 1.0
v 0.06255203 1.365527 -0.09756073 1.0
v 0.06142123 1.357672 -0.09860003 1.0
v 0.06085711 1.348445 -0.09950546 1.0
v 0.06037907 1.337895 -0.1007207 1.0
v 0.05977438 1.32807 -0.1022603 1.0
v 0.05903487 1.317796 -0.1041794 1.0
v 0.05766692 1.307083 -0.1067601 1.0
v 0.05512585 1.296819 -0.1102676 1.0
v 0.05207535 1.288103 -0.1141091 1.0
v 0.04934654 1.279542 -0.1177098 1.0
v 0.04715498 1.270638 -0.1210167 1.0
v 0.04513204 1.261459 -0.1243034 1.0
v 0.04310443 1.252244 -0.1275838 1.0
v 0.009287646 1.606666 -0.0171565 1.0
v 0.01724595 1.606279 -0.0231845 1.0
v 0.0250258 1.603994 -0.02876589 1.0
v 0.03256389 1.601013 -0.0335077 1.0
v 0.04036035 1.59784 -0.03799363 1.0
v 0.04839011 1.593711 -0.04273168 1.0
v 0.05607849 1.587979 -0.04784789 1.0
v 0.06228085 1.581025 -0.05242031 1.0
v 0.0672118 1.573633 -0.05618988 1.0
v 0.07174329 1.565877 -0.05962697 1.0
v 0.07580026 1.557555 -0.06263732 1.0
v 0.07938119 1.549016 -0.06522912 1.0
v 0.08268893 1.540152 -0.06746447 1.0
v 0.08564255 1.530199 -0.06955037 1.0
v 0.08754005 1.520328 -0.07118017 1.0
v 0.08858036 1.510127 -0.07240678 1.0
v 0.08882698 1.498423 -0.07418725 1.0
v 0.08789673 1.485772 -0.07733141 1.0
v 0.08631407 1.476131 -0.07970562 1.0
v 0.08517341 1.468625 -0.08091013 1.0
v 0.08397387 1.4597 -0.08199359 1.0
v 0.08252382 1.449755 -0.08316492 1.0
v 0.08067688 1.439229 -0.0847427 1.0
v 0.07856163 1.429412 -0.08649985 1.0
v 0.07636654 1.42029 -0.08818387 1.0
v 0.07411169 1.411175 -0.0897727 1.0
v 0.07172289 1.40194 -0.09129114 1.0
v 0.06933531 1.392765 -0.09282023 1.0
v 0.06689491 1.383194 -0.09446219 1.0
v 0.06446437 1.373942 -0.09612454 1.0
v 0.06255203 1.365527 -0.09756073 1.0
v 0.06142123 1.357672 -0.09860003 1.0
v 0.06085711 1.348445 -0.09950546 1.0
v 0.06037907 1.337895 -0.1007207 1.0
v 0.05977438 1.32807 -0.1022603 1.0
v 0.05903487 1.317796 -0.1041794 1.0
v 0.05766692 1.307083 -0.1067601 1.0
v 0.05512585 1.296819 -0.1102676 1.0
v 0.05207535 1.288103 -0.1141091 1.0
v 0.04934654 1.279542 -0.1177098 1.0
v 0.04715498 1.270638 -0.1210167 1.0
v 0.04513204 1.261459 -0.1243034 1.0
v 0.04310443 1.252244 -0.1275838 1.0
v 0.003347714 1.609322 -0.0231135 1.0
v 0.01046129 1.609458 -0.030232 1.0
v 0.017968 1.60763 -0.03762336 1.0
v 0.0250804 1.605024 -0.04408649 1.0
v 0.03252157 1.601829 -0.05038569 1.0
v 0.03982388 1.597741 -0.0564888 1.0
v 0.04670501 1.592532 -0.06255212 1.0
v 0.05296367 1.586216 -0.06831756 1.0
v 0.05860281 1.578852 -0.07355528 1.0
v 0.06348027 1.570466 -0.07819849 1.0
v 0.06750891 1.561626 -0.08209749 1.0
v 0.07102438 1.552564 -0.08548396 1.0
v 0.07420982 1.543074 -0.08843266 1.0
v 0.0767801 1.533185 -0.09096513 1.0
v 0.07847425 1.522871 -0.09312689 1.0
v 0.07927024 1.512878 -0.09473038 1.0
v 0.07918761 1.502879 -0.09654035 1.0
v 0.07785477 1.493106 -0.09912312 1.0
v 0.07594815 1.483432 -0.1016685 1.0
v 0.07424536 1.473552 -0.1034691 1.0
v 0.07261867 1.463625 -0.1046392 1.0
v 0.07089456 1.453886 -0.1055964 1.0
v 0.06891141 1.444288 -0.1066959 1.0
v 0.06664599 1.434695 -0.1078771 1.0
v 0.06430896 1.425117 -0.1089428 1.0
v 0.06200169 1.415442 -0.1097769 1.0
v 0.05970351 1.40585 -0.1103962 1.0
v 0.0575248 1.396374 -0.1109236 1.0
v 0.05549775 1.38683 -0.1114884 1.0
v 0.05355582 1.377229 -0.1120888 1.0
v 0.05212715 1.36762 -0.1125167 1.0
v 0.05160504 1.357903 -0.1125404 1.0
v 0.05172973 1.348166 -0.1123356 1.0
v 0.05186491 1.338446 -0.1124188 1.0
v 0.05194047 1.32872 -0.1128558 1.0
v 0.05196554 1.318961 -0.1135349 1.0
v 0.0515123 1.309239 -0.1146784 1.0
v 0.05009076 1.299761 -0.1166237 1.0
v 0.04801485 1.290479 -0.1191747 1.0
v 0.04626741 1.281057 -0.1215547 1.0
v 0.04511629 1.271473 -0.1235906 1.0
v 0.04413318 1.261854 -0.1255671 1.0
v 0.04301786 1.252282 -0.1276925 1.0
v -0.002456373 1.606045 -0.0288925 1.0
v 0.003483559 1.603389 -0.02293551 1.0
v 0.009287646 1.606666 -0.0171565 1.0
v 0.003347714 1.609322 -0.0231135 1.0
v 0.04287842 1.252304 -0.1277216 1.0
v 0.04296498 1.252265 -0.1276129 1.0
v 0.04310443 1.252244 -0.1275838 1.0
v 0.04301786 1.252282 -0.1276925 1.0
v -0.008372025 1.606758 -0.01923621 1.0
v -0.01780396 1.606302 -0.02287034 1.0
v -0.02700939 1.604133 -0.02610054 1.0
v -0.03560368 1.601006 -0.02839012 1.0
v -0.0442486 1.598079 -0.03009504 1.0
v -0.05350606 1.594044 -0.0319671 1.0
v -0.06273911 1.587932 -0.03445044 1.0
v -0.0700998 1.580723 -0.03676949 1.0
v -0.07568191 1.573636 -0.03823899 1.0
v -0.08042423 1.566691 -0.03873064 1.0
v -0.08589058 1.557275 -0.03918801 1.0
v -0.09135848 1.545367 -0.04097012 1.0
v -0.09483752 1.534632 -0.04340224 1.0
v -0.09676821 1.526162 -0.0449387 1.0
v -0.09821355 1.518005 -0.04547653 1.0
v -0.09975161 1.507073 -0.04586525 1.0
v -0.1007102 1.493853 -0.04734426 1.0
v -0.1005295 1.482409 -0.04970267 1.0
v -0.09979588 1.473219 -0.05177015 1.0
v -0.09915388 1.464076 -0.05357125 1.0
v -0.09844594 1.45441 -0.05533271 1.0
v -0.09717049 1.44357 -0.05757195 1.0
v -0.09508803 1.432434 -0.06050923 1.0
v -0.0927517 1.4229 -0.06336679 1.0
v -0.0907344 1.41474 -0.06577313 1.0
v -0.08885261 1.406013 -0.06817259 1.0
v -0.08702182 1.397165 -0.07047267 1.0
v -0.08529663 1.388597 -0.07252693 1.0
v -0.08360801 1.379287 -0.07440073 1.0
v -0.08172823 1.368868 -0.07657912 1.0
v -0.07964753 1.358876 -0.07911208 1.0
v -0.07749118 1.349214 -0.08182965 1.0
v -0.07544311 1.339809 -0.08470589 1.0
v -0.0735477 1.330252 -0.08776137 1.0
v -0.07155961 1.320467 -0.09116005 1.0
v -0.06923261 1.311073 -0.09477652 1.0
v -0.06671509 1.301682 -0.09876284 1.0
v -0.06381799 1.292694 -0.1030988 1.0
v -0.06035458 1.283833 -0.108291 1.0
v -0.05631789 1.275795 -0.1136226 1.0
v -0.05211993 1.268121 -0.1186003 1.0
v -0.04780993 1.260232 -0.1231663 1.0
v -0.04361595 1.252218 -0.1276031 1.0
v -0.008372025 1.606758 -0.01923621 1.0
v -0.01780396 1.606302 -0.02287034 1.0
v -0.02700939 1.604133 -0.02610054 1.0
v -0.03560368 1.601006 -0.02839012 1.0
v -0.0442486 1.598079 -0.03009504 1.0
v -0.05350606 1.594044 -0.0319671 1.0
v -0.06273911 1.587932 -0.03445044 1.0
v -0.0700998 1.580723 -0.03676949 1.0
v -0.07568191 1.573636 -0.03823899 1.0
v -0.08042423 1.566691 -0.03873064 1.0
v -0.08589058 1.557275 -0.03918801 1.0
v -0.09135848 1.545367 -0.04097012 1.0
v -0.09483752 1.534632 -0.04340224 1.0
v -0.09676821 1.526162 -0.0449387 1.0
v -0.09821355 1.518005 -0.04547653 1.0
v -0.09975161 1.507073 -0.04586525 1.0
v -0.1007102 1.493853 -0.04734426 1.0
v -0.1005295 1.482409 -0.04970267 1.0
v -0.09979588 1.473219 -0.05177015 1.0
v -0.09915388 1.464076 -0.05357125 1.0
v -0.09844594 1.45441 -0.05533271 1.0
v -0.09717049 1.44357 -0.05757195 1.0
v -0.09508803 1.432434 -0.06050923 1.0
v -0.0927517 1.4229 -0.06336679 1.0
v -0.0907344 1.41474 -0.06577313 1.0
v -0.08885261 1.406013 -0.06817259 1.0
v -0.08702182 1.397165 -0.07047267 1.0
v -0.08529663 1.388597 -0.07252693 1.0
v -0.08360801 1.379287 -0.07440073 1.0
v -0.08172823 1.368868 -0.07657912 1.0
v -0.07964753 1.358876 -0.07911208 1.0
v -0.07749118 1.349214 -0.08182965 1.0
v -0.07544311 1.339809 -0.08470589 1.0
v -0.0735477 1.330252 -0.08776137 1.0
v -0.07155961 1.320467 -0.09116005 1.0
v -0.06923261 1.311073 -0.09477652 1.0
v -0.06671509 1.301682 -0.09876284 1.0
v -0.06381799 1.292694 -0.1030988 1.0
v -0.06035458 1.283833 -0.108291 1.0
v -0.05631789 1.275795 -0.1136226 1.0
v -0.05211993 1.268121 -0.1186003 1.0
v -0.04780993 1.260232 -0.1231663 1.0
v -0.04361595 1.252218 -0.1276031 1.0
v -0.004460511 1.603004 -0.026195 1.0
v -0.01300753 1.602117 -0.03095031 1.0
v -0.02083312 1.599725 -0.03526079 1.0
v -0.02898521 1.596097 -0.0391651 1.0
v -0.03713598 1.592074 -0.04210648 1.0
v -0.04486521 1.587325 -0.04457926 1.0
v -0.05172015 1.581737 -0.04729626 1.0
v -0.05765481 1.575334 -0.0502811 1.0
v -0.06293511 1.568287 -0.05279271 1.0
v -0.06763469 1.560732 -0.05406523 1.0
v -0.07183782 1.552406 -0.054771 1.0
v -0.07527389 1.543572 -0.05616061 1.0
v -0.07763539 1.534706 -0.05837494 1.0
v -0.07930744 1.525778 -0.0604637 1.0
v -0.08059449 1.516758 -0.06154915 1.0
v -0.08150743 1.50722 -0.06198105 1.0
v -0.08184832 1.497426 -0.06296127 1.0
v -0.08138553 1.487917 -0.06495671 1.0
v -0.08043896 1.478501 -0.06727923 1.0
v -0.07949103 1.468879 -0.06915684 1.0
v -0.07849179 1.45932 -0.07065888 1.0
v -0.07716766 1.449791 -0.07229153 1.0
v -0.07532098 1.440489 -0.07430577 1.0
v -0.0731378 1.431133 -0.07657277 1.0
v -0.07110029 1.421538 -0.07873137 1.0
v -0.06943749 1.411865 -0.08057549 1.0
v -0.06799057 1.402148 -0.08220913 1.0
v -0.06675883 1.392405 -0.08357614 1.0
v -0.06576573 1.38253 -0.08460616 1.0
v -0.06479331 1.372557 -0.08575827 1.0
v -0.06367695 1.362706 -0.08729832 1.0
v -0.06250177 1.352835 -0.08910634 1.0
v -0.06143394 1.34296 -0.091172 1.0
v -0.06054531 1.333156 -0.09343074 1.0
v -0.05965421 1.323463 -0.09599115 1.0
v -0.05861188 1.313884 -0.09903792 1.0
v -0.05757171 1.304528 -0.1024402 1.0
v -0.05621356 1.295386 -0.1061541 1.0
v -0.05426086 1.286513 -0.1101559 1.0
v -0.05171952 1.277926 -0.1145558 1.0
v -0.04901695 1.269417 -0.1190142 1.0
v -0.04628664 1.260858 -0.1233606 1.0
v -0.04348361 1.252273 -0.12762 1.0
v -0.0003511419 1.605158 -0.03369805 1.0
v -0.008349949 1.604819 -0.03971438 1.0
v -0.01631445 1.603036 -0.04575384 1.0
v -0.0248273 1.599837 -0.0515236 1.0
v -0.03347281 1.595405 -0.05647365 1.0
v -0.0408917 1.59027 -0.06052974 1.0
v -0.04685454 1.585127 -0.06431516 1.0
v -0.05295444 1.579131 -0.06844614 1.0
v -0.05950872 1.571352 -0.07233154 1.0
v -0.06566685 1.561892 -0.07477793 1.0
v -0.06951948 1.553782 -0.07614268 1.0
v -0.07145558 1.547504 -0.07766984 1.0
v -0.07326699 1.539673 -0.08020031 1.0
v -0.07529119 1.529146 -0.08323595 1.0
v -0.07700159 1.51778 -0.08513649 1.0
v -0.077563 1.508917 -0.08594251 1.0
v -0.07740708 1.502361 -0.08680136 1.0
v -0.07677263 1.494357 -0.08876361 1.0
v -0.07573877 1.484275 -0.09152181 1.0
v -0.0745072 1.473963 -0.09369092 1.0
v -0.07308496 1.46408 -0.09526131 1.0
v -0.07148008 1.455511 -0.09658979 1.0
v -0.06948059 1.447617 -0.09799207 1.0
v -0.06705838 1.438343 -0.09976617 1.0
v -0.06462801 1.427526 -0.1015759 1.0
v -0.06265663 1.417017 -0.1027682 1.0
v -0.06097705 1.406479 -0.1035822 1.0
v -0.05955531 1.395515 -0.1040377 1.0
v -0.05852713 1.385145 -0.1039396 1.0
v -0.05769568 1.375903 -0.1037327 1.0
v -0.05675133 1.366366 -0.103893 1.0
v -0.05579301 1.356582 -0.1043279 1.0
v -0.05496956 1.346583 -0.1050675 1.0
v -0.05436862 1.336762 -0.10602 1.0
v -0.05386223 1.327298 -0.1072074 1.0
v -0.05347591 1.317671 -0.1089443 1.0
v -0.05325859 1.308244 -0.1109736 1.0
v -0.05269668 1.298747 -0.1132775 1.0
v -0.0512437 1.289751 -0.1154664 1.0
v -0.04922267 1.280583 -0.1181981 1.0
v -0.0471702 1.27112 -0.121287 1.0
v -0.04536841 1.261677 -0.1244727 1.0
v -0.04340384 1.252344 -0.1277166 1.0
v -0.0003511419 1.605158 -0.03369805 1.0
v -0.008349949 1.604819 -0.03971438 1.0
v -0.01631445 1.603036 -0.04575384 1.0
v -0.0248273 1.599837 -0.0515236 1.0
v -0.03347281 1.595405 -0.05647365 1.0
v -0.0408917 1.59027 -0.06052974 1.0
v -0.04685454 1.585127 -0.06431516 1.0
v -0.05295444 1.579131 -0.06844614 1.0
v -0.05950872 1.571352 -0.07233154 1.0
v -0.06566685 1.561892 -0.07477793 1.0
v -0.06951948 1.553782 -0.07614268 1.0
v -0.07145558 1.547504 -0.07766984 1.0
v -0.07326699 1.539673 -0.08020031 1.0
v -0.07529119 1.529146 -0.08323595 1.0
v -0.07700159 1.51778 -0.08513649 1.0
v -0.077563 1.508917 -0.08594251 1.0
v -0.07740708 1.502361 -0.08680136 1.0
v -0.07677263 1.494357 -0.08876361 1.0
v -0.07573877 1.484275 -0.09152181 1.0
v -0.0745072 1.473963 -0.09369092 1.0
v -0.07308496 1.46408 -0.09526131 1.0
v -0.07148008 1.455511 -0.09658979 1.0
v -0.06948059 1.447617 -0.09799207 1.0
v -0.06705838 1.438343 -0.09976617 1.0
v -0.06462801 1.427526 -0.1015759 1.0
v -0.06265663 1.417017 -0.1027682 1.0
v -0.06097705 1.406479 -0.1035822 1.0
v -0.05955531 1.395515 -0.1040377 1.0
v -0.05852713 1.385145 -0.1039396 1.0
v -0.05769568 1.375903 -0.1037327 1.0
v -0.05675133 1.366366 -0.103893 1.0
v -0.05579301 1.356582 -0.1043279 1.0
v -0.05496956 1.346583 -0.1050675 1.0
v -0.05436862 1.336762 -0.10602 1.0
v -0.05386223 1.327298 -0.1072074 1.0
v -0.05347591 1.317671 -0.1089443 1.0
v -0.05325859 1.308244 -0.1109736 1.0
v -0.05269668 1.298747 -0.1132775 1.0
v -0.0512437 1.289751 -0.1154664 1.0
v -0.04922267 1.280583 -0.1181981 1.0
v -0.0471702 1.27112 -0.121287 1.0
v -0.04536841 1.261677 -0.1244727 1.0
v -0.04340384 1.252344 -0.1277166 1.0
v -0.004262656 1.608913 -0.02673926 1.0
v -0.01314637 1.609005 -0.03163441 1.0
v -0.02249072 1.607444 -0.03659359 1.0
v -0.03144577 1.604746 -0.04074862 1.0
v -0.04058543 1.60141 -0.04446221 1.0
v -0.04953255 1.596989 -0.04791757 1.0
v -0.05787351 1.591322 -0.05146935 1.0
v -0.06539942 1.58452 -0.05493454 1.0
v -0.07225552 1.576701 -0.05777781 1.0
v -0.07845639 1.567851 -0.05944334 1.0
v -0.08357224 1.55865 -0.0605597 1.0
v -0.08754016 1.549299 -0.06247936 1.0
v -0.09046912 1.539599 -0.06522761 1.0
v -0.09275196 1.52953 -0.06771094 1.0
v -0.09462065 1.519027 -0.06906386 1.0
v -0.09580718 1.50877 -0.0698267 1.0
v -0.09626895 1.498788 -0.07118435 1.0
v -0.09591658 1.488849 -0.07350956 1.0
v -0.09509568 1.478992 -0.07601272 1.0
v -0.09417005 1.46916 -0.07810534 1.0
v -0.0930391 1.45917 -0.07993514 1.0
v -0.0914829 1.44929 -0.08187021 1.0
v -0.08924764 1.439562 -0.08419552 1.0
v -0.08667228 1.43011 -0.08656018 1.0
v -0.08426213 1.420728 -0.08861762 1.0
v -0.08207176 1.411164 -0.09036533 1.0
v -0.08000829 1.401497 -0.09184574 1.0
v -0.07809312 1.391707 -0.09298853 1.0
v -0.0763694 1.381902 -0.09373417 1.0
v -0.07463059 1.372215 -0.0945536 1.0
v -0.07272189 1.362536 -0.0957068 1.0
v -0.07078242 1.352961 -0.09705123 1.0
v -0.06897873 1.343432 -0.09860141 1.0
v -0.067371 1.333857 -0.1003506 1.0
v -0.06576764 1.324301 -0.1023763 1.0
v -0.06409664 1.31486 -0.1046829 1.0
v -0.06240196 1.305397 -0.1072962 1.0
v -0.06030111 1.296055 -0.1102223 1.0
v -0.05733743 1.287072 -0.1136015 1.0
v -0.05382105 1.278452 -0.1172648 1.0
v -0.05027319 1.269825 -0.120873 1.0
v -0.0468917 1.261051 -0.1242785 1.0
v -0.04353618 1.252289 -0.1276997 1.0
v -0.008372025 1.606758 -0.01923621 1.0
v -0.004460511 1.603004 -0.026195 1.0
v -0.0003511419 1.605158 -0.03369805 1.0
v -0.004262656 1.608913 -0.02673926 1.0
v -0.04361595 1.252218 -0.1276031 1.0
v -0.04348361 1.252273 -0.12762 1.0
v -0.04340384 1.252344 -0.1277166 1.0
v -0.04353618 1.252289 -0.1276997 1.0
v -0.0001591465 1.605159 -0.03369827 1.0
v 0.007840172 1.604821 -0.03971461 1.0
v 0.01580486 1.603036 -0.04575405 1.0
v 0.02431908 1.59984 -0.05152455 1.0
v 0.03297218 1.595423 -0.05647864 1.0
v 0.04040127 1.590308 -0.06054299 1.0
v 0.04636873 1.585173 -0.06433507 1.0
v 0.0524606 1.579168 -0.06846595 1.0
v 0.05900377 1.571373 -0.0723512 1.0
v 0.06516519 1.561913 -0.07480208 1.0
v 0.06901624 1.553797 -0.07616355 1.0
v 0.07093842 1.547504 -0.0776778 1.0
v 0.07272618 1.539659 -0.08018743 1.0
v 0.07473017 1.529135 -0.08320357 1.0
v 0.07643026 1.517777 -0.08509608 1.0
v 0.07698444 1.508917 -0.08589601 1.0
v 0.07682353 1.502359 -0.08674769 1.0
v 0.07619253 1.494356 -0.08870851 1.0
v 0.07516374 1.484276 -0.09146889 1.0
v 0.07394374 1.473964 -0.09364468 1.0
v 0.07253773 1.464082 -0.09522407 1.0
v 0.07095146 1.455517 -0.09656323 1.0
v 0.06896125 1.44763 -0.09797179 1.0
v 0.06654554 1.438356 -0.0997564 1.0
v 0.06411675 1.427531 -0.1015746 1.0
v 0.06214138 1.417014 -0.1027653 1.0
v 0.06045824 1.406479 -0.1035736 1.0
v 0.05904169 1.395523 -0.1040331 1.0
v 0.05802618 1.385152 -0.1039506 1.0
v 0.05720207 1.375903 -0.1037555 1.0
v 0.0562539 1.36636 -0.1039124 1.0
v 0.05528625 1.356576 -0.1043347 1.0
v 0.05445627 1.346579 -0.105065 1.0
v 0.05385153 1.336758 -0.1060126 1.0
v 0.05334278 1.327293 -0.1071972 1.0
v 0.05295402 1.317666 -0.1089312 1.0
v 0.05269621 1.308003 -0.1110365 1.0
v 0.05217247 1.29874 -0.1132619 1.0
v 0.05072078 1.289744 -0.1154517 1.0
v 0.04870165 1.280576 -0.1181856 1.0
v 0.04665054 1.271113 -0.1212769 1.0
v 0.04484936 1.26167 -0.1244641 1.0
v 0.04288535 1.252337 -0.1277094 1.0
v -0.0001591465 1.605159 -0.03369827 1.0
v 0.007840172 1.604821 -0.03971461 1.0
v 0.01580486 1.603036 -0.04575405 1.0
v 0.02431908 1.59984 -0.05152455 1.0
v 0.03297218 1.595423 -0.05647864 1.0
v 0.04040127 1.590308 -0.06054299 1.0
v 0.04636873 1.585173 -0.06433507 1.0
v 0.0524606 1.579168 -0.06846595 1.0
v 0.05900377 1.571373 -0.0723512 1.0
v 0.06516519 1.561913 -0.07480208 1.0
v 0.06901624 1.553797 -0.07616355 1.0
v 0.07093842 1.547504 -0.0776778 1.0
v 0.07272618 1.539659 -0.08018743 1.0
v 0.07473017 1.529135 -0.08320357 1.0
v 0.07643026 1.517777 -0.08509608 1.0
v 0.07698444 1.508917 -0.08589601 1.0
v 0.07682353 1.502359 -0.08674769 1.0
v 0.07619253 1.494356 -0.08870851 1.0
v 0.07516374 1.484276 -0.09146889 1.0
v 0.07394374 1.473964 -0.09364468 1.0
v 0.07253773 1.464082 -0.09522407 1.0
v 0.07095146 1.455517 -0.09656323 1.0
v 0.06896125 1.44763 -0.09797179 1.0
v 0.06654554 1.438356 -0.0997564 1.0
v 0.06411675 1.427531 -0.1015746 1.0
v 0.06214138 1.417014 -0.1027653 1.0
v 0.06045824 1.406479 -0.1035736 1.0
v 0.05904169 1.395523 -0.1040331 1.0
v 0.05802618 1.385152 -0.1039506 1.0
v 0.05720207 1.375903 -0.1037555 1.0
v 0.0562539 1.36636 -0.1039124 1.0
v 0.05528625 1.356576 -0.1043347 1.0
v 0.05445627 1.346579 -0.105065 1.0
v 0.05385153 1.336758 -0.1060126 1.0
v 0.05334278 1.327293 -0.1071972 1.0
v 0.05295402 1.317666 -0.1089312 1.0
v 0.05269621 1.308003 -0.1110365 1.0
v 0.05217247 1.29874 -0.1132619 1.0
v 0.05072078 1.289744 -0.1154517 1.0
v 0.04870165 1.280576 -0.1181856 1.0
v 0.04665054 1.271113 -0.1212769 1.0
v 0.04484936 1.26167 -0.1244641 1.0
v 0.04288535 1.252337 -0.1277094 1.0
v 0.003949983 1.603003 -0.02619547 1.0
v 0.01249744 1.602117 -0.03095073 1.0
v 0.02032311 1.599725 -0.03526102 1.0
v 0.028475 1.596096 -0.03916662 1.0
v 0.03662235 1.59207 -0.0421132 1.0
v 0.04435021 1.587318 -0.04459465 1.0
v 0.05121372 1.581733 -0.04732037 1.0
v 0.05716593 1.575343 -0.05030809 1.0
v 0.06245635 1.568313 -0.05281629 1.0
v 0.06715543 1.560767 -0.05409079 1.0
v 0.07135495 1.552444 -0.05479271 1.0
v 0.07478326 1.543612 -0.0561661 1.0
v 0.07713114 1.53474 -0.05835848 1.0
v 0.07879061 1.525798 -0.06043452 1.0
v 0.08007354 1.516768 -0.06151598 1.0
v 0.08098833 1.507225 -0.06194404 1.0
v 0.08133142 1.497429 -0.06291898 1.0
v 0.08086739 1.487918 -0.06491325 1.0
v 0.07991841 1.478501 -0.06723715 1.0
v 0.07896731 1.46888 -0.06911868 1.0
v 0.07796481 1.459321 -0.0706263 1.0
v 0.07663936 1.449789 -0.07226688 1.0
v 0.0747979 1.440481 -0.07429089 1.0
v 0.0726228 1.431125 -0.07656889 1.0
v 0.07059187 1.421537 -0.07873234 1.0
v 0.06892852 1.411873 -0.08057231 1.0
v 0.06747726 1.40215 -0.08220185 1.0
v 0.06624733 1.392394 -0.08357527 1.0
v 0.06526659 1.382517 -0.08462073 1.0
v 0.06430373 1.372557 -0.08578261 1.0
v 0.06318292 1.362716 -0.08731568 1.0
v 0.06199496 1.352843 -0.08910974 1.0
v 0.06091762 1.342961 -0.09116682 1.0
v 0.06002596 1.333154 -0.09342184 1.0
v 0.05913403 1.32346 -0.09598024 1.0
v 0.05809116 1.313879 -0.09902535 1.0
v 0.05705149 1.30452 -0.1024271 1.0
v 0.05569373 1.295379 -0.1061408 1.0
v 0.05374142 1.286505 -0.1101434 1.0
v 0.05120024 1.277919 -0.1145447 1.0
v 0.04849777 1.269409 -0.1190046 1.0
v 0.04576781 1.260851 -0.1233521 1.0
v 0.04296514 1.252265 -0.1276128 1.0
v 0.00786141 1.606757 -0.01923596 1.0
v 0.01729383 1.606301 -0.02287018 1.0
v 0.02649967 1.604132 -0.02610062 1.0
v 0.03509307 1.601001 -0.02838956 1.0
v 0.04373033 1.598055 -0.03008854 1.0
v 0.05297805 1.593999 -0.03195291 1.0
v 0.06221401 1.587893 -0.03444158 1.0
v 0.06960233 1.580724 -0.03678555 1.0
v 0.07521441 1.573676 -0.0382777 1.0
v 0.07996061 1.566737 -0.03877363 1.0
v 0.08542535 1.557322 -0.03922874 1.0
v 0.09089185 1.545419 -0.04100255 1.0
v 0.09436312 1.534679 -0.04342007 1.0
v 0.0962835 1.526192 -0.04494597 1.0
v 0.09772711 1.518021 -0.04548176 1.0
v 0.0992723 1.507085 -0.04587334 1.0
v 0.100237 1.493865 -0.0473528 1.0
v 0.1000517 1.482418 -0.04970676 1.0
v 0.09931078 1.473225 -0.05177034 1.0
v 0.09865574 1.464081 -0.05356424 1.0
v 0.09793183 1.454413 -0.05531637 1.0
v 0.09664313 1.443568 -0.05754867 1.0
v 0.0945655 1.432425 -0.06049559 1.0
v 0.09223839 1.422892 -0.06336564 1.0
v 0.09022826 1.41474 -0.06577756 1.0
v 0.08834596 1.406019 -0.0681735 1.0
v 0.0865113 1.397168 -0.07046985 1.0
v 0.08478856 1.38859 -0.07253 1.0
v 0.08311219 1.37928 -0.07441895 1.0
v 0.08124075 1.368868 -0.07660723 1.0
v 0.07915296 1.358881 -0.07913115 1.0
v 0.07698239 1.349216 -0.08183198 1.0
v 0.07492476 1.339807 -0.08469752 1.0
v 0.0730271 1.330248 -0.08775017 1.0
v 0.07103897 1.320462 -0.0911484 1.0
v 0.0687124 1.311068 -0.0947651 1.0
v 0.06623503 1.30191 -0.0986747 1.0
v 0.06330031 1.292689 -0.1030898 1.0
v 0.05983676 1.283827 -0.1082821 1.0
v 0.05579938 1.275788 -0.1136134 1.0
v 0.05160097 1.268114 -0.1185912 1.0
v 0.0472912 1.260225 -0.1231582 1.0
v 0.04309749 1.252211 -0.127596 1.0
v 0.00786141 1.606757 -0.01923596 1.0
v 0.01729383 1.606301 -0.02287018 1.0
v 0.02649967 1.604132 -0.02610062 1.0
v 0.03509307 1.601001 -0.02838956 1.0
v 0.04373033 1.598055 -0.03008854 1.0
v 0.05297805 1.593999 -0.03195291 1.0
v 0.06221401 1.587893 -0.03444158 1.0
v 0.06960233 1.580724 -0.03678555 1.0
v 0.07521441 1.573676 -0.0382777 1.0
v 0.07996061 1.566737 -0.03877363 1.0
v 0.08542535 1.557322 -0.03922874 1.0
v 0.09089185 1.545419 -0.04100255 1.0
v 0.09436312 1.534679 -0.04342007 1.0
v 0.0962835 1.526192 -0.04494597 1.0
v 0.09772711 1.518021 -0.04548176 1.0
v 0.0992723 1.507085 -0.04587334 1.0
v 0.100237 1.493865 -0.0473528 1.0
v 0.1000517 1.482418 -0.04970676 1.0
v 0.09931078 1.473225 -0.05177034 1.0
v 0.09865574 1.464081 -0.05356424 1.0
v 0.09793183 1.454413 -0.05531637 1.0
v 0.09664313 1.443568 -0.05754867 1.0
v 0.0945655 1.432425 -0.06049559 1.0
v 0.09223839 1.422892 -0.06336564 1.0
v 0.09022826 1.41474 -0.06577756 1.0
v 0.08834596 1.406019 -0.0681735 1.0
v 0.0865113 1.397168 -0.07046985 1.0
v 0.08478856 1.38859 -0.07253 1.0
v 0.08311219 1.37928 -0.07441895 1.0
v 0.08124075 1.368868 -0.07660723 1.0
v 0.07915296 1.358881 -0.07913115 1.0
v 0.07698239 1.349216 -0.08183198 1.0
v 0.07492476 1.339807 -0.08469752 1.0
v 0.0730271 1.330248 -0.08775017 1.0
v 0.07103897 1.320462 -0.0911484 1.0
v 0.0687124 1.311068 -0.0947651 1.0
v 0.06623503 1.30191 -0.0986747 1.0
v 0.06330031 1.292689 -0.1030898 1.0
v 0.05983676 1.283827 -0.1082821 1.0
v 0.05579938 1.275788 -0.1136134 1.0
v 0.05160097 1.268114 -0.1185912 1.0
v 0.0472912 1.260225 -0.1231582 1.0
v 0.04309749 1.252211 -0.127596 1.0
v 0.00375228 1.608913 -0.02673875 1.0
v 0.01263657 1.609005 -0.03163406 1.0
v 0.02198142 1.607443 -0.03659365 1.0
v 0.03093715 1.604745 -0.04074749 1.0
v 0.04008017 1.601407 -0.04445398 1.0
v 0.04902911 1.596988 -0.04790125 1.0
v 0.05736902 1.591333 -0.05145628 1.0
v 0.06489701 1.584549 -0.05494341 1.0
v 0.07176182 1.576736 -0.05781261 1.0
v 0.07797037 1.567883 -0.05948492 1.0
v 0.08308664 1.558676 -0.06059958 1.0
v 0.08704701 1.549311 -0.06251424 1.0
v 0.08995815 1.539597 -0.06524901 1.0
v 0.09222306 1.529529 -0.06771502 1.0
v 0.09408382 1.519031 -0.06906186 1.0
v 0.09526841 1.508777 -0.06982531 1.0
v 0.09572913 1.498795 -0.07118153 1.0
v 0.09537678 1.488856 -0.07350201 1.0
v 0.09455611 1.478999 -0.07600208 1.0
v 0.09363218 1.469165 -0.07809024 1.0
v 0.09250475 1.459174 -0.07991414 1.0
v 0.09095524 1.449296 -0.08184499 1.0
v 0.08872885 1.439574 -0.08417649 1.0
v 0.08616113 1.430123 -0.08655314 1.0
v 0.08375313 1.420734 -0.08861981 1.0
v 0.08155882 1.411161 -0.09036651 1.0
v 0.07949229 1.401497 -0.09184165 1.0
v 0.07758292 1.39172 -0.09298789 1.0
v 0.07587178 1.381916 -0.09374885 1.0
v 0.07413909 1.372214 -0.09458011 1.0
v 0.07222394 1.362524 -0.09572791 1.0
v 0.07027368 1.352949 -0.09705692 1.0
v 0.06846341 1.343425 -0.09859569 1.0
v 0.06685267 1.333852 -0.100341 1.0
v 0.06524771 1.324296 -0.1023654 1.0
v 0.06357526 1.314855 -0.104671 1.0
v 0.06187975 1.305394 -0.1072842 1.0
v 0.05977905 1.29605 -0.110211 1.0
v 0.05681613 1.287066 -0.1135903 1.0
v 0.05330079 1.278445 -0.1172543 1.0
v 0.04975373 1.269818 -0.1208635 1.0
v 0.04637275 1.261044 -0.1242701 1.0
v 0.0430177 1.252282 -0.1276926 1.0
v -0.0001591465 1.605159 -0.03369827 1.0
v 0.003949983 1.603003 -0.02619547 1.0
v 0.00786141 1.606757 -0.01923596 1.0
v 0.00375228 1.608913 -0.02673875 1.0
v 0.04288535 1.252337 -0.1277094 1.0
v 0.04296514 1.252265 -0.1276128 1.0
v 0.04309749 1.252211 -0.127596 1.0
v 0.0430177 1.252282 -0.1276926 1.0
v -0.01260958 1.605977 -0.02097032 1.0
v -0.02248658 1.605492 -0.02240846 1.0
v -0.03229101 1.603251 -0.02345932 1.0
v -0.0424581 1.599342 -0.0250108 1.0
v -0.0520862 1.594708 -0.0272592 1.0
v -0.05982568 1.589924 -0.0287777 1.0
v -0.06628692 1.584835 -0.02905683 1.0
v -0.07300992 1.578492 -0.02881959 1.0
v -0.07945515 1.570936 -0.0283738 1.0
v -0.08457582 1.563144 -0.02748373 1.0
v -0.0899156 1.553223 -0.02656091 1.0
v -0.09517168 1.54109 -0.0268874 1.0
v -0.09839983 1.53049 -0.02806483 1.0
v -0.100009 1.522631 -0.02853644 1.0
v -0.1014889 1.5143 -0.02818189 1.0
v -0.1029874 1.50439 -0.02736953 1.0
v -0.1042159 1.493844 -0.02670594 1.0
v -0.1049524 1.483522 -0.02607927 1.0
v -0.1054382 1.470785 -0.02597903 1.0
v -0.1052885 1.456408 -0.02803499 1.0
v -0.1046563 1.445672 -0.03125272 1.0
v -0.1037936 1.436494 -0.03429695 1.0
v -0.1030081 1.428926 -0.03618214 1.0
v -0.1018419 1.419533 -0.03828399 1.0
v -0.1003318 1.408742 -0.04111346 1.0
v -0.09873129 1.398192 -0.04479191 1.0
v -0.09703662 1.388705 -0.04862402 1.0
v -0.09527515 1.379963 -0.05223286 1.0
v -0.09328508 1.370837 -0.05583749 1.0
v -0.09096645 1.361091 -0.05987626 1.0
v -0.08840307 1.351409 -0.06452515 1.0
v -0.08575357 1.342411 -0.06940754 1.0
v -0.08300575 1.333816 -0.07431599 1.0
v -0.08003046 1.325155 -0.07933325 1.0
v -0.07696224 1.316904 -0.08430944 1.0
v -0.07391206 1.308934 -0.08920692 1.0
v -0.07083353 1.300774 -0.0941171 1.0
v -0.06762547 1.292467 -0.09916171 1.0
v -0.06422178 1.284275 -0.1044035 1.0
v -0.06068125 1.276385 -0.1097489 1.0
v -0.056895 1.268533 -0.1149607 1.0
v -0.05281204 1.260623 -0.1197819 1.0
v -0.04859134 1.252596 -0.124206 1.0
v -0.01260958 1.605977 -0.02097032 1.0
v -0.02248658 1.605492 -0.02240846 1.0
v -0.03229101 1.603251 -0.02345932 1.0
v -0.0424581 1.599342 -0.0250108 1.0
v -0.0520862 1.594708 -0.0272592 1.0
v -0.05982568 1.589924 -0.0287777 1.0
v -0.06628692 1.584835 -0.02905683 1.0
v -0.07300992 1.578492 -0.02881959 1.0
v -0.07945515 1.570936 -0.0283738 1.0
v -0.08457582 1.563144 -0.02748373 1.0
v -0.0899156 1.553223 -0.02656091 1.0
v -0.09517168 1.54109 -0.0268874 1.0
v -0.09839983 1.53049 -0.02806483 1.0
v -0.100009 1.522631 -0.02853644 1.0
v -0.1014889 1.5143 -0.02818189 1.0
v -0.1029874 1.50439 -0.02736953 1.0
v -0.1042159 1.493844 -0.02670594 1.0
v -0.1049524 1.483522 -0.02607927 1.0
v -0.1054382 1.470785 -0.02597903 1.0
v -0.1052885 1.456408 -0.02803499 1.0
v -0.1046563 1.445672 -0.03125272 1.0
v -0.1037936 1.436494 -0.03429695 1.0
v -0.1030081 1.428926 -0.03618214 1.0
v -0.1018419 1.419533 -0.03828399 1.0
v -0.1003318 1.408742 -0.04111346 1.0
v -0.09873129 1.398192 -0.04479191 1.0
v -0.09703662 1.388705 -0.04862402 1.0
v -0.09527515 1.379963 -0.05223286 1.0
v -0.09328508 1.370837 -0.05583749 1.0
v -0.09096645 1.361091 -0.05987626 1.0
v -0.08840307 1.351409 -0.06452515 1.0
v -0.08575357 1.342411 -0.06940754 1.0
v -0.08300575 1.333816 -0.07431599 1.0
v -0.08003046 1.325155 -0.07933325 1.0
v -0.07696224 1.316904 -0.08430944 1.0
v -0.07391206 1.308934 -0.08920692 1.0
v -0.07083353 1.300774 -0.0941171 1.0
v -0.06762547 1.292467 -0.09916171 1.0
v -0.06422178 1.284275 -0.1044035 1.0
v -0.06068125 1.276385 -0.1097489 1.0
v -0.056895 1.268533 -0.1149607 1.0
v -0.05281204 1.260623 -0.1197819 1.0
v -0.04859134 1.252596 -0.124206 1.0
v -0.01022416 1.602226 -0.02859049 1.0
v -0.01959139 1.601196 -0.03129485 1.0
v -0.02809277 1.598596 -0.03356791 1.0
v -0.03654258 1.594616 -0.03626564 1.0
v -0.04415951 1.590024 -0.03934884 1.0
v -0.05128475 1.584602 -0.04210474 1.0
v -0.05808808 1.578483 -0.04379593 1.0
v -0.06439403 1.571763 -0.04453479 1.0
v -0.06987157 1.564508 -0.04479761 1.0
v -0.07445804 1.55667 -0.04451168 1.0
v -0.0784261 1.548123 -0.04405372 1.0
v -0.08166128 1.539193 -0.04439612 1.0
v -0.08393414 1.530135 -0.04569205 1.0
v -0.08562267 1.52092 -0.04687114 1.0
v -0.08699388 1.511647 -0.04697473 1.0
v -0.08802004 1.502054 -0.04642505 1.0
v -0.0887487 1.492307 -0.04596294 1.0
v -0.08917094 1.482623 -0.04556409 1.0
v -0.08926794 1.472694 -0.04542128 1.0
v -0.08892374 1.462714 -0.04661012 1.0
v -0.08809096 1.453173 -0.04932158 1.0
v -0.08704326 1.443911 -0.05218252 1.0
v -0.08597039 1.434619 -0.05416181 1.0
v -0.08478148 1.425047 -0.05576024 1.0
v -0.08347951 1.415257 -0.05764158 1.0
v -0.08210748 1.405605 -0.06007988 1.0
v -0.08065957 1.396152 -0.06280463 1.0
v -0.07917631 1.386785 -0.06544341 1.0
v -0.07763513 1.377323 -0.06792195 1.0
v -0.07598675 1.367773 -0.07062853 1.0
v -0.07422764 1.358345 -0.07388953 1.0
v -0.07238999 1.34918 -0.0775522 1.0
v -0.07045748 1.340188 -0.08138279 1.0
v -0.06835254 1.331274 -0.085318 1.0
v -0.06611941 1.322416 -0.08941919 1.0
v -0.06398892 1.313533 -0.09359327 1.0
v -0.06206311 1.304632 -0.09778024 1.0
v -0.06019484 1.295783 -0.1020247 1.0
v -0.05819502 1.287014 -0.1063949 1.0
v -0.05606924 1.278359 -0.1109287 1.0
v -0.05379811 1.269787 -0.1155216 1.0
v -0.05128457 1.261237 -0.1199819 1.0
v -0.04845913 1.252651 -0.1242227 1.0
v -0.007841147 1.604384 -0.03680585 1.0
v -0.01709218 1.60377 -0.04093502 1.0
v -0.02603422 1.601557 -0.04490269 1.0
v -0.03364923 1.598381 -0.04897197 1.0
v -0.040649 1.594334 -0.05349187 1.0
v -0.04861217 1.58848 -0.05812667 1.0
v -0.05732968 1.58121 -0.06159474 1.0
v -0.06477707 1.573632 -0.06358318 1.0
v -0.0708551 1.565694 -0.06481077 1.0
v -0.07626696 1.556563 -0.06527098 1.0
v -0.07971235 1.548586 -0.06555133 1.0
v -0.0815517 1.542136 -0.06639645 1.0
v -0.08347902 1.533699 -0.06821297 1.0
v -0.08585235 1.522168 -0.07020447 1.0
v -0.08764312 1.510822 -0.07083292 1.0
v -0.08852271 1.500937 -0.0707374 1.0
v -0.08898826 1.491608 -0.07069924 1.0
v -0.08931919 1.482012 -0.07064644 1.0
v -0.08913843 1.474797 -0.07069356 1.0
v -0.08863964 1.469423 -0.07125796 1.0
v -0.08758054 1.461099 -0.0736957 1.0
v -0.08621425 1.451375 -0.07665868 1.0
v -0.08456819 1.439605 -0.07904433 1.0
v -0.08297244 1.429522 -0.08032824 1.0
v -0.08143372 1.420974 -0.08136395 1.0
v -0.07969356 1.412499 -0.08270038 1.0
v -0.07777996 1.403157 -0.08442412 1.0
v -0.07575898 1.393046 -0.08616463 1.0
v -0.07380325 1.383239 -0.08750065 1.0
v -0.07197352 1.374186 -0.08872324 1.0
v -0.07017595 1.365425 -0.09032723 1.0
v -0.06827361 1.35631 -0.09248397 1.0
v -0.06626438 1.34698 -0.09495778 1.0
v -0.0641747 1.33788 -0.0975058 1.0
v -0.06196199 1.328538 -0.1003409 1.0
v -0.05992011 1.318871 -0.1032791 1.0
v -0.05830343 1.309252 -0.1061317 1.0
v -0.05689063 1.299788 -0.1089132 1.0
v -0.05535524 1.290393 -0.1117153 1.0
v -0.05367669 1.280916 -0.1147095 1.0
v -0.05204272 1.27148 -0.1178736 1.0
v -0.05036629 1.262055 -0.1210946 1.0
v -0.04837935 1.252722 -0.1243193 1.0
v -0.007841147 1.604384 -0.03680585 1.0
v -0.01709218 1.60377 -0.04093502 1.0
v -0.02603422 1.601557 -0.04490269 1.0
v -0.03364923 1.598381 -0.04897197 1.0
v -0.040649 1.594334 -0.05349187 1.0
v -0.04861217 1.58848 -0.05812667 1.0
v -0.05732968 1.58121 -0.06159474 1.0
v -0.06477707 1.573632 -0.06358318 1.0
v -0.0708551 1.565694 -0.06481077 1.0
v -0.07626696 1.556563 -0.06527098 1.0
v -0.07971235 1.548586 -0.06555133 1.0
v -0.0815517 1.542136 -0.06639645 1.0
v -0.08347902 1.533699 -0.06821297 1.0
v -0.08585235 1.522168 -0.07020447 1.0
v -0.08764312 1.510822 -0.07083292 1.0
v -0.08852271 1.500937 -0.0707374 1.0
v -0.08898826 1.491608 -0.07069924 1.0
v -0.08931919 1.482012 -0.07064644 1.0
v -0.08913843 1.474797 -0.07069356 1.0
v -0.08863964 1.469423 -0.07125796 1.0
v -0.08758054 1.461099 -0.0736957 1.0
v -0.08621425 1.451375 -0.07665868 1.0
v -0.08456819 1.439605 -0.07904433 1.0
v -0.08297244 1.429522 -0.08032824 1.0
v -0.08143372 1.420974 -0.08136395 1.0
v -0.07969356 1.412499 -0.08270038 1.0
v -0.07777996 1.403157 -0.08442412 1.0
v -0.07575898 1.393046 -0.08616463 1.0
v -0.07380325 1.383239 -0.08750065 1.0
v -0.07197352 1.374186 -0.08872324 1.0
v -0.07017595 1.365425 -0.09032723 1.0
v -0.06827361 1.35631 -0.09248397 1.0
v -0.06626438 1.34698 -0.09495778 1.0
v -0.0641747 1.33788 -0.0975058 1.0
v -0.06196199 1.328538 -0.1003409 1.0
v -0.05992011 1.318871 -0.1032791 1.0
v -0.05830343 1.309252 -0.1061317 1.0
v -0.05689063 1.299788 -0.1089132 1.0
v -0.05535524 1.290393 -0.1117153 1.0
v -0.05367669 1.280916 -0.1147095 1.0
v -0.05204272 1.27148 -0.1178736 1.0
v -0.05036629 1.262055 -0.1210946 1.0
v -0.04837935 1.252722 -0.1243193 1.0
v -0.01022656 1.608134 -0.02918568 1.0
v -0.01998737 1.608067 -0.03204863 1.0
v -0.03023246 1.606212 -0.0347941 1.0
v -0.03956475 1.603108 -0.03771713 1.0
v -0.0485757 1.599018 -0.04140223 1.0
v -0.05715311 1.593802 -0.04479964 1.0
v -0.06552851 1.587562 -0.04685564 1.0
v -0.07339296 1.580361 -0.04786798 1.0
v -0.08043868 1.572122 -0.04838696 1.0
v -0.08638474 1.563037 -0.04824304 1.0
v -0.09120185 1.553686 -0.04805851 1.0
v -0.09506211 1.544033 -0.04888772 1.0
v -0.09794471 1.534054 -0.05058575 1.0
v -0.1002387 1.523878 -0.05186976 1.0
v -0.1021381 1.513475 -0.05204009 1.0
v -0.1034901 1.503273 -0.05168187 1.0
v -0.1044554 1.493146 -0.05144224 1.0
v -0.1051007 1.48291 -0.05116161 1.0
v -0.1053087 1.472888 -0.05125131 1.0
v -0.1050044 1.463117 -0.05268282 1.0
v -0.1041459 1.453597 -0.05562684 1.0
v -0.1029646 1.443958 -0.0587731 1.0
v -0.1016059 1.433912 -0.06106465 1.0
v -0.1000328 1.424008 -0.06285198 1.0
v -0.09828603 1.414459 -0.06483583 1.0
v -0.09631737 1.405085 -0.06741242 1.0
v -0.09415701 1.39571 -0.07024351 1.0
v -0.09185782 1.386223 -0.07295407 1.0
v -0.08945319 1.376754 -0.07541618 1.0
v -0.08695322 1.367504 -0.07797097 1.0
v -0.08435138 1.358489 -0.08096284 1.0
v -0.0816372 1.349541 -0.0843393 1.0
v -0.07881265 1.340609 -0.08789098 1.0
v -0.07585263 1.331761 -0.09152105 1.0
v -0.07280482 1.323026 -0.09523119 1.0
v -0.06984323 1.314272 -0.0988927 1.0
v -0.06707384 1.305394 -0.1024685 1.0
v -0.06432126 1.296472 -0.1060502 1.0
v -0.061382 1.287654 -0.1097239 1.0
v -0.05828871 1.278942 -0.1135296 1.0
v -0.0551396 1.270226 -0.1173127 1.0
v -0.05189376 1.261441 -0.1208947 1.0
v -0.04851156 1.252667 -0.1243026 1.0
v -0.01260958 1.605977 -0.02097032 1.0
v -0.01022416 1.602226 -0.02859049 1.0
v -0.007841147 1.604384 -0.03680585 1.0
v -0.01022656 1.608134 -0.02918568 1.0
v -0.04859134 1.252596 -0.124206 1.0
v -0.04845913 1.252651 -0.1242227 1.0
v -0.04837935 1.252722 -0.1243193 1.0
v -0.04851156 1.252667 -0.1243026 1.0
v 0.007330882 1.604386 -0.03680624 1.0
v 0.01658149 1.60376 -0.04093382 1.0
v 0.02551519 1.601526 -0.04489765 1.0
v 0.03312302 1.598335 -0.04896427 1.0
v 0.04012429 1.594302 -0.05348504 1.0
v 0.04809522 1.588467 -0.05812336 1.0
v 0.05681815 1.58121 -0.06159521 1.0
v 0.06427554 1.573644 -0.06358977 1.0
v 0.07036573 1.565712 -0.06482216 1.0
v 0.07578102 1.556578 -0.06528278 1.0
v 0.07922635 1.548599 -0.06556185 1.0
v 0.08106503 1.542146 -0.06640545 1.0
v 0.08298893 1.533705 -0.06821913 1.0
v 0.08535748 1.522171 -0.07020719 1.0
v 0.08714452 1.510823 -0.07083339 1.0
v 0.08802141 1.500936 -0.07073621 1.0
v 0.08848156 1.491606 -0.07069533 1.0
v 0.08878898 1.482008 -0.07063309 1.0
v 0.08858602 1.474795 -0.0706693 1.0
v 0.0880877 1.469423 -0.07122928 1.0
v 0.08704858 1.4611 -0.07367519 1.0
v 0.08570152 1.451377 -0.0766487 1.0
v 0.08405858 1.439607 -0.07903995 1.0
v 0.08246787 1.429523 -0.08032916 1.0
v 0.08093422 1.42097 -0.08136947 1.0
v 0.07919127 1.412489 -0.08270527 1.0
v 0.07727052 1.403149 -0.08442261 1.0
v 0.07525031 1.393045 -0.08616218 1.0
v 0.07330759 1.383241 -0.08750971 1.0
v 0.07149123 1.374184 -0.08874669 1.0
v 0.06969153 1.36541 -0.09035604 1.0
v 0.06777652 1.356295 -0.09250483 1.0
v 0.06575712 1.346968 -0.09496707 1.0
v 0.063667 1.33787 -0.09751584 1.0
v 0.06146095 1.328537 -0.100351 1.0
v 0.05941989 1.318871 -0.1032882 1.0
v 0.0577911 1.309245 -0.1061356 1.0
v 0.05636767 1.299776 -0.108912 1.0
v 0.05482972 1.290383 -0.1117103 1.0
v 0.053154 1.280906 -0.1147034 1.0
v 0.05152166 1.271472 -0.1178694 1.0
v 0.04984517 1.262046 -0.1210904 1.0
v 0.0478571 1.252714 -0.1243141 1.0
v 0.007330882 1.604386 -0.03680624 1.0
v 0.01658149 1.60376 -0.04093382 1.0
v 0.02551519 1.601526 -0.04489765 1.0
v 0.03312302 1.598335 -0.04896427 1.0
v 0.04012429 1.594302 -0.05348504 1.0
v 0.04809522 1.588467 -0.05812336 1.0
v 0.05681815 1.58121 -0.06159521 1.0
v 0.06427554 1.573644 -0.06358977 1.0
v 0.07036573 1.565712 -0.06482216 1.0
v 0.07578102 1.556578 -0.06528278 1.0
v 0.07922635 1.548599 -0.06556185 1.0
v 0.08106503 1.542146 -0.06640545 1.0
v 0.08298893 1.533705 -0.06821913 1.0
v 0.08535748 1.522171 -0.07020719 1.0
v 0.08714452 1.510823 -0.07083339 1.0
v 0.08802141 1.500936 -0.07073621 1.0
v 0.08848156 1.491606 -0.07069533 1.0
v 0.08878898 1.482008 -0.07063309 1.0
v 0.08858602 1.474795 -0.0706693 1.0
v 0.0880877 1.469423 -0.07122928 1.0
v 0.08704858 1.4611 -0.07367519 1.0
v 0.08570152 1.451377 -0.0766487 1.0
v 0.08405858 1.439607 -0.07903995 1.0
v 0.08246787 1.429523 -0.08032916 1.0
v 0.08093422 1.42097 -0.08136947 1.0
v 0.07919127 1.412489 -0.08270527 1.0
v 0.07727052 1.403149 -0.08442261 1.0
v 0.07525031 1.393045 -0.08616218 1.0
v 0.07330759 1.383241 -0.08750971 1.0
v 0.07149123 1.374184 -0.08874669 1.0
v 0.06969153 1.36541 -0.09035604 1.0
v 0.06777652 1.356295 -0.09250483 1.0
v 0.06575712 1.346968 -0.09496707 1.0
v 0.063667 1.33787 -0.09751584 1.0
v 0.06146095 1.328537 -0.100351 1.0
v 0.05941989 1.318871 -0.1032882 1.0
v 0.0577911 1.309245 -0.1061356 1.0
v 0.05636767 1.299776 -0.108912 1.0
v 0.05482972 1.290383 -0.1117103 1.0
v 0.053154 1.280906 -0.1147034 1.0
v 0.05152166 1.271472 -0.1178694 1.0
v 0.04984517 1.262046 -0.1210904 1.0
v 0.0478571 1.252714 -0.1243141 1.0
v 0.009713113 1.602227 -0.02859118 1.0
v 0.01908193 1.601196 -0.03129131 1.0
v 0.02758607 1.598596 -0.03355696 1.0
v 0.0360383 1.594616 -0.03624922 1.0
v 0.043653 1.590022 -0.0393374 1.0
v 0.05077622 1.584599 -0.04210064 1.0
v 0.05758499 1.578481 -0.04379721 1.0
v 0.06389699 1.571766 -0.04454217 1.0
v 0.06937478 1.564518 -0.04480981 1.0
v 0.07395879 1.556682 -0.04452462 1.0
v 0.07792205 1.548136 -0.04406534 1.0
v 0.08114981 1.539207 -0.04440451 1.0
v 0.08341319 1.530147 -0.04569659 1.0
v 0.08509339 1.520927 -0.04687406 1.0
v 0.08645903 1.511649 -0.04697628 1.0
v 0.0874805 1.502056 -0.04642479 1.0
v 0.08820494 1.492309 -0.04595956 1.0
v 0.08862457 1.482626 -0.04555101 1.0
v 0.08872043 1.472693 -0.04539697 1.0
v 0.08837742 1.462705 -0.04658391 1.0
v 0.08754828 1.453165 -0.04930412 1.0
v 0.08650598 1.443904 -0.05217457 1.0
v 0.08544083 1.43461 -0.05415859 1.0
v 0.08426055 1.425038 -0.05576175 1.0
v 0.08296322 1.415254 -0.05764531 1.0
v 0.08158655 1.405613 -0.06007746 1.0
v 0.08012902 1.396157 -0.06279628 1.0
v 0.07864466 1.386775 -0.06544033 1.0
v 0.07711857 1.377304 -0.06793332 1.0
v 0.0754875 1.367763 -0.07065107 1.0
v 0.07373137 1.358351 -0.0739062 1.0
v 0.07188083 1.349188 -0.07755844 1.0
v 0.069935 1.340187 -0.08138175 1.0
v 0.06782665 1.33127 -0.08531843 1.0
v 0.06559741 1.322412 -0.08942242 1.0
v 0.06347067 1.313531 -0.09359593 1.0
v 0.06154364 1.304628 -0.09777924 1.0
v 0.0596722 1.295777 -0.1020202 1.0
v 0.05767178 1.287007 -0.1063889 1.0
v 0.05554716 1.27835 -0.1109221 1.0
v 0.05327633 1.269779 -0.1155171 1.0
v 0.05076323 1.261229 -0.1199775 1.0
v 0.0479369 1.252643 -0.1242175 1.0
v 0.01209868 1.605975 -0.02097013 1.0
v 0.02197662 1.605501 -0.02240926 1.0
v 0.03178979 1.603282 -0.0234644 1.0
v 0.04196421 1.599387 -0.02501887 1.0
v 0.0515898 1.594735 -0.02726564 1.0
v 0.05932144 1.58993 -0.02878018 1.0
v 0.06578351 1.584837 -0.02905966 1.0
v 0.07250925 1.578496 -0.0288252 1.0
v 0.07895119 1.570941 -0.02838001 1.0
v 0.08406745 1.56315 -0.02748899 1.0
v 0.08939989 1.553228 -0.02656274 1.0
v 0.09464478 1.541093 -0.02688273 1.0
v 0.09785855 1.53049 -0.02805248 1.0
v 0.0994548 1.522628 -0.028519 1.0
v 0.1009265 1.514297 -0.02816139 1.0
v 0.1024185 1.504387 -0.02734569 1.0
v 0.1036438 1.493842 -0.02667947 1.0
v 0.1043937 1.483521 -0.02605607 1.0
v 0.1048945 1.470782 -0.02595796 1.0
v 0.1047471 1.456401 -0.02801259 1.0
v 0.1041064 1.445663 -0.0312286 1.0
v 0.1032392 1.436487 -0.0342731 1.0
v 0.1024655 1.428919 -0.03616579 1.0
v 0.1013108 1.419527 -0.03827459 1.0
v 0.09980369 1.40874 -0.04110507 1.0
v 0.09819466 1.398195 -0.04477491 1.0
v 0.09648964 1.388705 -0.0485993 1.0
v 0.09473082 1.379955 -0.05221272 1.0
v 0.09276023 1.370827 -0.05583344 1.0
v 0.09045912 1.361085 -0.05988505 1.0
v 0.08789719 1.351416 -0.06452683 1.0
v 0.08523391 1.342417 -0.06939836 1.0
v 0.08247397 1.333816 -0.07429769 1.0
v 0.0794955 1.325153 -0.07931333 1.0
v 0.07642866 1.316893 -0.08429555 1.0
v 0.07338271 1.308921 -0.0891968 1.0
v 0.07030984 1.300767 -0.09410895 1.0
v 0.06710356 1.292466 -0.0991538 1.0
v 0.06370002 1.284271 -0.1043974 1.0
v 0.06015978 1.276378 -0.1097415 1.0
v 0.05637328 1.268525 -0.1149549 1.0
v 0.05229087 1.260616 -0.1197769 1.0
v 0.04806912 1.252588 -0.1242008 1.0
v 0.01209868 1.605975 -0.02097013 1.0
v 0.02197662 1.605501 -0.02240926 1.0
v 0.03178979 1.603282 -0.0234644 1.0
v 0.04196421 1.599387 -0.02501887 1.0
v 0.0515898 1.594735 -0.02726564 1.0
v 0.05932144 1.58993 -0.02878018 1.0
v 0.06578351 1.584837 -0.02905966 1.0
v 0.07250925 1.578496 -0.0288252 1.0
v 0.07895119 1.570941 -0.02838001 1.0
v 0.08406745 1.56315 -0.02748899 1.0
v 0.08939989 1.553228 -0.02656274 1.0
v 0.09464478 1.541093 -0.02688273 1.0
v 0.09785855 1.53049 -0.02805248 1.0
v 0.0994548 1.522628 -0.028519 1.0
v 0.1009265 1.514297 -0.02816139 1.0
v 0.1024185 1.504387 -0.02734569 1.0
v 0.1036438 1.493842 -0.02667947 1.0
v 0.1043937 1.483521 -0.02605607 1.0
v 0.1048945 1.470782 -0.02595796 1.0
v 0.1047471 1.456401 -0.02801259 1.0
v 0.1041064 1.445663 -0.0312286 1.0
v 0.1032392 1.436487 -0.0342731 1.0
v 0.1024655 1.428919 -0.03616579 1.0
v 0.1013108 1.419527 -0.03827459 1.0
v 0.09980369 1.40874 -0.04110507 1.0
v 0.09819466 1.398195 -0.04477491 1.0
v 0.09648964 1.388705 -0.0485993 1.0
v 0.09473082 1.379955 -0.05221272 1.0
v 0.09276023 1.370827 -0.05583344 1.0
v 0.09045912 1.361085 -0.05988505 1.0
v 0.08789719 1.351416 -0.06452683 1.0
v 0.08523391 1.342417 -0.06939836 1.0
v 0.08247397 1.333816 -0.07429769 1.0
v 0.0794955 1.325153 -0.07931333 1.0
v 0.07642866 1.316893 -0.08429555 1.0
v 0.07338271 1.308921 -0.0891968 1.0
v 0.07030984 1.300767 -0.09410895 1.0
v 0.06710356 1.292466 -0.0991538 1.0
v 0.06370002 1.284271 -0.1043974 1.0
v 0.06015978 1.276378 -0.1097415 1.0
v 0.05637328 1.268525 -0.1149549 1.0
v 0.05229087 1.260616 -0.1197769 1.0
v 0.04806912 1.252588 -0.1242008 1.0
v 0.009716448 1.608134 -0.02918519 1.0
v 0.01947619 1.608066 -0.03205177 1.0
v 0.02971892 1.606211 -0.03480509 1.0
v 0.03904893 1.603106 -0.03773392 1.0
v 0.04806108 1.599015 -0.04141328 1.0
v 0.05664044 1.593799 -0.04480291 1.0
v 0.06501666 1.587566 -0.04685766 1.0
v 0.0728878 1.580374 -0.0478728 1.0
v 0.07994214 1.572135 -0.04839236 1.0
v 0.08588968 1.563046 -0.04824715 1.0
v 0.09070418 1.553692 -0.04805925 1.0
v 0.09455999 1.544032 -0.04888366 1.0
v 0.09743429 1.534047 -0.05057501 1.0
v 0.09971889 1.523872 -0.05185213 1.0
v 0.1016119 1.51347 -0.0520185 1.0
v 0.1029594 1.503268 -0.0516571 1.0
v 0.1039204 1.493139 -0.05141525 1.0
v 0.1045581 1.482903 -0.05113815 1.0
v 0.1047601 1.472884 -0.05123029 1.0
v 0.1044573 1.463119 -0.05265795 1.0
v 0.1036067 1.453599 -0.05559967 1.0
v 0.1024347 1.44396 -0.05874723 1.0
v 0.1010832 1.433916 -0.06104714 1.0
v 0.09951808 1.424012 -0.062842 1.0
v 0.09777468 1.414455 -0.06482923 1.0
v 0.09579937 1.40507 -0.06740272 1.0
v 0.09363113 1.395697 -0.07022564 1.0
v 0.09133647 1.386226 -0.07293458 1.0
v 0.08894925 1.376765 -0.07540983 1.0
v 0.08646284 1.367506 -0.07798067 1.0
v 0.08385736 1.358474 -0.08097667 1.0
v 0.0811296 1.349523 -0.08434475 1.0
v 0.07829609 1.340597 -0.08788302 1.0
v 0.07533585 1.331753 -0.09151074 1.0
v 0.07229219 1.323018 -0.09522416 1.0
v 0.06933194 1.31426 -0.09888902 1.0
v 0.06655731 1.305384 -0.1024653 1.0
v 0.06379902 1.296464 -0.1060455 1.0
v 0.06085796 1.287647 -0.1097188 1.0
v 0.05776662 1.278934 -0.1135229 1.0
v 0.0546186 1.270218 -0.1173073 1.0
v 0.0513728 1.261433 -0.1208898 1.0
v 0.04798932 1.252659 -0.1242974 1.0
v 0.007330882 1.604386 -0.03680624 1.0
v 0.009713113 1.602227 -0.02859118 1.0
v 0.01209868 1.605975 -0.02097013 1.0
v 0.009716448 1.608134 -0.02918519 1.0
v 0.0478571 1.252714 -0.1243141 1.0
v 0.0479369 1.252643 -0.1242175 1.0
v 0.04806912 1.252588 -0.1242008 1.0
v 0.04798932 1.252659 -0.1242974 1.0
v -0.068702 1.567662 0.03450743 1.0
v -0.07205428 1.559824 0.039952 1.0
v -0.07460839 1.55162 0.04368428 1.0
v -0.07596781 1.545048 0.04622986 1.0
v -0.07695805 1.538164 0.0491144 1.0
v -0.0776712 1.529543 0.05188942 1.0
v -0.07899773 1.51951 0.0530123 1.0
v -0.08070898 1.510027 0.05221193 1.0
v -0.08268264 1.49956 0.05044324 1.0
v -0.08568774 1.489233 0.04631124 1.0
v -0.08916964 1.481825 0.04036512 1.0
v -0.068702 1.567662 0.03450743 1.0
v -0.07205428 1.559824 0.039952 1.0
v -0.07460839 1.55162 0.04368428 1.0
v -0.07596781 1.545048 0.04622986 1.0
v -0.07695805 1.538164 0.0491144 1.0
v -0.0776712 1.529543 0.05188942 1.0
v -0.07899773 1.51951 0.0530123 1.0
v -0.08070898 1.510027 0.05221193 1.0
v -0.08268264 1.49956 0.05044324 1.0
v -0.08568774 1.489233 0.04631124 1.0
v -0.08916964 1.481825 0.04036512 1.0
v -0.068781 1.566206 0.02849973 1.0
v -0.0719832 1.557694 0.02929424 1.0
v -0.07402832 1.549996 0.02949835 1.0
v -0.07580749 1.541315 0.0304442 1.0
v -0.07681774 1.533314 0.03226123 1.0
v -0.07742225 1.524796 0.03458934 1.0
v -0.07868619 1.51632 0.03678051 1.0
v -0.08046063 1.507919 0.03898685 1.0
v -0.08248361 1.499167 0.04083821 1.0
v -0.08541512 1.490422 0.04137139 1.0
v -0.08916423 1.481849 0.0402672 1.0
v -0.07312819 1.568284 0.02462617 1.0
v -0.07973794 1.561249 0.02255966 1.0
v -0.08501132 1.553182 0.02092852 1.0
v -0.08896491 1.542552 0.02103672 1.0
v -0.09143667 1.53214 0.02264458 1.0
v -0.09235808 1.523284 0.02476452 1.0
v -0.09241492 1.51558 0.02757619 1.0
v -0.09160174 1.507149 0.03159136 1.0
v -0.09045274 1.499547 0.03547171 1.0
v -0.08948045 1.491856 0.03866848 1.0
v -0.08924487 1.481878 0.04021372 1.0
v -0.07312819 1.568284 0.02462617 1.0
v -0.07973794 1.561249 0.02255966 1.0
v -0.08501132 1.553182 0.02092852 1.0
v -0.08896491 1.542552 0.02103672 1.0
v -0.09143667 1.53214 0.02264458 1.0
v -0.09235808 1.523284 0.02476452 1.0
v -0.09241492 1.51558 0.02757619 1.0
v -0.09160174 1.507149 0.03159136 1.0
v -0.09045274 1.499547 0.03547171 1.0
v -0.08948045 1.491856 0.03866848 1.0
v -0.08924487 1.481878 0.04021372 1.0
v -0.07304921 1.569739 0.03063387 1.0
v -0.07980902 1.56338 0.03321742 1.0
v -0.08559139 1.554806 0.03511444 1.0
v -0.08912523 1.546285 0.03682237 1.0
v -0.09157699 1.53699 0.03949775 1.0
v -0.09260704 1.528032 0.0420646 1.0
v -0.09272646 1.51877 0.04380798 1.0
v -0.09185009 1.509258 0.04481644 1.0
v -0.09065177 1.49994 0.04507674 1.0
v -0.08975308 1.490667 0.04360833 1.0
v -0.08925028 1.481854 0.04031163 1.0
v -0.068702 1.567662 0.03450743 1.0
v -0.068781 1.566206 0.02849973 1.0
v -0.07312819 1.568284 0.02462617 1.0
v -0.07304921 1.569739 0.03063387 1.0
v -0.08916964 1.481825 0.04036512 1.0
v -0.08916423 1.481849 0.0402672 1.0
v -0.08924487 1.481878 0.04021372 1.0
v -0.08925028 1.481854 0.04031163 1.0
v 0.07260571 1.568295 0.02462112 1.0
v 0.07929086 1.561325 0.02255892 1.0
v 0.08458871 1.553299 0.02090481 1.0
v 0.08862498 1.542682 0.02102428 1.0
v 0.09115661 1.532193 0.022678 1.0
v 0.09205548 1.523292 0.02481986 1.0
v 0.09204674 1.51558 0.02761897 1.0
v 0.09111825 1.50711 0.03161372 1.0
v 0.08988396 1.49949 0.03547004 1.0
v 0.08890412 1.491851 0.03866814 1.0
v 0.08871008 1.481873 0.04021864 1.0
v 0.07260571 1.568295 0.02462112 1.0
v 0.07929086 1.561325 0.02255892 1.0
v 0.08458871 1.553299 0.02090481 1.0
v 0.08862498 1.542682 0.02102428 1.0
v 0.09115661 1.532193 0.022678 1.0
v 0.09205548 1.523292 0.02481986 1.0
v 0.09204674 1.51558 0.02761897 1.0
v 0.09111825 1.50711 0.03161372 1.0
v 0.08988396 1.49949 0.03547004 1.0
v 0.08890412 1.491851 0.03866814 1.0
v 0.08871008 1.481873 0.04021864 1.0
v 0.06829142 1.566177 0.02850904 1.0
v 0.07158335 1.557708 0.02931532 1.0
v 0.07364291 1.550039 0.02949434 1.0
v 0.07544252 1.541344 0.03038271 1.0
v 0.07645278 1.533347 0.03216668 1.0
v 0.07702868 1.524831 0.03450061 1.0
v 0.07824749 1.516349 0.03671481 1.0
v 0.07995421 1.507952 0.03896659 1.0
v 0.08192216 1.499182 0.04085201 1.0
v 0.08484904 1.49041 0.04138241 1.0
v 0.08862948 1.481844 0.04027201 1.0
v 0.06820514 1.56765 0.0345123 1.0
v 0.07165864 1.559854 0.03997007 1.0
v 0.07425437 1.551622 0.04368361 1.0
v 0.0755321 1.545015 0.04618349 1.0
v 0.07644035 1.53819 0.04902227 1.0
v 0.07711849 1.529598 0.05179665 1.0
v 0.0784367 1.519554 0.05294563 1.0
v 0.08016477 1.510093 0.05218716 1.0
v 0.08213995 1.499625 0.05045448 1.0
v 0.0851358 1.489231 0.04632403 1.0
v 0.08863489 1.48182 0.04036991 1.0
v 0.06820514 1.56765 0.0345123 1.0
v 0.07165864 1.559854 0.03997007 1.0
v 0.07425437 1.551622 0.04368361 1.0
v 0.0755321 1.545015 0.04618349 1.0
v 0.07644035 1.53819 0.04902227 1.0
v 0.07711849 1.529598 0.05179665 1.0
v 0.0784367 1.519554 0.05294563 1.0
v 0.08016477 1.510093 0.05218716 1.0
v 0.08213995 1.499625 0.05045448 1.0
v 0.0851358 1.489231 0.04632403 1.0
v 0.08863489 1.48182 0.04036991 1.0
v 0.07251943 1.569769 0.03062439 1.0
v 0.07936615 1.563471 0.03321367 1.0
v 0.08520017 1.554882 0.03509407 1.0
v 0.08871457 1.546353 0.03682506 1.0
v 0.09114418 1.537036 0.03953359 1.0
v 0.09214529 1.528059 0.0421159 1.0
v 0.09223595 1.518785 0.04384978 1.0
v 0.09132881 1.50925 0.0448343 1.0
v 0.09010175 1.499933 0.04507251 1.0
v 0.08919087 1.490673 0.04360976 1.0
v 0.08871548 1.481849 0.04031653 1.0
v 0.07260571 1.568295 0.02462112 1.0
v 0.06829142 1.566177 0.02850904 1.0
v 0.06820514 1.56765 0.0345123 1.0
v 0.07251943 1.569769 0.03062439 1.0
v 0.08871008 1.481873 0.04021864 1.0
v 0.08862948 1.481844 0.04027201 1.0
v 0.08863489 1.48182 0.04036991 1.0
v 0.08871548 1.481849 0.04031653 1.0
v -0.07233231 1.582165 -0.01220567 1.0
v -0.07778417 1.575246 -0.007635095 1.0
v -0.08123195 1.566838 -0.002902247 1.0
v -0.08538762 1.556827 0.0003985967 1.0
v -0.08934866 1.547047 0.002063566 1.0
v -0.09333893 1.537774 0.003084197 1.0
v -0.09829097 1.529335 0.003950775 1.0
v -0.1042627 1.520724 0.004419557 1.0
v -0.1113042 1.511863 0.003821619 1.0
v -0.1183869 1.503289 0.001591403 1.0
v -0.1246177 1.495936 -0.00177657 1.0
v -0.130565 1.489903 -0.005560552 1.0
v -0.1372614 1.484158 -0.009468353 1.0
v -0.1446291 1.478908 -0.01350469 1.0
v -0.152579 1.473915 -0.017993 1.0
v -0.160447 1.469951 -0.02333125 1.0
v -0.1681507 1.4664 -0.02933095 1.0
v -0.1722516 1.462067 -0.0376692 1.0
v -0.07233231 1.582165 -0.01220567 1.0
v -0.07778417 1.575246 -0.007635095 1.0
v -0.08123195 1.566838 -0.002902247 1.0
v -0.08538762 1.556827 0.0003985967 1.0
v -0.08934866 1.547047 0.002063566 1.0
v -0.09333893 1.537774 0.003084197 1.0
v -0.09829097 1.529335 0.003950775 1.0
v -0.1042627 1.520724 0.004419557 1.0
v -0.1113042 1.511863 0.003821619 1.0
v -0.1183869 1.503289 0.001591403 1.0
v -0.1246177 1.495936 -0.00177657 1.0
v -0.130565 1.489903 -0.005560552 1.0
v -0.1372614 1.484158 -0.009468353 1.0
v -0.1446291 1.478908 -0.01350469 1.0
v -0.152579 1.473915 -0.017993 1.0
v -0.160447 1.469951 -0.02333125 1.0
v -0.1681507 1.4664 -0.02933095 1.0
v -0.1722516 1.462067 -0.0376692 1.0
v -0.07054878 1.579057 -0.01724303 1.0
v -0.07531083 1.57109 -0.01508847 1.0
v -0.07780958 1.562875 -0.01330323 1.0
v -0.08099759 1.553545 -0.01215684 1.0
v -0.08393691 1.544605 -0.01175417 1.0
v -0.08757138 1.534959 -0.01170781 1.0
v -0.0920937 1.525634 -0.01144548 1.0
v -0.09711201 1.516798 -0.01122449 1.0
v -0.102625 1.50831 -0.01149226 1.0
v -0.1084713 1.500296 -0.01283064 1.0
v -0.1150049 1.49258 -0.01516085 1.0
v -0.1225801 1.485487 -0.01774843 1.0
v -0.130795 1.47983 -0.02010097 1.0
v -0.1396638 1.475033 -0.02243672 1.0
v -0.1484548 1.470917 -0.02501179 1.0
v -0.1575904 1.467559 -0.02800354 1.0
v -0.1665711 1.465099 -0.03146268 1.0
v -0.1721556 1.462097 -0.03767799 1.0
v -0.07327829 1.579779 -0.02274266 1.0
v -0.07974774 1.571937 -0.02273954 1.0
v -0.08460795 1.563351 -0.02274533 1.0
v -0.08848721 1.555768 -0.02341045 1.0
v -0.0918852 1.547479 -0.02419402 1.0
v -0.09569208 1.538848 -0.02508406 1.0
v -0.1000062 1.530094 -0.02582087 1.0
v -0.1042111 1.522035 -0.02650385 1.0
v -0.1080096 1.514724 -0.02737693 1.0
v -0.1120579 1.507632 -0.02859741 1.0
v -0.1173458 1.499977 -0.03008104 1.0
v -0.1241054 1.492083 -0.03138515 1.0
v -0.1319291 1.485551 -0.0319156 1.0
v -0.140278 1.480016 -0.03214495 1.0
v -0.148447 1.475142 -0.03258875 1.0
v -0.1570074 1.470409 -0.03322357 1.0
v -0.1659797 1.466421 -0.03403844 1.0
v -0.1721294 1.462184 -0.03772145 1.0
v -0.07327829 1.579779 -0.02274266 1.0
v -0.07974774 1.571937 -0.02273954 1.0
v -0.08460795 1.563351 -0.02274533 1.0
v -0.08848721 1.555768 -0.02341045 1.0
v -0.0918852 1.547479 -0.02419402 1.0
v -0.09569208 1.538848 -0.02508406 1.0
v -0.1000062 1.530094 -0.02582087 1.0
v -0.1042111 1.522035 -0.02650385 1.0
v -0.1080096 1.514724 -0.02737693 1.0
v -0.1120579 1.507632 -0.02859741 1.0
v -0.1173458 1.499977 -0.03008104 1.0
v -0.1241054 1.492083 -0.03138515 1.0
v -0.1319291 1.485551 -0.0319156 1.0
v -0.140278 1.480016 -0.03214495 1.0
v -0.148447 1.475142 -0.03258875 1.0
v -0.1570074 1.470409 -0.03322357 1.0
v -0.1659797 1.466421 -0.03403844 1.0
v -0.1721294 1.462184 -0.03772145 1.0
v -0.07506181 1.582887 -0.0177053 1.0
v -0.08222108 1.576093 -0.01528617 1.0
v -0.08803033 1.567313 -0.01234435 1.0
v -0.09287723 1.55905 -0.01085502 1.0
v -0.09729695 1.549921 -0.01037628 1.0
v -0.1014596 1.541663 -0.01029206 1.0
v -0.1062035 1.533795 -0.01042461 1.0
v -0.1113618 1.525961 -0.0108598 1.0
v -0.1166888 1.518277 -0.01206306 1.0
v -0.1219736 1.510626 -0.01417537 1.0
v -0.1269585 1.503333 -0.01669676 1.0
v -0.1320904 1.496499 -0.01919727 1.0
v -0.1383955 1.489879 -0.02128298 1.0
v -0.1452432 1.483891 -0.02321292 1.0
v -0.1525712 1.47814 -0.02556997 1.0
v -0.159864 1.472801 -0.02855127 1.0
v -0.1675593 1.467722 -0.03190671 1.0
v -0.1722255 1.462154 -0.03771266 1.0
v -0.07233231 1.582165 -0.01220567 1.0
v -0.07054878 1.579057 -0.01724303 1.0
v -0.07327829 1.579779 -0.02274266 1.0
v -0.07506181 1.582887 -0.0177053 1.0
v -0.1722516 1.462067 -0.0376692 1.0
v -0.1721556 1.462097 -0.03767799 1.0
v -0.1721294 1.462184 -0.03772145 1.0
v -0.1722255 1.462154 -0.03771266 1.0
v 0.0727585 1.579749 -0.0226154 1.0
v 0.07923914 1.57189 -0.02255242 1.0
v 0.08410608 1.563288 -0.02249376 1.0
v 0.08798205 1.555698 -0.02312461 1.0
v 0.09137882 1.547403 -0.02387834 1.0
v 0.0951779 1.538815 -0.02476415 1.0
v 0.09947342 1.530136 -0.02554848 1.0
v 0.1036796 1.522105 -0.02631818 1.0
v 0.1075179 1.514786 -0.0272861 1.0
v 0.1116407 1.507756 -0.02859995 1.0
v 0.1170049 1.500161 -0.03018512 1.0
v 0.1238701 1.49237 -0.03158176 1.0
v 0.1316091 1.485727 -0.03214943 1.0
v 0.139879 1.480039 -0.032398 1.0
v 0.1480152 1.475039 -0.0328542 1.0
v 0.1566807 1.470348 -0.03346689 1.0
v 0.165679 1.466387 -0.03421002 1.0
v 0.1712777 1.462088 -0.0380423 1.0
v 0.0727585 1.579749 -0.0226154 1.0
v 0.07923914 1.57189 -0.02255242 1.0
v 0.08410608 1.563288 -0.02249376 1.0
v 0.08798205 1.555698 -0.02312461 1.0
v 0.09137882 1.547403 -0.02387834 1.0
v 0.0951779 1.538815 -0.02476415 1.0
v 0.09947342 1.530136 -0.02554848 1.0
v 0.1036796 1.522105 -0.02631818 1.0
v 0.1075179 1.514786 -0.0272861 1.0
v 0.1116407 1.507756 -0.02859995 1.0
v 0.1170049 1.500161 -0.03018512 1.0
v 0.1238701 1.49237 -0.03158176 1.0
v 0.1316091 1.485727 -0.03214943 1.0
v 0.139879 1.480039 -0.032398 1.0
v 0.1480152 1.475039 -0.0328542 1.0
v 0.1566807 1.470348 -0.03346689 1.0
v 0.165679 1.466387 -0.03421002 1.0
v 0.1712777 1.462088 -0.0380423 1.0
v 0.07002513 1.579064 -0.01711293 1.0
v 0.07478703 1.571092 -0.01490493 1.0
v 0.077274 1.562867 -0.01307344 1.0
v 0.08046398 1.553518 -0.01188151 1.0
v 0.08340688 1.544561 -0.01144647 1.0
v 0.08705444 1.534902 -0.01139654 1.0
v 0.0915943 1.525568 -0.01118888 1.0
v 0.09662867 1.516721 -0.01106778 1.0
v 0.102149 1.508229 -0.01145455 1.0
v 0.1079826 1.500223 -0.01294263 1.0
v 0.1145006 1.492522 -0.01541417 1.0
v 0.1220652 1.485439 -0.01814654 1.0
v 0.1303052 1.479769 -0.02047023 1.0
v 0.1392058 1.474961 -0.02274336 1.0
v 0.148026 1.47083 -0.02526817 1.0
v 0.1571966 1.467478 -0.02825108 1.0
v 0.1662147 1.465015 -0.03164865 1.0
v 0.1713415 1.462014 -0.03801632 1.0
v 0.07180836 1.582203 -0.01209427 1.0
v 0.07725076 1.575289 -0.007471086 1.0
v 0.08066455 1.566876 -0.00267979 1.0
v 0.08482368 1.556845 0.0006726068 1.0
v 0.08879218 1.547038 0.002375367 1.0
v 0.09281834 1.537692 0.003401658 1.0
v 0.09782474 1.529157 0.004220488 1.0
v 0.1038274 1.520498 0.004590921 1.0
v 0.1108501 1.511634 0.003880417 1.0
v 0.1178604 1.502998 0.001548971 1.0
v 0.1240181 1.495597 -0.001894896 1.0
v 0.1298783 1.489476 -0.0057183 1.0
v 0.1366751 1.483835 -0.009677046 1.0
v 0.144146 1.478728 -0.01375148 1.0
v 0.1521533 1.473843 -0.01825756 1.0
v 0.1599972 1.469849 -0.0235346 1.0
v 0.1677698 1.466263 -0.02946796 1.0
v 0.1714407 1.462019 -0.03803451 1.0
v 0.07180836 1.582203 -0.01209427 1.0
v 0.07725076 1.575289 -0.007471086 1.0
v 0.08066455 1.566876 -0.00267979 1.0
v 0.08482368 1.556845 0.0006726068 1.0
v 0.08879218 1.547038 0.002375367 1.0
v 0.09281834 1.537692 0.003401658 1.0
v 0.09782474 1.529157 0.004220488 1.0
v 0.1038274 1.520498 0.004590921 1.0
v 0.1108501 1.511634 0.003880417 1.0
v 0.1178604 1.502998 0.001548971 1.0
v 0.1240181 1.495597 -0.001894896 1.0
v 0.1298783 1.489476 -0.0057183 1.0
v 0.1366751 1.483835 -0.009677046 1.0
v 0.144146 1.478728 -0.01375148 1.0
v 0.1521533 1.473843 -0.01825756 1.0
v 0.1599972 1.469849 -0.0235346 1.0
v 0.1677698 1.466263 -0.02946796 1.0
v 0.1714407 1.462019 -0.03803451 1.0
v 0.07454173 1.582888 -0.01759674 1.0
v 0.08170287 1.576087 -0.01511857 1.0
v 0.08749662 1.567297 -0.01210011 1.0
v 0.09234177 1.559025 -0.0105705 1.0
v 0.09676412 1.54988 -0.0100565 1.0
v 0.1009418 1.541605 -0.009965954 1.0
v 0.1057039 1.533725 -0.01013911 1.0
v 0.1108784 1.525882 -0.01065948 1.0
v 0.1162191 1.518191 -0.01195113 1.0
v 0.1215184 1.510531 -0.01410835 1.0
v 0.1265224 1.503236 -0.01666584 1.0
v 0.1316832 1.496408 -0.01915352 1.0
v 0.137979 1.489792 -0.02135625 1.0
v 0.1448191 1.483806 -0.02340611 1.0
v 0.1521425 1.478051 -0.02584358 1.0
v 0.1594813 1.472719 -0.02875041 1.0
v 0.167234 1.467636 -0.03202932 1.0
v 0.1713768 1.462093 -0.03806049 1.0
v 0.0727585 1.579749 -0.0226154 1.0
v 0.07002513 1.579064 -0.01711293 1.0
v 0.07180836 1.582203 -0.01209427 1.0
v 0.07454173 1.582888 -0.01759674 1.0
v 0.1712777 1.462088 -0.0380423 1.0
v 0.1713415 1.462014 -0.03801632 1.0
v 0.1714407 1.462019 -0.03803451 1.0
v 0.1713768 1.462093 -0.03806049 1.0
v -0.02796923 1.602783 -0.02180006 1.0
v -0.03750823 1.601503 -0.0246629 1.0
v -0.04679717 1.598656 -0.02725933 1.0
v -0.05504101 1.594086 -0.02920223 1.0
v -0.06288429 1.589102 -0.03087168 1.0
v -0.07019853 1.583339 -0.03243226 1.0
v -0.07693145 1.576811 -0.03395937 1.0
v -0.08287592 1.569745 -0.03532519 1.0
v -0.08774412 1.561889 -0.03611349 1.0
v -0.09225617 1.553085 -0.03669584 1.0
v -0.09652138 1.543919 -0.03738823 1.0
v -0.1010855 1.534203 -0.03866706 1.0
v -0.1046604 1.525057 -0.0398404 1.0
v -0.1074271 1.516773 -0.04058066 1.0
v -0.1095404 1.509471 -0.04072216 1.0
v -0.1119699 1.501416 -0.04052359 1.0
v -0.1155262 1.491894 -0.04054541 1.0
v -0.1202669 1.481311 -0.0415725 1.0
v -0.1246648 1.471999 -0.04348487 1.0
v -0.1292701 1.463055 -0.04614826 1.0
v -0.1347834 1.453718 -0.05011327 1.0
v -0.1406761 1.445181 -0.05535347 1.0
v -0.146696 1.437903 -0.06144072 1.0
v -0.1526917 1.431067 -0.06841621 1.0
v -0.1582786 1.424402 -0.07632252 1.0
v -0.1632858 1.418495 -0.08495615 1.0
v -0.1675133 1.413408 -0.09391529 1.0
v -0.1708683 1.408788 -0.1032414 1.0
v -0.1730721 1.404286 -0.1129331 1.0
v -0.1743339 1.40052 -0.1223819 1.0
v -0.1753066 1.396917 -0.1318191 1.0
v -0.1762845 1.393185 -0.1410821 1.0
v -0.1773757 1.389247 -0.1502457 1.0
v -0.02796923 1.602783 -0.02180006 1.0
v -0.03750823 1.601503 -0.0246629 1.0
v -0.04679717 1.598656 -0.02725933 1.0
v -0.05504101 1.594086 -0.02920223 1.0
v -0.06288429 1.589102 -0.03087168 1.0
v -0.07019853 1.583339 -0.03243226 1.0
v -0.07693145 1.576811 -0.03395937 1.0
v -0.08287592 1.569745 -0.03532519 1.0
v -0.08774412 1.561889 -0.03611349 1.0
v -0.09225617 1.553085 -0.03669584 1.0
v -0.09652138 1.543919 -0.03738823 1.0
v -0.1010855 1.534203 -0.03866706 1.0
v -0.1046604 1.525057 -0.0398404 1.0
v -0.1074271 1.516773 -0.04058066 1.0
v -0.1095404 1.509471 -0.04072216 1.0
v -0.1119699 1.501416 -0.04052359 1.0
v -0.1155262 1.491894 -0.04054541 1.0
v -0.1202669 1.481311 -0.0415725 1.0
v -0.1246648 1.471999 -0.04348487 1.0
v -0.1292701 1.463055 -0.04614826 1.0
v -0.1347834 1.453718 -0.05011327 1.0
v -0.1406761 1.445181 -0.05535347 1.0
v -0.146696 1.437903 -0.06144072 1.0
v -0.1526917 1.431067 -0.06841621 1.0
v -0.1582786 1.424402 -0.07632252 1.0
v -0.1632858 1.418495 -0.08495615 1.0
v -0.1675133 1.413408 -0.09391529 1.0
v -0.1708683 1.408788 -0.1032414 1.0
v -0.1730721 1.404286 -0.1129331 1.0
v -0.1743339 1.40052 -0.1223819 1.0
v -0.1753066 1.396917 -0.1318191 1.0
v -0.1762845 1.393185 -0.1410821 1.0
v -0.1773757 1.389247 -0.1502457 1.0
v -0.02312794 1.600119 -0.03012021 1.0
v -0.03138691 1.598368 -0.03474197 1.0
v -0.03871755 1.59526 -0.03899608 1.0
v -0.04529857 1.590514 -0.04278563 1.0
v -0.0521229 1.585027 -0.04636936 1.0
v -0.05821719 1.579059 -0.04932442 1.0
v -0.06389028 1.572446 -0.05189898 1.0
v -0.06897701 1.565428 -0.05408966 1.0
v -0.07328837 1.557823 -0.05580912 1.0
v -0.07719644 1.549426 -0.05719163 1.0
v -0.08095348 1.540547 -0.05860767 1.0
v -0.0843671 1.531832 -0.06008665 1.0
v -0.08740161 1.522974 -0.06167815 1.0
v -0.09039268 1.513893 -0.06315874 1.0
v -0.09345526 1.504898 -0.06417497 1.0
v -0.09650606 1.495829 -0.0644196 1.0
v -0.09994503 1.486311 -0.06434296 1.0
v -0.1041302 1.476574 -0.06477836 1.0
v -0.1087795 1.467509 -0.0660786 1.0
v -0.1138067 1.458958 -0.0678603 1.0
v -0.1195393 1.450582 -0.07052688 1.0
v -0.1259604 1.442867 -0.07432546 1.0
v -0.1326999 1.436322 -0.07883091 1.0
v -0.1391541 1.430607 -0.08380716 1.0
v -0.1450052 1.425227 -0.08927748 1.0
v -0.1504957 1.419913 -0.09553348 1.0
v -0.1555143 1.414972 -0.1023397 1.0
v -0.1600801 1.410302 -0.109578 1.0
v -0.1640138 1.40593 -0.1174128 1.0
v -0.1674734 1.401849 -0.1256255 1.0
v -0.1707697 1.397827 -0.1339243 1.0
v -0.1740756 1.393633 -0.1421226 1.0
v -0.1772307 1.389277 -0.1503139 1.0
v -0.01883797 1.603365 -0.03853573 1.0
v -0.02629619 1.602409 -0.04506899 1.0
v -0.03337351 1.600067 -0.05175925 1.0
v -0.0403024 1.59572 -0.05828133 1.0
v -0.04728025 1.590492 -0.06423768 1.0
v -0.0538687 1.584261 -0.06935555 1.0
v -0.05994064 1.577216 -0.07363843 1.0
v -0.06562669 1.569392 -0.0772626 1.0
v -0.07079125 1.560912 -0.08025593 1.0
v -0.0749623 1.552445 -0.0826112 1.0
v -0.07869839 1.544003 -0.08481773 1.0
v -0.08150557 1.535923 -0.08690078 1.0
v -0.08451411 1.526977 -0.08915047 1.0
v -0.0881362 1.517011 -0.09132645 1.0
v -0.09262531 1.505999 -0.09294607 1.0
v -0.09661871 1.495589 -0.09342463 1.0
v -0.09967057 1.486707 -0.09332628 1.0
v -0.1023954 1.479254 -0.09325904 1.0
v -0.1065092 1.471125 -0.09373261 1.0
v -0.1111828 1.463178 -0.09436744 1.0
v -0.1158008 1.456508 -0.09522166 1.0
v -0.1210419 1.450459 -0.09668629 1.0
v -0.1270965 1.444735 -0.09879648 1.0
v -0.1331786 1.439472 -0.1013022 1.0
v -0.1387732 1.434313 -0.1042204 1.0
v -0.1438562 1.428882 -0.1079006 1.0
v -0.1488168 1.423297 -0.1125003 1.0
v -0.1537057 1.417627 -0.1176118 1.0
v -0.1585419 1.412292 -0.1232784 1.0
v -0.1633213 1.406719 -0.1299139 1.0
v -0.1680324 1.401059 -0.1367353 1.0
v -0.1727588 1.395198 -0.1435297 1.0
v -0.1771448 1.389381 -0.1504063 1.0
v -0.01883797 1.603365 -0.03853573 1.0
v -0.02629619 1.602409 -0.04506899 1.0
v -0.03337351 1.600067 -0.05175925 1.0
v -0.0403024 1.59572 -0.05828133 1.0
v -0.04728025 1.590492 -0.06423768 1.0
v -0.0538687 1.584261 -0.06935555 1.0
v -0.05994064 1.577216 -0.07363843 1.0
v -0.06562669 1.569392 -0.0772626 1.0
v -0.07079125 1.560912 -0.08025593 1.0
v -0.0749623 1.552445 -0.0826112 1.0
v -0.07869839 1.544003 -0.08481773 1.0
v -0.08150557 1.535923 -0.08690078 1.0
v -0.08451411 1.526977 -0.08915047 1.0
v -0.0881362 1.517011 -0.09132645 1.0
v -0.09262531 1.505999 -0.09294607 1.0
v -0.09661871 1.495589 -0.09342463 1.0
v -0.09967057 1.486707 -0.09332628 1.0
v -0.1023954 1.479254 -0.09325904 1.0
v -0.1065092 1.471125 -0.09373261 1.0
v -0.1111828 1.463178 -0.09436744 1.0
v -0.1158008 1.456508 -0.09522166 1.0
v -0.1210419 1.450459 -0.09668629 1.0
v -0.1270965 1.444735 -0.09879648 1.0
v -0.1331786 1.439472 -0.1013022 1.0
v -0.1387732 1.434313 -0.1042204 1.0
v -0.1438562 1.428882 -0.1079006 1.0
v -0.1488168 1.423297 -0.1125003 1.0
v -0.1537057 1.417627 -0.1176118 1.0
v -0.1585419 1.412292 -0.1232784 1.0
v -0.1633213 1.406719 -0.1299139 1.0
v -0.1680324 1.401059 -0.1367353 1.0
v -0.1727588 1.395198 -0.1435297 1.0
v -0.1771448 1.389381 -0.1504063 1.0
v -0.02367926 1.60603 -0.03021557 1.0
v -0.03241751 1.605544 -0.03498992 1.0
v -0.04145314 1.603463 -0.04002251 1.0
v -0.05004483 1.599292 -0.04469794 1.0
v -0.05804165 1.594567 -0.04874 1.0
v -0.06585003 1.588541 -0.05246339 1.0
v -0.0729818 1.581581 -0.05569882 1.0
v -0.0795256 1.573709 -0.05849813 1.0
v -0.08524701 1.564978 -0.0605603 1.0
v -0.09002203 1.556103 -0.06211543 1.0
v -0.0942663 1.547376 -0.06359829 1.0
v -0.09822401 1.538295 -0.06548119 1.0
v -0.1017729 1.529059 -0.06731273 1.0
v -0.1051706 1.519891 -0.06874838 1.0
v -0.1087104 1.510571 -0.06949326 1.0
v -0.1120825 1.501176 -0.06952862 1.0
v -0.1152517 1.492289 -0.06952871 1.0
v -0.118532 1.483991 -0.07005318 1.0
v -0.1223945 1.475615 -0.07113888 1.0
v -0.1266463 1.467275 -0.07265542 1.0
v -0.1310448 1.459645 -0.07480805 1.0
v -0.1357577 1.452773 -0.07771431 1.0
v -0.1410926 1.446317 -0.0814063 1.0
v -0.1467163 1.439931 -0.08591127 1.0
v -0.1520467 1.433489 -0.09126542 1.0
v -0.1566462 1.427464 -0.09732323 1.0
v -0.1608158 1.421732 -0.1040759 1.0
v -0.1644938 1.416113 -0.1112753 1.0
v -0.1676002 1.410648 -0.1187987 1.0
v -0.1701818 1.405391 -0.1266703 1.0
v -0.1725692 1.40015 -0.13463 1.0
v -0.1749677 1.39475 -0.1424892 1.0
v -0.1772898 1.38935 -0.1503381 1.0
v -0.02796923 1.602783 -0.02180006 1.0
v -0.02312794 1.600119 -0.03012021 1.0
v -0.01883797 1.603365 -0.03853573 1.0
v -0.02367926 1.60603 -0.03021557 1.0
v -0.1773757 1.389247 -0.1502457 1.0
v -0.1772307 1.389277 -0.1503139 1.0
v -0.1771448 1.389381 -0.1504063 1.0
v -0.1772898 1.38935 -0.1503381 1.0
v 0.01852701 1.603246 -0.03805039 1.0
v 0.02597979 1.602288 -0.04460193 1.0
v 0.03308442 1.599958 -0.05129527 1.0
v 0.04001835 1.595674 -0.05780193 1.0
v 0.04697822 1.590548 -0.06377144 1.0
v 0.05360408 1.584421 -0.06894562 1.0
v 0.0597215 1.577466 -0.07329892 1.0
v 0.06540749 1.569701 -0.07699141 1.0
v 0.07042124 1.561168 -0.08002153 1.0
v 0.07446508 1.552609 -0.08243084 1.0
v 0.07807653 1.544063 -0.08466893 1.0
v 0.08093064 1.535908 -0.08680917 1.0
v 0.08397776 1.526928 -0.08908945 1.0
v 0.08761951 1.516963 -0.0912752 1.0
v 0.09210588 1.505968 -0.09289878 1.0
v 0.09609924 1.495551 -0.09338425 1.0
v 0.09916202 1.486653 -0.09329338 1.0
v 0.1019115 1.47917 -0.09323371 1.0
v 0.1060493 1.470996 -0.09369671 1.0
v 0.1107229 1.463041 -0.09430146 1.0
v 0.1153179 1.456394 -0.09512839 1.0
v 0.1204971 1.450424 -0.09657138 1.0
v 0.1265154 1.444731 -0.09870551 1.0
v 0.132618 1.439418 -0.1012713 1.0
v 0.1383068 1.43414 -0.1042651 1.0
v 0.1435311 1.42862 -0.1079562 1.0
v 0.1485706 1.423055 -0.1124278 1.0
v 0.1534598 1.417468 -0.1173667 1.0
v 0.1582618 1.412172 -0.1229843 1.0
v 0.163003 1.406622 -0.1296461 1.0
v 0.1676677 1.40099 -0.1365093 1.0
v 0.1723589 1.395145 -0.1433527 1.0
v 0.1767 1.389353 -0.1502764 1.0
v 0.01852701 1.603246 -0.03805039 1.0
v 0.02597979 1.602288 -0.04460193 1.0
v 0.03308442 1.599958 -0.05129527 1.0
v 0.04001835 1.595674 -0.05780193 1.0
v 0.04697822 1.590548 -0.06377144 1.0
v 0.05360408 1.584421 -0.06894562 1.0
v 0.0597215 1.577466 -0.07329892 1.0
v 0.06540749 1.569701 -0.07699141 1.0
v 0.07042124 1.561168 -0.08002153 1.0
v 0.07446508 1.552609 -0.08243084 1.0
v 0.07807653 1.544063 -0.08466893 1.0
v 0.08093064 1.535908 -0.08680917 1.0
v 0.08397776 1.526928 -0.08908945 1.0
v 0.08761951 1.516963 -0.0912752 1.0
v 0.09210588 1.505968 -0.09289878 1.0
v 0.09609924 1.495551 -0.09338425 1.0
v 0.09916202 1.486653 -0.09329338 1.0
v 0.1019115 1.47917 -0.09323371 1.0
v 0.1060493 1.470996 -0.09369671 1.0
v 0.1107229 1.463041 -0.09430146 1.0
v 0.1153179 1.456394 -0.09512839 1.0
v 0.1204971 1.450424 -0.09657138 1.0
v 0.1265154 1.444731 -0.09870551 1.0
v 0.132618 1.439418 -0.1012713 1.0
v 0.1383068 1.43414 -0.1042651 1.0
v 0.1435311 1.42862 -0.1079562 1.0
v 0.1485706 1.423055 -0.1124278 1.0
v 0.1534598 1.417468 -0.1173667 1.0
v 0.1582618 1.412172 -0.1229843 1.0
v 0.163003 1.406622 -0.1296461 1.0
v 0.1676677 1.40099 -0.1365093 1.0
v 0.1723589 1.395145 -0.1433527 1.0
v 0.1767 1.389353 -0.1502764 1.0
v 0.02286631 1.600119 -0.02961504 1.0
v 0.03111344 1.598365 -0.03425099 1.0
v 0.03843625 1.595253 -0.03849746 1.0
v 0.0450136 1.590509 -0.04229189 1.0
v 0.05181544 1.585016 -0.04592211 1.0
v 0.05787929 1.579053 -0.04894263 1.0
v 0.06351125 1.572429 -0.05159115 1.0
v 0.06856159 1.565392 -0.05385265 1.0
v 0.07285378 1.557774 -0.05560881 1.0
v 0.07674228 1.549374 -0.05704171 1.0
v 0.08048951 1.540496 -0.05848777 1.0
v 0.08388387 1.53178 -0.06001043 1.0
v 0.08690844 1.522922 -0.06162218 1.0
v 0.08989664 1.513841 -0.06310961 1.0
v 0.09295631 1.504846 -0.06412911 1.0
v 0.09600347 1.495775 -0.06437903 1.0
v 0.09944272 1.486256 -0.06431014 1.0
v 0.1036337 1.47652 -0.06474951 1.0
v 0.1082959 1.467456 -0.06603092 1.0
v 0.1133402 1.458907 -0.06778014 1.0
v 0.1190876 1.450532 -0.07042275 1.0
v 0.1255056 1.442821 -0.0742342 1.0
v 0.1322243 1.436284 -0.07878436 1.0
v 0.1386641 1.430574 -0.08379018 1.0
v 0.1445339 1.425184 -0.0892415 1.0
v 0.1500961 1.419839 -0.09541559 1.0
v 0.1552049 1.414855 -0.1021249 1.0
v 0.1598237 1.410157 -0.1093117 1.0
v 0.1637503 1.405791 -0.1171544 1.0
v 0.1671737 1.401735 -0.1253953 1.0
v 0.1704216 1.397745 -0.1337297 1.0
v 0.1736842 1.393576 -0.1419581 1.0
v 0.1767866 1.389249 -0.150185 1.0
v 0.02772092 1.602904 -0.02134242 1.0
v 0.03724829 1.601618 -0.02421784 1.0
v 0.04651719 1.598744 -0.02678975 1.0
v 0.05476753 1.59411 -0.02872431 1.0
v 0.06260191 1.589012 -0.03042106 1.0
v 0.06984725 1.583146 -0.03199464 1.0
v 0.07647733 1.576506 -0.03352959 1.0
v 0.08234844 1.569357 -0.03492845 1.0
v 0.087286 1.561539 -0.0358361 1.0
v 0.09185346 1.552822 -0.0365472 1.0
v 0.09619353 1.54376 -0.03735185 1.0
v 0.1006773 1.534119 -0.03864598 1.0
v 0.104201 1.525003 -0.03981104 1.0
v 0.1069475 1.516718 -0.04054355 1.0
v 0.1090598 1.509396 -0.04068454 1.0
v 0.1114828 1.501344 -0.04048887 1.0
v 0.115029 1.491838 -0.04051574 1.0
v 0.1197559 1.481289 -0.04154031 1.0
v 0.1241514 1.472027 -0.04343268 1.0
v 0.1287863 1.463096 -0.04607316 1.0
v 0.1343464 1.45374 -0.05003113 1.0
v 0.1402951 1.445129 -0.05531893 1.0
v 0.1463121 1.437835 -0.06146573 1.0
v 0.152253 1.431062 -0.06844535 1.0
v 0.1577726 1.424507 -0.07624248 1.0
v 0.1627839 1.418625 -0.08469076 1.0
v 0.1671277 1.413424 -0.09356948 1.0
v 0.1706009 1.408658 -0.102953 1.0
v 0.1728227 1.404131 -0.1127095 1.0
v 0.1740492 1.400392 -0.1221895 1.0
v 0.174971 1.396825 -0.1316561 1.0
v 0.1758989 1.393126 -0.1409309 1.0
v 0.1769321 1.389219 -0.1501179 1.0
v 0.02772092 1.602904 -0.02134242 1.0
v 0.03724829 1.601618 -0.02421784 1.0
v 0.04651719 1.598744 -0.02678975 1.0
v 0.05476753 1.59411 -0.02872431 1.0
v 0.06260191 1.589012 -0.03042106 1.0
v 0.06984725 1.583146 -0.03199464 1.0
v 0.07647733 1.576506 -0.03352959 1.0
v 0.08234844 1.569357 -0.03492845 1.0
v 0.087286 1.561539 -0.0358361 1.0
v 0.09185346 1.552822 -0.0365472 1.0
v 0.09619353 1.54376 -0.03735185 1.0
v 0.1006773 1.534119 -0.03864598 1.0
v 0.104201 1.525003 -0.03981104 1.0
v 0.1069475 1.516718 -0.04054355 1.0
v 0.1090598 1.509396 -0.04068454 1.0
v 0.1114828 1.501344 -0.04048887 1.0
v 0.115029 1.491838 -0.04051574 1.0
v 0.1197559 1.481289 -0.04154031 1.0
v 0.1241514 1.472027 -0.04343268 1.0
v 0.1287863 1.463096 -0.04607316 1.0
v 0.1343464 1.45374 -0.05003113 1.0
v 0.1402951 1.445129 -0.05531893 1.0
v 0.1463121 1.437835 -0.06146573 1.0
v 0.152253 1.431062 -0.06844535 1.0
v 0.1577726 1.424507 -0.07624248 1.0
v 0.1627839 1.418625 -0.08469076 1.0
v 0.1671277 1.413424 -0.09356948 1.0
v 0.1706009 1.408658 -0.102953 1.0
v 0.1728227 1.404131 -0.1127095 1.0
v 0.1740492 1.400392 -0.1221895 1.0
v 0.174971 1.396825 -0.1316561 1.0
v 0.1758989 1.393126 -0.1409309 1.0
v 0.1769321 1.389219 -0.1501179 1.0
v 0.02338162 1.606032 -0.02977776 1.0
v 0.03211465 1.605542 -0.03456878 1.0
v 0.04116534 1.603449 -0.03958756 1.0
v 0.04977228 1.599275 -0.04423435 1.0
v 0.05776468 1.594543 -0.04827039 1.0
v 0.06557204 1.588514 -0.05199762 1.0
v 0.07268758 1.581543 -0.05523736 1.0
v 0.07919434 1.573666 -0.05806722 1.0
v 0.08485345 1.564933 -0.06024883 1.0
v 0.08957626 1.556056 -0.06193634 1.0
v 0.09378054 1.547328 -0.06353302 1.0
v 0.09772409 1.538246 -0.06544472 1.0
v 0.1012703 1.52901 -0.0672783 1.0
v 0.1046704 1.51984 -0.06870914 1.0
v 0.1082094 1.510518 -0.06945421 1.0
v 0.1115785 1.50112 -0.0694941 1.0
v 0.1147483 1.492235 -0.06949897 1.0
v 0.1180337 1.483939 -0.07002452 1.0
v 0.1219048 1.475567 -0.07109847 1.0
v 0.126169 1.467229 -0.07259449 1.0
v 0.1305767 1.459601 -0.07473677 1.0
v 0.1352866 1.452732 -0.07765611 1.0
v 0.1406032 1.446283 -0.08138687 1.0
v 0.1462068 1.439906 -0.0859265 1.0
v 0.1515455 1.433463 -0.0912661 1.0
v 0.1562189 1.427406 -0.0972314 1.0
v 0.1604933 1.421623 -0.1038724 1.0
v 0.164237 1.415968 -0.111008 1.0
v 0.1673342 1.410511 -0.1185393 1.0
v 0.1698784 1.40528 -0.1264403 1.0
v 0.1722171 1.400071 -0.1344357 1.0
v 0.1745736 1.394694 -0.1423254 1.0
v 0.1768455 1.389323 -0.1502093 1.0
v 0.01852701 1.603246 -0.03805039 1.0
v 0.02286631 1.600119 -0.02961504 1.0
v 0.02772092 1.602904 -0.02134242 1.0
v 0.02338162 1.606032 -0.02977776 1.0
v 0.1767 1.389353 -0.1502764 1.0
v 0.1767866 1.389249 -0.150185 1.0
v 0.1769321 1.389219 -0.1501179 1.0
v 0.1768455 1.389323 -0.1502093 1.0

vt 0.2 0.9899999
vt 0.2 0.962963
vt 0.2 0.925926
vt 0.2 0.8888888
vt 0.2 0.8518518
vt 0.2 0.8148148
vt 0.2 0.7777778
vt 0.2 0.7407408
vt 0.2 0.7037037
vt 0.2 0.6666666
vt 0.2 0.6296296
vt 0.2 0.5925926
vt 0.2 0.5555556
vt 0.2 0.5185185
vt 0.2 0.4814815
vt 0.2 0.4444444
vt 0.2 0.4074074
vt 0.2 0.3703704
vt 0.2 0.3333333
vt 0.2 0.2962963
vt 0.2 0.2592593
vt 0.2 0.2222222
vt 0.2 0.1851852
vt 0.2 0.1481481
vt 0.2 0.1111111
vt 0.2 0.07407409
vt 0.2 0.03703701
vt 0.2 0
vt 0 0.9899999
vt 0 0.962963
vt 0 0.925926
vt 0 0.8888888
vt 0 0.8518518
vt 0 0.8148148
vt 0 0.7777778
vt 0 0.7407408
vt 0 0.7037037
vt 0 0.6666666
vt 0 0.6296296
vt 0 0.5925926
vt 0 0.5555556
vt 0 0.5185185
vt 0 0.4814815
vt 0 0.4444444
vt 0 0.4074074
vt 0 0.3703704
vt 0 0.3333333
vt 0 0.2962963
vt 0 0.2592593
vt 0 0.2222222
vt 0 0.1851852
vt 0 0.1481481
vt 0 0.1111111
vt 0 0.07407409
vt 0 0.03703701
vt 0 0
vt 0.05 0.9899999
vt 0.05 0.962963
vt 0.05 0.925926
vt 0.05 0.8888888
vt 0.05 0.8518518
vt 0.05 0.8148148
vt 0.05 0.7777778
vt 0.05 0.7407408
vt 0.05 0.7037037
vt 0.05 0.6666666
vt 0.05 0.6296296
vt 0.05 0.5925926
vt 0.05 0.5555556
vt 0.05 0.5185185
vt 0.05 0.4814815
vt 0.05 0.4444444
vt 0.05 0.4074074
vt 0.05 0.3703704
vt 0.05 0.3333333
vt 0.05 0.2962963
vt 0.05 0.2592593
vt 0.05 0.2222222
vt 0.05 0.1851852
vt 0.05 0.1481481
vt 0.05 0.1111111
vt 0.05 0.07407409
vt 0.05 0.03703701
vt 0.05 0
vt 0.1 0.9899999
vt 0.1 0.962963
vt 0.1 0.925926
vt 0.1 0.8888888
vt 0.1 0.8518518
vt 0.1 0.8148148
vt 0.1 0.7777778
vt 0.1 0.7407408
vt 0.1 0.7037037
vt 0.1 0.6666666
vt 0.1 0.6296296
vt 0.1 0.5925926
vt 0.1 0.5555556
vt 0.1 0.5185185
vt 0.1 0.4814815
vt 0.1 0.4444444
vt 0.1 0.4074074
vt 0.1 0.3703704
vt 0.1 0.3333333
vt 0.1 0.2962963
vt 0.1 0.2592593
vt 0.1 0.2222222
vt 0.1 0.1851852
vt 0.1 0.1481481
vt 0.1 0.1111111
vt 0.1 0.07407409
vt 0.1 0.03703701
vt 0.1 0
vt 0.1 0.9899999
vt 0.1 0.962963
vt 0.1 0.925926
vt 0.1 0.8888888
vt 0.1 0.8518518
vt 0.1 0.8148148
vt 0.1 0.7777778
vt 0.1 0.7407408
vt 0.1 0.7037037
vt 0.1 0.6666666
vt 0.1 0.6296296
vt 0.1 0.5925926
vt 0.1 0.5555556
vt 0.1 0.5185185
vt 0.1 0.4814815
vt 0.1 0.4444444
vt 0.1 0.4074074
vt 0.1 0.3703704
vt 0.1 0.3333333
vt 0.1 0.2962963
vt 0.1 0.2592593
vt 0.1 0.2222222
vt 0.1 0.1851852
vt 0.1 0.1481481
vt 0.1 0.1111111
vt 0.1 0.07407409
vt 0.1 0.03703701
vt 0.1 0
vt 0.15 0.9899999
vt 0.15 0.962963
vt 0.15 0.925926
vt 0.15 0.8888888
vt 0.15 0.8518518
vt 0.15 0.8148148
vt 0.15 0.7777778
vt 0.15 0.7407408
vt 0.15 0.7037037
vt 0.15 0.6666666
vt 0.15 0.6296296
vt 0.15 0.5925926
vt 0.15 0.5555556
vt 0.15 0.5185185
vt 0.15 0.4814815
vt 0.15 0.4444444
vt 0.15 0.4074074
vt 0.15 0.3703704
vt 0.15 0.3333333
vt 0.15 0.2962963
vt 0.15 0.2592593
vt 0.15 0.2222222
vt 0.15 0.1851852
vt 0.15 0.1481481
vt 0.15 0.1111111
vt 0.15 0.07407409
vt 0.15 0.03703701
vt 0.15 0
vt 0.2 0.9899999
vt 0.05 0.9899999
vt 0.1 0.9899999
vt 0.15 0.9899999
vt 0.2 0
vt 0.05 0
vt 0.1 0
vt 0.15 0
vt 0.2 0.9899999
vt 0.2 0.95
vt 0.2 0.9
vt 0.2 0.85
vt 0.2 0.8
vt 0.2 0.75
vt 0.2 0.7
vt 0.2 0.65
vt 0.2 0.6
vt 0.2 0.55
vt 0.2 0.5
vt 0.2 0.45
vt 0.2 0.4
vt 0.2 0.35
vt 0.2 0.3
vt 0.2 0.25
vt 0.2 0.2
vt 0.2 0.15
vt 0.2 0.1
vt 0.2 0.05000001
vt 0.2 0
vt 0 0.9899999
vt 0 0.95
vt 0 0.9
vt 0 0.85
vt 0 0.8
vt 0 0.75
vt 0 0.7
vt 0 0.65
vt 0 0.6
vt 0 0.55
vt 0 0.5
vt 0 0.45
vt 0 0.4
vt 0 0.35
vt 0 0.3
vt 0 0.25
vt 0 0.2
vt 0 0.15
vt 0 0.1
vt 0 0.05000001
vt 0 0
vt 0.05 0.9899999
vt 0.05 0.95
vt 0.05 0.9
vt 0.05 0.85
vt 0.05 0.8
vt 0.05 0.75
vt 0.05 0.7
vt 0.05 0.65
vt 0.05 0.6
vt 0.05 0.55
vt 0.05 0.5
vt 0.05 0.45
vt 0.05 0.4
vt 0.05 0.35
vt 0.05 0.3
vt 0.05 0.25
vt 0.05 0.2
vt 0.05 0.15
vt 0.05 0.1
vt 0.05 0.05000001
vt 0.05 0
vt 0.1 0.9899999
vt 0.1 0.95
vt 0.1 0.9
vt 0.1 0.85
vt 0.1 0.8
vt 0.1 0.75
vt 0.1 0.7
vt 0.1 0.65
vt 0.1 0.6
vt 0.1 0.55
vt 0.1 0.5
vt 0.1 0.45
vt 0.1 0.4
vt 0.1 0.35
vt 0.1 0.3
vt 0.1 0.25
vt 0.1 0.2
vt 0.1 0.15
vt 0.1 0.1
vt 0.1 0.05000001
vt 0.1 0
vt 0.1 0.9899999
vt 0.1 0.95
vt 0.1 0.9
vt 0.1 0.85
vt 0.1 0.8
vt 0.1 0.75
vt 0.1 0.7
vt 0.1 0.65
vt 0.1 0.6
vt 0.1 0.55
vt 0.1 0.5
vt 0.1 0.45
vt 0.1 0.4
vt 0.1 0.35
vt 0.1 0.3
vt 0.1 0.25
vt 0.1 0.2
vt 0.1 0.15
vt 0.1 0.1
vt 0.1 0.05000001
vt 0.1 0
vt 0.15 0.9899999
vt 0.15 0.95
vt 0.15 0.9
vt 0.15 0.85
vt 0.15 0.8
vt 0.15 0.75
vt 0.15 0.7
vt 0.15 0.65
vt 0.15 0.6
vt 0.15 0.55
vt 0.15 0.5
vt 0.15 0.45
vt 0.15 0.4
vt 0.15 0.35
vt 0.15 0.3
vt 0.15 0.25
vt 0.15 0.2
vt 0.15 0.15
vt 0.15 0.1
vt 0.15 0.05000001
vt 0.15 0
vt 0.2 0.9899999
vt 0.05 0.9899999
vt 0.1 0.9899999
vt 0.15 0.9899999
vt 0.2 0
vt 0.05 0
vt 0.1 0
vt 0.15 0
vt 0.2 0.9899999
vt 0.2 0.9666666
vt 0.2 0.9333333
vt 0.2 0.9
vt 0.2 0.8666667
vt 0.2 0.8333334
vt 0.2 0.8
vt 0.2 0.7666666
vt 0.2 0.7333333
vt 0.2 0.7
vt 0.2 0.6666666
vt 0.2 0.6333333
vt 0.2 0.6
vt 0.2 0.5666666
vt 0.2 0.5333333
vt 0.2 0.5
vt 0.2 0.4666666
vt 0.2 0.4333333
vt 0.2 0.4
vt 0.2 0.3666667
vt 0.2 0.3333333
vt 0.2 0.3
vt 0.2 0.2666667
vt 0.2 0.2333333
vt 0.2 0.2
vt 0.2 0.1666667
vt 0.2 0.1333333
vt 0.2 0.1
vt 0.2 0.06666666
vt 0.2 0.03333336
vt 0.2 0
vt 0 0.9899999
vt 0 0.9666666
vt 0 0.9333333
vt 0 0.9
vt 0 0.8666667
vt 0 0.8333334
vt 0 0.8
vt 0 0.7666666
vt 0 0.7333333
vt 0 0.7
vt 0 0.6666666
vt 0 0.6333333
vt 0 0.6
vt 0 0.5666666
vt 0 0.5333333
vt 0 0.5
vt 0 0.4666666
vt 0 0.4333333
vt 0 0.4
vt 0 0.3666667
vt 0 0.3333333
vt 0 0.3
vt 0 0.2666667
vt 0 0.2333333
vt 0 0.2
vt 0 0.1666667
vt 0 0.1333333
vt 0 0.1
vt 0 0.06666666
vt 0 0.03333336
vt 0 0
vt 0.05 0.9899999
vt 0.05 0.9666666
vt 0.05 0.9333333
vt 0.05 0.9
vt 0.05 0.8666667
vt 0.05 0.8333334
vt 0.05 0.8
vt 0.05 0.7666666
vt 0.05 0.7333333
vt 0.05 0.7
vt 0.05 0.6666666
vt 0.05 0.6333333
vt 0.05 0.6
vt 0.05 0.5666666
vt 0.05 0.5333333
vt 0.05 0.5
vt 0.05 0.4666666
vt 0.05 0.4333333
vt 0.05 0.4
vt 0.05 0.3666667
vt 0.05 0.3333333
vt 0.05 0.3
vt 0.05 0.2666667
vt 0.05 0.2333333
vt 0.05 0.2
vt 0.05 0.1666667
vt 0.05 0.1333333
vt 0.05 0.1
vt 0.05 0.06666666
vt 0.05 0.03333336
vt 0.05 0
vt 0.1 0.9899999
vt 0.1 0.9666666
vt 0.1 0.9333333
vt 0.1 0.9
vt 0.1 0.8666667
vt 0.1 0.8333334
vt 0.1 0.8
vt 0.1 0.7666666
vt 0.1 0.7333333
vt 0.1 0.7
vt 0.1 0.6666666
vt 0.1 0.6333333
vt 0.1 0.6
vt 0.1 0.5666666
vt 0.1 0.5333333
vt 0.1 0.5
vt 0.1 0.4666666
vt 0.1 0.4333333
vt 0.1 0.4
vt 0.1 0.3666667
vt 0.1 0.3333333
vt 0.1 0.3
vt 0.1 0.2666667
vt 0.1 0.2333333
vt 0.1 0.2
vt 0.1 0.1666667
vt 0.1 0.1333333
vt 0.1 0.1
vt 0.1 0.06666666
vt 0.1 0.03333336
vt 0.1 0
vt 0.1 0.9899999
vt 0.1 0.9666666
vt 0.1 0.9333333
vt 0.1 0.9
vt 0.1 0.8666667
vt 0.1 0.8333334
vt 0.1 0.8
vt 0.1 0.7666666
vt 0.1 0.7333333
vt 0.1 0.7
vt 0.1 0.6666666
vt 0.1 0.6333333
vt 0.1 0.6
vt 0.1 0.5666666
vt 0.1 0.5333333
vt 0.1 0.5
vt 0.1 0.4666666
vt 0.1 0.4333333
vt 0.1 0.4
vt 0.1 0.3666667
vt 0.1 0.3333333
vt 0.1 0.3
vt 0.1 0.2666667
vt 0.1 0.2333333
vt 0.1 0.2
vt 0.1 0.1666667
vt 0.1 0.1333333
vt 0.1 0.1
vt 0.1 0.06666666
vt 0.1 0.03333336
vt 0.1 0
vt 0.15 0.9899999
vt 0.15 0.9666666
vt 0.15 0.9333333
vt 0.15 0.9
vt 0.15 0.8666667
vt 0.15 0.8333334
vt 0.15 0.8
vt 0.15 0.7666666
vt 0.15 0.7333333
vt 0.15 0.7
vt 0.15 0.6666666
vt 0.15 0.6333333
vt 0.15 0.6
vt 0.15 0.5666666
vt 0.15 0.5333333
vt 0.15 0.5
vt 0.15 0.4666666
vt 0.15 0.4333333
vt 0.15 0.4
vt 0.15 0.3666667
vt 0.15 0.3333333
vt 0.15 0.3
vt 0.15 0.2666667
vt 0.15 0.2333333
vt 0.15 0.2
vt 0.15 0.1666667
vt 0.15 0.1333333
vt 0.15 0.1
vt 0.15 0.06666666
vt 0.15 0.03333336
vt 0.15 0
vt 0.2 0.9899999
vt 0.05 0.9899999
vt 0.1 0.9899999
vt 0.15 0.9899999
vt 0.2 0
vt 0.05 0
vt 0.1 0
vt 0.15 0
vt 0.2 0.9899999
vt 0.2 0.9666666
vt 0.2 0.9333333
vt 0.2 0.9
vt 0.2 0.8666667
vt 0.2 0.8333334
vt 0.2 0.8
vt 0.2 0.7666666
vt 0.2 0.7333333
vt 0.2 0.7
vt 0.2 0.6666666
vt 0.2 0.6333333
vt 0.2 0.6
vt 0.2 0.5666666
vt 0.2 0.5333333
vt 0.2 0.5
vt 0.2 0.4666666
vt 0.2 0.4333333
vt 0.2 0.4
vt 0.2 0.3666667
vt 0.2 0.3333333
vt 0.2 0.3
vt 0.2 0.2666667
vt 0.2 0.2333333
vt 0.2 0.2
vt 0.2 0.1666667
vt 0.2 0.1333333
vt 0.2 0.1
vt 0.2 0.06666666
vt 0.2 0.03333336
vt 0.2 0
vt 0 0.9899999
vt 0 0.9666666
vt 0 0.9333333
vt 0 0.9
vt 0 0.8666667
vt 0 0.8333334
vt 0 0.8
vt 0 0.7666666
vt 0 0.7333333
vt 0 0.7
vt 0 0.6666666
vt 0 0.6333333
vt 0 0.6
vt 0 0.5666666
vt 0 0.5333333
vt 0 0.5
vt 0 0.4666666
vt 0 0.4333333
vt 0 0.4
vt 0 0.3666667
vt 0 0.3333333
vt 0 0.3
vt 0 0.2666667
vt 0 0.2333333
vt 0 0.2
vt 0 0.1666667
vt 0 0.1333333
vt 0 0.1
vt 0 0.06666666
vt 0 0.03333336
vt 0 0
vt 0.05 0.9899999
vt 0.05 0.9666666
vt 0.05 0.9333333
vt 0.05 0.9
vt 0.05 0.8666667
vt 0.05 0.8333334
vt 0.05 0.8
vt 0.05 0.7666666
vt 0.05 0.7333333
vt 0.05 0.7
vt 0.05 0.6666666
vt 0.05 0.6333333
vt 0.05 0.6
vt 0.05 0.5666666
vt 0.05 0.5333333
vt 0.05 0.5
vt 0.05 0.4666666
vt 0.05 0.4333333
vt 0.05 0.4
vt 0.05 0.3666667
vt 0.05 0.3333333
vt 0.05 0.3
vt 0.05 0.2666667
vt 0.05 0.2333333
vt 0.05 0.2
vt 0.05 0.1666667
vt 0.05 0.1333333
vt 0.05 0.1
vt 0.05 0.06666666
vt 0.05 0.03333336
vt 0.05 0
vt 0.1 0.9899999
vt 0.1 0.9666666
vt 0.1 0.9333333
vt 0.1 0.9
vt 0.1 0.8666667
vt 0.1 0.8333334
vt 0.1 0.8
vt 0.1 0.7666666
vt 0.1 0.7333333
vt 0.1 0.7
vt 0.1 0.6666666
vt 0.1 0.6333333
vt 0.1 0.6
vt 0.1 0.5666666
vt 0.1 0.5333333
vt 0.1 0.5
vt 0.1 0.4666666
vt 0.1 0.4333333
vt 0.1 0.4
vt 0.1 0.3666667
vt 0.1 0.3333333
vt 0.1 0.3
vt 0.1 0.2666667
vt 0.1 0.2333333
vt 0.1 0.2
vt 0.1 0.1666667
vt 0.1 0.1333333
vt 0.1 0.1
vt 0.1 0.06666666
vt 0.1 0.03333336
vt 0.1 0
vt 0.1 0.9899999
vt 0.1 0.9666666
vt 0.1 0.9333333
vt 0.1 0.9
vt 0.1 0.8666667
vt 0.1 0.8333334
vt 0.1 0.8
vt 0.1 0.7666666
vt 0.1 0.7333333
vt 0.1 0.7
vt 0.1 0.6666666
vt 0.1 0.6333333
vt 0.1 0.6
vt 0.1 0.5666666
vt 0.1 0.5333333
vt 0.1 0.5
vt 0.1 0.4666666
vt 0.1 0.4333333
vt 0.1 0.4
vt 0.1 0.3666667
vt 0.1 0.3333333
vt 0.1 0.3
vt 0.1 0.2666667
vt 0.1 0.2333333
vt 0.1 0.2
vt 0.1 0.1666667
vt 0.1 0.1333333
vt 0.1 0.1
vt 0.1 0.06666666
vt 0.1 0.03333336
vt 0.1 0
vt 0.15 0.9899999
vt 0.15 0.9666666
vt 0.15 0.9333333
vt 0.15 0.9
vt 0.15 0.8666667
vt 0.15 0.8333334
vt 0.15 0.8
vt 0.15 0.7666666
vt 0.15 0.7333333
vt 0.15 0.7
vt 0.15 0.6666666
vt 0.15 0.6333333
vt 0.15 0.6
vt 0.15 0.5666666
vt 0.15 0.5333333
vt 0.15 0.5
vt 0.15 0.4666666
vt 0.15 0.4333333
vt 0.15 0.4
vt 0.15 0.3666667
vt 0.15 0.3333333
vt 0.15 0.3
vt 0.15 0.2666667
vt 0.15 0.2333333
vt 0.15 0.2
vt 0.15 0.1666667
vt 0.15 0.1333333
vt 0.15 0.1
vt 0.15 0.06666666
vt 0.15 0.03333336
vt 0.15 0
vt 0.2 0.9899999
vt 0.05 0.9899999
vt 0.1 0.9899999
vt 0.15 0.9899999
vt 0.2 0
vt 0.05 0
vt 0.1 0
vt 0.15 0
vt 0.2 0.9899999
vt 0.2 0.9615384
vt 0.2 0.923077
vt 0.2 0.8846154
vt 0.2 0.8461539
vt 0.2 0.8076923
vt 0.2 0.7692308
vt 0.2 0.7307692
vt 0.2 0.6923077
vt 0.2 0.6538461
vt 0.2 0.6153846
vt 0.2 0.5769231
vt 0.2 0.5384616
vt 0.2 0.5
vt 0.2 0.4615384
vt 0.2 0.4230769
vt 0.2 0.3846154
vt 0.2 0.3461539
vt 0.2 0.3076923
vt 0.2 0.2692308
vt 0.2 0.2307692
vt 0.2 0.1923077
vt 0.2 0.1538461
vt 0.2 0.1153846
vt 0.2 0.07692307
vt 0.2 0.03846156
vt 0.2 0
vt 0 0.9899999
vt 0 0.9615384
vt 0 0.923077
vt 0 0.8846154
vt 0 0.8461539
vt 0 0.8076923
vt 0 0.7692308
vt 0 0.7307692
vt 0 0.6923077
vt 0 0.6538461
vt 0 0.6153846
vt 0 0.5769231
vt 0 0.5384616
vt 0 0.5
vt 0 0.4615384
vt 0 0.4230769
vt 0 0.3846154
vt 0 0.3461539
vt 0 0.3076923
vt 0 0.2692308
vt 0 0.2307692
vt 0 0.1923077
vt 0 0.1538461
vt 0 0.1153846
vt 0 0.07692307
vt 0 0.03846156
vt 0 0
vt 0.05 0.9899999
vt 0.05 0.9615384
vt 0.05 0.923077
vt 0.05 0.8846154
vt 0.05 0.8461539
vt 0.05 0.8076923
vt 0.05 0.7692308
vt 0.05 0.7307692
vt 0.05 0.6923077
vt 0.05 0.6538461
vt 0.05 0.6153846
vt 0.05 0.5769231
vt 0.05 0.5384616
vt 0.05 0.5
vt 0.05 0.4615384
vt 0.05 0.4230769
vt 0.05 0.3846154
vt 0.05 0.3461539
vt 0.05 0.3076923
vt 0.05 0.2692308
vt 0.05 0.2307692
vt 0.05 0.1923077
vt 0.05 0.1538461
vt 0.05 0.1153846
vt 0.05 0.07692307
vt 0.05 0.03846156
vt 0.05 0
vt 0.1 0.9899999
vt 0.1 0.9615384
vt 0.1 0.923077
vt 0.1 0.8846154
vt 0.1 0.8461539
vt 0.1 0.8076923
vt 0.1 0.7692308
vt 0.1 0.7307692
vt 0.1 0.6923077
vt 0.1 0.6538461
vt 0.1 0.6153846
vt 0.1 0.5769231
vt 0.1 0.5384616
vt 0.1 0.5
vt 0.1 0.4615384
vt 0.1 0.4230769
vt 0.1 0.3846154
vt 0.1 0.3461539
vt 0.1 0.3076923
vt 0.1 0.2692308
vt 0.1 0.2307692
vt 0.1 0.1923077
vt 0.1 0.1538461
vt 0.1 0.1153846
vt 0.1 0.07692307
vt 0.1 0.03846156
vt 0.1 0
vt 0.1 0.9899999
vt 0.1 0.9615384
vt 0.1 0.923077
vt 0.1 0.8846154
vt 0.1 0.8461539
vt 0.1 0.8076923
vt 0.1 0.7692308
vt 0.1 0.7307692
vt 0.1 0.6923077
vt 0.1 0.6538461
vt 0.1 0.6153846
vt 0.1 0.5769231
vt 0.1 0.5384616
vt 0.1 0.5
vt 0.1 0.4615384
vt 0.1 0.4230769
vt 0.1 0.3846154
vt 0.1 0.3461539
vt 0.1 0.3076923
vt 0.1 0.2692308
vt 0.1 0.2307692
vt 0.1 0.1923077
vt 0.1 0.1538461
vt 0.1 0.1153846
vt 0.1 0.07692307
vt 0.1 0.03846156
vt 0.1 0
vt 0.15 0.9899999
vt 0.15 0.9615384
vt 0.15 0.923077
vt 0.15 0.8846154
vt 0.15 0.8461539
vt 0.15 0.8076923
vt 0.15 0.7692308
vt 0.15 0.7307692
vt 0.15 0.6923077
vt 0.15 0.6538461
vt 0.15 0.6153846
vt 0.15 0.5769231
vt 0.15 0.5384616
vt 0.15 0.5
vt 0.15 0.4615384
vt 0.15 0.4230769
vt 0.15 0.3846154
vt 0.15 0.3461539
vt 0.15 0.3076923
vt 0.15 0.2692308
vt 0.15 0.2307692
vt 0.15 0.1923077
vt 0.15 0.1538461
vt 0.15 0.1153846
vt 0.15 0.07692307
vt 0.15 0.03846156
vt 0.15 0
vt 0.2 0.9899999
vt 0.05 0.9899999
vt 0.1 0.9899999
vt 0.15 0.9899999
vt 0.2 0
vt 0.05 0
vt 0.1 0
vt 0.15 0
vt 0.2 0.9899999
vt 0.2 0.9615384
vt 0.2 0.923077
vt 0.2 0.8846154
vt 0.2 0.8461539
vt 0.2 0.8076923
vt 0.2 0.7692308
vt 0.2 0.7307692
vt 0.2 0.6923077
vt 0.2 0.6538461
vt 0.2 0.6153846
vt 0.2 0.5769231
vt 0.2 0.5384616
vt 0.2 0.5
vt 0.2 0.4615384
vt 0.2 0.4230769
vt 0.2 0.3846154
vt 0.2 0.3461539
vt 0.2 0.3076923
vt 0.2 0.2692308
vt 0.2 0.2307692
vt 0.2 0.1923077
vt 0.2 0.1538461
vt 0.2 0.1153846
vt 0.2 0.07692307
vt 0.2 0.03846156
vt 0.2 0
vt 0 0.9899999
vt 0 0.9615384
vt 0 0.923077
vt 0 0.8846154
vt 0 0.8461539
vt 0 0.8076923
vt 0 0.7692308
vt 0 0.7307692
vt 0 0.6923077
vt 0 0.6538461
vt 0 0.6153846
vt 0 0.5769231
vt 0 0.5384616
vt 0 0.5
vt 0 0.4615384
vt 0 0.4230769
vt 0 0.3846154
vt 0 0.3461539
vt 0 0.3076923
vt 0 0.2692308
vt 0 0.2307692
vt 0 0.1923077
vt 0 0.1538461
vt 0 0.1153846
vt 0 0.07692307
vt 0 0.03846156
vt 0 0
vt 0.05 0.9899999
vt 0.05 0.9615384
vt 0.05 0.923077
vt 0.05 0.8846154
vt 0.05 0.8461539
vt 0.05 0.8076923
vt 0.05 0.7692308
vt 0.05 0.7307692
vt 0.05 0.6923077
vt 0.05 0.6538461
vt 0.05 0.6153846
vt 0.05 0.5769231
vt 0.05 0.5384616
vt 0.05 0.5
vt 0.05 0.4615384
vt 0.05 0.4230769
vt 0.05 0.3846154
vt 0.05 0.3461539
vt 0.05 0.3076923
vt 0.05 0.2692308
vt 0.05 0.2307692
vt 0.05 0.1923077
vt 0.05 0.1538461
vt 0.05 0.1153846
vt 0.05 0.07692307
vt 0.05 0.03846156
vt 0.05 0
vt 0.1 0.9899999
vt 0.1 0.9615384
vt 0.1 0.923077
vt 0.1 0.8846154
vt 0.1 0.8461539
vt 0.1 0.8076923
vt 0.1 0.7692308
vt 0.1 0.7307692
vt 0.1 0.6923077
vt 0.1 0.6538461
vt 0.1 0.6153846
vt 0.1 0.5769231
vt 0.1 0.5384616
vt 0.1 0.5
vt 0.1 0.4615384
vt 0.1 0.4230769
vt 0.1 0.3846154
vt 0.1 0.3461539
vt 0.1 0.3076923
vt 0.1 0.2692308
vt 0.1 0.2307692
vt 0.1 0.1923077
vt 0.1 0.1538461
vt 0.1 0.1153846
vt 0.1 0.07692307
vt 0.1 0.03846156
vt 0.1 0
vt 0.1 0.9899999
vt 0.1 0.9615384
vt 0.1 0.923077
vt 0.1 0.8846154
vt 0.1 0.8461539
vt 0.1 0.8076923
vt 0.1 0.7692308
vt 0.1 0.7307692
vt 0.1 0.6923077
vt 0.1 0.6538461
vt 0.1 0.6153846
vt 0.1 0.5769231
vt 0.1 0.5384616
vt 0.1 0.5
vt 0.1 0.4615384
vt 0.1 0.4230769
vt 0.1 0.3846154
vt 0.1 0.3461539
vt 0.1 0.3076923
vt 0.1 0.2692308
vt 0.1 0.2307692
vt 0.1 0.1923077
vt 0.1 0.1538461
vt 0.1 0.1153846
vt 0.1 0.07692307
vt 0.1 0.03846156
vt 0.1 0
vt 0.15 0.9899999
vt 0.15 0.9615384
vt 0.15 0.923077
vt 0.15 0.8846154
vt 0.15 0.8461539
vt 0.15 0.8076923
vt 0.15 0.7692308
vt 0.15 0.7307692
vt 0.15 0.6923077
vt 0.15 0.6538461
vt 0.15 0.6153846
vt 0.15 0.5769231
vt 0.15 0.5384616
vt 0.15 0.5
vt 0.15 0.4615384
vt 0.15 0.4230769
vt 0.15 0.3846154
vt 0.15 0.3461539
vt 0.15 0.3076923
vt 0.15 0.2692308
vt 0.15 0.2307692
vt 0.15 0.1923077
vt 0.15 0.1538461
vt 0.15 0.1153846
vt 0.15 0.07692307
vt 0.15 0.03846156
vt 0.15 0
vt 0.2 0.9899999
vt 0.05 0.9899999
vt 0.1 0.9899999
vt 0.15 0.9899999
vt 0.2 0
vt 0.05 0
vt 0.1 0
vt 0.15 0
vt 0.2 0.9899999
vt 0.2 0.952381
vt 0.2 0.9047619
vt 0.2 0.8571429
vt 0.2 0.8095238
vt 0.2 0.7619048
vt 0.2 0.7142857
vt 0.2 0.6666666
vt 0.2 0.6190476
vt 0.2 0.5714285
vt 0.2 0.5238096
vt 0.2 0.4761904
vt 0.2 0.4285714
vt 0.2 0.3809524
vt 0.2 0.3333333
vt 0.2 0.2857143
vt 0.2 0.2380952
vt 0.2 0.1904762
vt 0.2 0.1428571
vt 0.2 0.09523809
vt 0.2 0.04761904
vt 0.2 0
vt 0 0.9899999
vt 0 0.952381
vt 0 0.9047619
vt 0 0.8571429
vt 0 0.8095238
vt 0 0.7619048
vt 0 0.7142857
vt 0 0.6666666
vt 0 0.6190476
vt 0 0.5714285
vt 0 0.5238096
vt 0 0.4761904
vt 0 0.4285714
vt 0 0.3809524
vt 0 0.3333333
vt 0 0.2857143
vt 0 0.2380952
vt 0 0.1904762
vt 0 0.1428571
vt 0 0.09523809
vt 0 0.04761904
vt 0 0
vt 0.05 0.9899999
vt 0.05 0.952381
vt 0.05 0.9047619
vt 0.05 0.8571429
vt 0.05 0.8095238
vt 0.05 0.7619048
vt 0.05 0.7142857
vt 0.05 0.6666666
vt 0.05 0.6190476
vt 0.05 0.5714285
vt 0.05 0.5238096
vt 0.05 0.4761904
vt 0.05 0.4285714
vt 0.05 0.3809524
vt 0.05 0.3333333
vt 0.05 0.2857143
vt 0.05 0.2380952
vt 0.05 0.1904762
vt 0.05 0.1428571
vt 0.05 0.09523809
vt 0.05 0.04761904
vt 0.05 0
vt 0.1 0.9899999
vt 0.1 0.952381
vt 0.1 0.9047619
vt 0.1 0.8571429
vt 0.1 0.8095238
vt 0.1 0.7619048
vt 0.1 0.7142857
vt 0.1 0.6666666
vt 0.1 0.6190476
vt 0.1 0.5714285
vt 0.1 0.5238096
vt 0.1 0.4761904
vt 0.1 0.4285714
vt 0.1 0.3809524
vt 0.1 0.3333333
vt 0.1 0.2857143
vt 0.1 0.2380952
vt 0.1 0.1904762
vt 0.1 0.1428571
vt 0.1 0.09523809
vt 0.1 0.04761904
vt 0.1 0
vt 0.1 0.9899999
vt 0.1 0.952381
vt 0.1 0.9047619
vt 0.1 0.8571429
vt 0.1 0.8095238
vt 0.1 0.7619048
vt 0.1 0.7142857
vt 0.1 0.6666666
vt 0.1 0.6190476
vt 0.1 0.5714285
vt 0.1 0.5238096
vt 0.1 0.4761904
vt 0.1 0.4285714
vt 0.1 0.3809524
vt 0.1 0.3333333
vt 0.1 0.2857143
vt 0.1 0.2380952
vt 0.1 0.1904762
vt 0.1 0.1428571
vt 0.1 0.09523809
vt 0.1 0.04761904
vt 0.1 0
vt 0.15 0.9899999
vt 0.15 0.952381
vt 0.15 0.9047619
vt 0.15 0.8571429
vt 0.15 0.8095238
vt 0.15 0.7619048
vt 0.15 0.7142857
vt 0.15 0.6666666
vt 0.15 0.6190476
vt 0.15 0.5714285
vt 0.15 0.5238096
vt 0.15 0.4761904
vt 0.15 0.4285714
vt 0.15 0.3809524
vt 0.15 0.3333333
vt 0.15 0.2857143
vt 0.15 0.2380952
vt 0.15 0.1904762
vt 0.15 0.1428571
vt 0.15 0.09523809
vt 0.15 0.04761904
vt 0.15 0
vt 0.2 0.9899999
vt 0.05 0.9899999
vt 0.1 0.9899999
vt 0.15 0.9899999
vt 0.2 0
vt 0.05 0
vt 0.1 0
vt 0.15 0
vt 0.2 0.9899999
vt 0.2 0.972973
vt 0.2 0.945946
vt 0.2 0.9189188
vt 0.2 0.8918918
vt 0.2 0.8648649
vt 0.2 0.8378378
vt 0.2 0.8108108
vt 0.2 0.7837838
vt 0.2 0.7567568
vt 0.2 0.7297298
vt 0.2 0.7027027
vt 0.2 0.6756757
vt 0.2 0.6486486
vt 0.2 0.6216216
vt 0.2 0.5945946
vt 0.2 0.5675676
vt 0.2 0.5405406
vt 0.2 0.5135135
vt 0.2 0.4864865
vt 0.2 0.4594595
vt 0.2 0.4324324
vt 0.2 0.4054054
vt 0.2 0.3783784
vt 0.2 0.3513514
vt 0.2 0.3243243
vt 0.2 0.2972973
vt 0.2 0.2702703
vt 0.2 0.2432432
vt 0.2 0.2162162
vt 0.2 0.1891892
vt 0.2 0.1621622
vt 0.2 0.1351351
vt 0.2 0.1081081
vt 0.2 0.08108109
vt 0.2 0.05405408
vt 0.2 0.02702701
vt 0.2 0
vt 0 0.9899999
vt 0 0.972973
vt 0 0.945946
vt 0 0.9189188
vt 0 0.8918918
vt 0 0.8648649
vt 0 0.8378378
vt 0 0.8108108
vt 0 0.7837838
vt 0 0.7567568
vt 0 0.7297298
vt 0 0.7027027
vt 0 0.6756757
vt 0 0.6486486
vt 0 0.6216216
vt 0 0.5945946
vt 0 0.5675676
vt 0 0.5405406
vt 0 0.5135135
vt 0 0.4864865
vt 0 0.4594595
vt 0 0.4324324
vt 0 0.4054054
vt 0 0.3783784
vt 0 0.3513514
vt 0 0.3243243
vt 0 0.2972973
vt 0 0.2702703
vt 0 0.2432432
vt 0 0.2162162
vt 0 0.1891892
vt 0 0.1621622
vt 0 0.1351351
vt 0 0.1081081
vt 0 0.08108109
vt 0 0.05405408
vt 0 0.02702701
vt 0 0
vt 0.05 0.9899999
vt 0.05 0.972973
vt 0.05 0.945946
vt 0.05 0.9189188
vt 0.05 0.8918918
vt 0.05 0.8648649
vt 0.05 0.8378378
vt 0.05 0.8108108
vt 0.05 0.7837838
vt 0.05 0.7567568
vt 0.05 0.7297298
vt 0.05 0.7027027
vt 0.05 0.6756757
vt 0.05 0.6486486
vt 0.05 0.6216216
vt 0.05 0.5945946
vt 0.05 0.5675676
vt 0.05 0.5405406
vt 0.05 0.5135135
vt 0.05 0.4864865
vt 0.05 0.4594595
vt 0.05 0.4324324
vt 0.05 0.4054054
vt 0.05 0.3783784
vt 0.05 0.3513514
vt 0.05 0.3243243
vt 0.05 0.2972973
vt 0.05 0.2702703
vt 0.05 0.2432432
vt 0.05 0.2162162
vt 0.05 0.1891892
vt 0.05 0.1621622
vt 0.05 0.1351351
vt 0.05 0.1081081
vt 0.05 0.08108109
vt 0.05 0.05405408
vt 0.05 0.02702701
vt 0.05 0
vt 0.1 0.9899999
vt 0.1 0.972973
vt 0.1 0.945946
vt 0.1 0.9189188
vt 0.1 0.8918918
vt 0.1 0.8648649
vt 0.1 0.8378378
vt 0.1 0.8108108
vt 0.1 0.7837838
vt 0.1 0.7567568
vt 0.1 0.7297298
vt 0.1 0.7027027
vt 0.1 0.6756757
vt 0.1 0.6486486
vt 0.1 0.6216216
vt 0.1 0.5945946
vt 0.1 0.5675676
vt 0.1 0.5405406
vt 0.1 0.5135135
vt 0.1 0.4864865
vt 0.1 0.4594595
vt 0.1 0.4324324
vt 0.1 0.4054054
vt 0.1 0.3783784
vt 0.1 0.3513514
vt 0.1 0.3243243
vt 0.1 0.2972973
vt 0.1 0.2702703
vt 0.1 0.2432432
vt 0.1 0.2162162
vt 0.1 0.1891892
vt 0.1 0.1621622
vt 0.1 0.1351351
vt 0.1 0.1081081
vt 0.1 0.08108109
vt 0.1 0.05405408
vt 0.1 0.02702701
vt 0.1 0
vt 0.1 0.9899999
vt 0.1 0.972973
vt 0.1 0.945946
vt 0.1 0.9189188
vt 0.1 0.8918918
vt 0.1 0.8648649
vt 0.1 0.8378378
vt 0.1 0.8108108
vt 0.1 0.7837838
vt 0.1 0.7567568
vt 0.1 0.7297298
vt 0.1 0.7027027
vt 0.1 0.6756757
vt 0.1 0.6486486
vt 0.1 0.6216216
vt 0.1 0.5945946
vt 0.1 0.5675676
vt 0.1 0.5405406
vt 0.1 0.5135135
vt 0.1 0.4864865
vt 0.1 0.4594595
vt 0.1 0.4324324
vt 0.1 0.4054054
vt 0.1 0.3783784
vt 0.1 0.3513514
vt 0.1 0.3243243
vt 0.1 0.2972973
vt 0.1 0.2702703
vt 0.1 0.2432432
vt 0.1 0.2162162
vt 0.1 0.1891892
vt 0.1 0.1621622
vt 0.1 0.1351351
vt 0.1 0.1081081
vt 0.1 0.08108109
vt 0.1 0.05405408
vt 0.1 0.02702701
vt 0.1 0
vt 0.15 0.9899999
vt 0.15 0.972973
vt 0.15 0.945946
vt 0.15 0.9189188
vt 0.15 0.8918918
vt 0.15 0.8648649
vt 0.15 0.8378378
vt 0.15 0.8108108
vt 0.15 0.7837838
vt 0.15 0.7567568
vt 0.15 0.7297298
vt 0.15 0.7027027
vt 0.15 0.6756757
vt 0.15 0.6486486
vt 0.15 0.6216216
vt 0.15 0.5945946
vt 0.15 0.5675676
vt 0.15 0.5405406
vt 0.15 0.5135135
vt 0.15 0.4864865
vt 0.15 0.4594595
vt 0.15 0.4324324
vt 0.15 0.4054054
vt 0.15 0.3783784
vt 0.15 0.3513514
vt 0.15 0.3243243
vt 0.15 0.2972973
vt 0.15 0.2702703
vt 0.15 0.2432432
vt 0.15 0.2162162
vt 0.15 0.1891892
vt 0.15 0.1621622
vt 0.15 0.1351351
vt 0.15 0.1081081
vt 0.15 0.08108109
vt 0.15 0.05405408
vt 0.15 0.02702701
vt 0.15 0
vt 0.2 0.9899999
vt 0.05 0.9899999
vt 0.1 0.9899999
vt 0.15 0.9899999
vt 0.2 0
vt 0.05 0
vt 0.1 0
vt 0.15 0
vt 0.2 0.9899999
vt 0.2 0.972973
vt 0.2 0.945946
vt 0.2 0.9189188
vt 0.2 0.8918918
vt 0.2 0.8648649
vt 0.2 0.8378378
vt 0.2 0.8108108
vt 0.2 0.7837838
vt 0.2 0.7567568
vt 0.2 0.7297298
vt 0.2 0.7027027
vt 0.2 0.6756757
vt 0.2 0.6486486
vt 0.2 0.6216216
vt 0.2 0.5945946
vt 0.2 0.5675676
vt 0.2 0.5405406
vt 0.2 0.5135135
vt 0.2 0.4864865
vt 0.2 0.4594595
vt 0.2 0.4324324
vt 0.2 0.4054054
vt 0.2 0.3783784
vt 0.2 0.3513514
vt 0.2 0.3243243
vt 0.2 0.2972973
vt 0.2 0.2702703
vt 0.2 0.2432432
vt 0.2 0.2162162
vt 0.2 0.1891892
vt 0.2 0.1621622
vt 0.2 0.1351351
vt 0.2 0.1081081
vt 0.2 0.08108109
vt 0.2 0.05405408
vt 0.2 0.02702701
vt 0.2 0
vt 0 0.9899999
vt 0 0.972973
vt 0 0.945946
vt 0 0.9189188
vt 0 0.8918918
vt 0 0.8648649
vt 0 0.8378378
vt 0 0.8108108
vt 0 0.7837838
vt 0 0.7567568
vt 0 0.7297298
vt 0 0.7027027
vt 0 0.6756757
vt 0 0.6486486
vt 0 0.6216216
vt 0 0.5945946
vt 0 0.5675676
vt 0 0.5405406
vt 0 0.5135135
vt 0 0.4864865
vt 0 0.4594595
vt 0 0.4324324
vt 0 0.4054054
vt 0 0.3783784
vt 0 0.3513514
vt 0 0.3243243
vt 0 0.2972973
vt 0 0.2702703
vt 0 0.2432432
vt 0 0.2162162
vt 0 0.1891892
vt 0 0.1621622
vt 0 0.1351351
vt 0 0.1081081
vt 0 0.08108109
vt 0 0.05405408
vt 0 0.02702701
vt 0 0
vt 0.05 0.9899999
vt 0.05 0.972973
vt 0.05 0.945946
vt 0.05 0.9189188
vt 0.05 0.8918918
vt 0.05 0.8648649
vt 0.05 0.8378378
vt 0.05 0.8108108
vt 0.05 0.7837838
vt 0.05 0.7567568
vt 0.05 0.7297298
vt 0.05 0.7027027
vt 0.05 0.6756757
vt 0.05 0.6486486
vt 0.05 0.6216216
vt 0.05 0.5945946
vt 0.05 0.5675676
vt 0.05 0.5405406
vt 0.05 0.5135135
vt 0.05 0.4864865
vt 0.05 0.4594595
vt 0.05 0.4324324
vt 0.05 0.4054054
vt 0.05 0.3783784
vt 0.05 0.3513514
vt 0.05 0.3243243
vt 0.05 0.2972973
vt 0.05 0.2702703
vt 0.05 0.2432432
vt 0.05 0.2162162
vt 0.05 0.1891892
vt 0.05 0.1621622
vt 0.05 0.1351351
vt 0.05 0.1081081
vt 0.05 0.08108109
vt 0.05 0.05405408
vt 0.05 0.02702701
vt 0.05 0
vt 0.1 0.9899999
vt 0.1 0.972973
vt 0.1 0.945946
vt 0.1 0.9189188
vt 0.1 0.8918918
vt 0.1 0.8648649
vt 0.1 0.8378378
vt 0.1 0.8108108
vt 0.1 0.7837838
vt 0.1 0.7567568
vt 0.1 0.7297298
vt 0.1 0.7027027
vt 0.1 0.6756757
vt 0.1 0.6486486
vt 0.1 0.6216216
vt 0.1 0.5945946
vt 0.1 0.5675676
vt 0.1 0.5405406
vt 0.1 0.5135135
vt 0.1 0.4864865
vt 0.1 0.4594595
vt 0.1 0.4324324
vt 0.1 0.4054054
vt 0.1 0.3783784
vt 0.1 0.3513514
vt 0.1 0.3243243
vt 0.1 0.2972973
vt 0.1 0.2702703
vt 0.1 0.2432432
vt 0.1 0.2162162
vt 0.1 0.1891892
vt 0.1 0.1621622
vt 0.1 0.1351351
vt 0.1 0.1081081
vt 0.1 0.08108109
vt 0.1 0.05405408
vt 0.1 0.02702701
vt 0.1 0
vt 0.1 0.9899999
vt 0.1 0.972973
vt 0.1 0.945946
vt 0.1 0.9189188
vt 0.1 0.8918918
vt 0.1 0.8648649
vt 0.1 0.8378378
vt 0.1 0.8108108
vt 0.1 0.7837838
vt 0.1 0.7567568
vt 0.1 0.7297298
vt 0.1 0.7027027
vt 0.1 0.6756757
vt 0.1 0.6486486
vt 0.1 0.6216216
vt 0.1 0.5945946
vt 0.1 0.5675676
vt 0.1 0.5405406
vt 0.1 0.5135135
vt 0.1 0.4864865
vt 0.1 0.4594595
vt 0.1 0.4324324
vt 0.1 0.4054054
vt 0.1 0.3783784
vt 0.1 0.3513514
vt 0.1 0.3243243
vt 0.1 0.2972973
vt 0.1 0.2702703
vt 0.1 0.2432432
vt 0.1 0.2162162
vt 0.1 0.1891892
vt 0.1 0.1621622
vt 0.1 0.1351351
vt 0.1 0.1081081
vt 0.1 0.08108109
vt 0.1 0.05405408
vt 0.1 0.02702701
vt 0.1 0
vt 0.15 0.9899999
vt 0.15 0.972973
vt 0.15 0.945946
vt 0.15 0.9189188
vt 0.15 0.8918918
vt 0.15 0.8648649
vt 0.15 0.8378378
vt 0.15 0.8108108
vt 0.15 0.7837838
vt 0.15 0.7567568
vt 0.15 0.7297298
vt 0.15 0.7027027
vt 0.15 0.6756757
vt 0.15 0.6486486
vt 0.15 0.6216216
vt 0.15 0.5945946
vt 0.15 0.5675676
vt 0.15 0.5405406
vt 0.15 0.5135135
vt 0.15 0.4864865
vt 0.15 0.4594595
vt 0.15 0.4324324
vt 0.15 0.4054054
vt 0.15 0.3783784
vt 0.15 0.3513514
vt 0.15 0.3243243
vt 0.15 0.2972973
vt 0.15 0.2702703
vt 0.15 0.2432432
vt 0.15 0.2162162
vt 0.15 0.1891892
vt 0.15 0.1621622
vt 0.15 0.1351351
vt 0.15 0.1081081
vt 0.15 0.08108109
vt 0.15 0.05405408
vt 0.15 0.02702701
vt 0.15 0
vt 0.2 0.9899999
vt 0.05 0.9899999
vt 0.1 0.9899999
vt 0.15 0.9899999
vt 0.2 0
vt 0.05 0
vt 0.1 0
vt 0.15 0
vt 0.2 0.9899999
vt 0.2 0.9736842
vt 0.2 0.9473684
vt 0.2 0.9210526
vt 0.2 0.8947368
vt 0.2 0.8684211
vt 0.2 0.8421053
vt 0.2 0.8157895
vt 0.2 0.7894737
vt 0.2 0.7631579
vt 0.2 0.7368421
vt 0.2 0.7105263
vt 0.2 0.6842105
vt 0.2 0.6578947
vt 0.2 0.6315789
vt 0.2 0.6052631
vt 0.2 0.5789474
vt 0.2 0.5526316
vt 0.2 0.5263158
vt 0.2 0.5
vt 0.2 0.4736842
vt 0.2 0.4473684
vt 0.2 0.4210526
vt 0.2 0.3947368
vt 0.2 0.3684211
vt 0.2 0.3421053
vt 0.2 0.3157895
vt 0.2 0.2894737
vt 0.2 0.2631579
vt 0.2 0.2368421
vt 0.2 0.2105263
vt 0.2 0.1842105
vt 0.2 0.1578947
vt 0.2 0.1315789
vt 0.2 0.1052632
vt 0.2 0.07894737
vt 0.2 0.05263156
vt 0.2 0.02631581
vt 0.2 0
vt 0 0.9899999
vt 0 0.9736842
vt 0 0.9473684
vt 0 0.9210526
vt 0 0.8947368
vt 0 0.8684211
vt 0 0.8421053
vt 0 0.8157895
vt 0 0.7894737
vt 0 0.7631579
vt 0 0.7368421
vt 0 0.7105263
vt 0 0.6842105
vt 0 0.6578947
vt 0 0.6315789
vt 0 0.6052631
vt 0 0.5789474
vt 0 0.5526316
vt 0 0.5263158
vt 0 0.5
vt 0 0.4736842
vt 0 0.4473684
vt 0 0.4210526
vt 0 0.3947368
vt 0 0.3684211
vt 0 0.3421053
vt 0 0.3157895
vt 0 0.2894737
vt 0 0.2631579
vt 0 0.2368421
vt 0 0.2105263
vt 0 0.1842105
vt 0 0.1578947
vt 0 0.1315789
vt 0 0.1052632
vt 0 0.07894737
vt 0 0.05263156
vt 0 0.02631581
vt 0 0
vt 0.05 0.9899999
vt 0.05 0.9736842
vt 0.05 0.9473684
vt 0.05 0.9210526
vt 0.05 0.8947368
vt 0.05 0.8684211
vt 0.05 0.8421053
vt 0.05 0.8157895
vt 0.05 0.7894737
vt 0.05 0.7631579
vt 0.05 0.7368421
vt 0.05 0.7105263
vt 0.05 0.6842105
vt 0.05 0.6578947
vt 0.05 0.6315789
vt 0.05 0.6052631
vt 0.05 0.5789474
vt 0.05 0.5526316
vt 0.05 0.5263158
vt 0.05 0.5
vt 0.05 0.4736842
vt 0.05 0.4473684
vt 0.05 0.4210526
vt 0.05 0.3947368
vt 0.05 0.3684211
vt 0.05 0.3421053
vt 0.05 0.3157895
vt 0.05 0.2894737
vt 0.05 0.2631579
vt 0.05 0.2368421
vt 0.05 0.2105263
vt 0.05 0.1842105
vt 0.05 0.1578947
vt 0.05 0.1315789
vt 0.05 0.1052632
vt 0.05 0.07894737
vt 0.05 0.05263156
vt 0.05 0.02631581
vt 0.05 0
vt 0.1 0.9899999
vt 0.1 0.9736842
vt 0.1 0.9473684
vt 0.1 0.9210526
vt 0.1 0.8947368
vt 0.1 0.8684211
vt 0.1 0.8421053
vt 0.1 0.8157895
vt 0.1 0.7894737
vt 0.1 0.7631579
vt 0.1 0.7368421
vt 0.1 0.7105263
vt 0.1 0.6842105
vt 0.1 0.6578947
vt 0.1 0.6315789
vt 0.1 0.6052631
vt 0.1 0.5789474
vt 0.1 0.5526316
vt 0.1 0.5263158
vt 0.1 0.5
vt 0.1 0.4736842
vt 0.1 0.4473684
vt 0.1 0.4210526
vt 0.1 0.3947368
vt 0.1 0.3684211
vt 0.1 0.3421053
vt 0.1 0.3157895
vt 0.1 0.2894737
vt 0.1 0.2631579
vt 0.1 0.2368421
vt 0.1 0.2105263
vt 0.1 0.1842105
vt 0.1 0.1578947
vt 0.1 0.1315789
vt 0.1 0.1052632
vt 0.1 0.07894737
vt 0.1 0.05263156
vt 0.1 0.02631581
vt 0.1 0
vt 0.1 0.9899999
vt 0.1 0.9736842
vt 0.1 0.9473684
vt 0.1 0.9210526
vt 0.1 0.8947368
vt 0.1 0.8684211
vt 0.1 0.8421053
vt 0.1 0.8157895
vt 0.1 0.7894737
vt 0.1 0.7631579
vt 0.1 0.7368421
vt 0.1 0.7105263
vt 0.1 0.6842105
vt 0.1 0.6578947
vt 0.1 0.6315789
vt 0.1 0.6052631
vt 0.1 0.5789474
vt 0.1 0.5526316
vt 0.1 0.5263158
vt 0.1 0.5
vt 0.1 0.4736842
vt 0.1 0.4473684
vt 0.1 0.4210526
vt 0.1 0.3947368
vt 0.1 0.3684211
vt 0.1 0.3421053
vt 0.1 0.3157895
vt 0.1 0.2894737
vt 0.1 0.2631579
vt 0.1 0.2368421
vt 0.1 0.2105263
vt 0.1 0.1842105
vt 0.1 0.1578947
vt 0.1 0.1315789
vt 0.1 0.1052632
vt 0.1 0.07894737
vt 0.1 0.05263156
vt 0.1 0.02631581
vt 0.1 0
vt 0.15 0.9899999
vt 0.15 0.9736842
vt 0.15 0.9473684
vt 0.15 0.9210526
vt 0.15 0.8947368
vt 0.15 0.8684211
vt 0.15 0.8421053
vt 0.15 0.8157895
vt 0.15 0.7894737
vt 0.15 0.7631579
vt 0.15 0.7368421
vt 0.15 0.7105263
vt 0.15 0.6842105
vt 0.15 0.6578947
vt 0.15 0.6315789
vt 0.15 0.6052631
vt 0.15 0.5789474
vt 0.15 0.5526316
vt 0.15 0.5263158
vt 0.15 0.5
vt 0.15 0.4736842
vt 0.15 0.4473684
vt 0.15 0.4210526
vt 0.15 0.3947368
vt 0.15 0.3684211
vt 0.15 0.3421053
vt 0.15 0.3157895
vt 0.15 0.2894737
vt 0.15 0.2631579
vt 0.15 0.2368421
vt 0.15 0.2105263
vt 0.15 0.1842105
vt 0.15 0.1578947
vt 0.15 0.1315789
vt 0.15 0.1052632
vt 0.15 0.07894737
vt 0.15 0.05263156
vt 0.15 0.02631581
vt 0.15 0
vt 0.2 0.9899999
vt 0.05 0.9899999
vt 0.1 0.9899999
vt 0.15 0.9899999
vt 0.2 0
vt 0.05 0
vt 0.1 0
vt 0.15 0
vt 0.2 0.9899999
vt 0.2 0.9736842
vt 0.2 0.9473684
vt 0.2 0.9210526
vt 0.2 0.8947368
vt 0.2 0.8684211
vt 0.2 0.8421053
vt 0.2 0.8157895
vt 0.2 0.7894737
vt 0.2 0.7631579
vt 0.2 0.7368421
vt 0.2 0.7105263
vt 0.2 0.6842105
vt 0.2 0.6578947
vt 0.2 0.6315789
vt 0.2 0.6052631
vt 0.2 0.5789474
vt 0.2 0.5526316
vt 0.2 0.5263158
vt 0.2 0.5
vt 0.2 0.4736842
vt 0.2 0.4473684
vt 0.2 0.4210526
vt 0.2 0.3947368
vt 0.2 0.3684211
vt 0.2 0.3421053
vt 0.2 0.3157895
vt 0.2 0.2894737
vt 0.2 0.2631579
vt 0.2 0.2368421
vt 0.2 0.2105263
vt 0.2 0.1842105
vt 0.2 0.1578947
vt 0.2 0.1315789
vt 0.2 0.1052632
vt 0.2 0.07894737
vt 0.2 0.05263156
vt 0.2 0.02631581
vt 0.2 0
vt 0 0.9899999
vt 0 0.9736842
vt 0 0.9473684
vt 0 0.9210526
vt 0 0.8947368
vt 0 0.8684211
vt 0 0.8421053
vt 0 0.8157895
vt 0 0.7894737
vt 0 0.7631579
vt 0 0.7368421
vt 0 0.7105263
vt 0 0.6842105
vt 0 0.6578947
vt 0 0.6315789
vt 0 0.6052631
vt 0 0.5789474
vt 0 0.5526316
vt 0 0.5263158
vt 0 0.5
vt 0 0.4736842
vt 0 0.4473684
vt 0 0.4210526
vt 0 0.3947368
vt 0 0.3684211
vt 0 0.3421053
vt 0 0.3157895
vt 0 0.2894737
vt 0 0.2631579
vt 0 0.2368421
vt 0 0.2105263
vt 0 0.1842105
vt 0 0.1578947
vt 0 0.1315789
vt 0 0.1052632
vt 0 0.07894737
vt 0 0.05263156
vt 0 0.02631581
vt 0 0
vt 0.05 0.9899999
vt 0.05 0.9736842
vt 0.05 0.9473684
vt 0.05 0.9210526
vt 0.05 0.8947368
vt 0.05 0.8684211
vt 0.05 0.8421053
vt 0.05 0.8157895
vt 0.05 0.7894737
vt 0.05 0.7631579
vt 0.05 0.7368421
vt 0.05 0.7105263
vt 0.05 0.6842105
vt 0.05 0.6578947
vt 0.05 0.6315789
vt 0.05 0.6052631
vt 0.05 0.5789474
vt 0.05 0.5526316
vt 0.05 0.5263158
vt 0.05 0.5
vt 0.05 0.4736842
vt 0.05 0.4473684
vt 0.05 0.4210526
vt 0.05 0.3947368
vt 0.05 0.3684211
vt 0.05 0.3421053
vt 0.05 0.3157895
vt 0.05 0.2894737
vt 0.05 0.2631579
vt 0.05 0.2368421
vt 0.05 0.2105263
vt 0.05 0.1842105
vt 0.05 0.1578947
vt 0.05 0.1315789
vt 0.05 0.1052632
vt 0.05 0.07894737
vt 0.05 0.05263156
vt 0.05 0.02631581
vt 0.05 0
vt 0.1 0.9899999
vt 0.1 0.9736842
vt 0.1 0.9473684
vt 0.1 0.9210526
vt 0.1 0.8947368
vt 0.1 0.8684211
vt 0.1 0.8421053
vt 0.1 0.8157895
vt 0.1 0.7894737
vt 0.1 0.7631579
vt 0.1 0.7368421
vt 0.1 0.7105263
vt 0.1 0.6842105
vt 0.1 0.6578947
vt 0.1 0.6315789
vt 0.1 0.6052631
vt 0.1 0.5789474
vt 0.1 0.5526316
vt 0.1 0.5263158
vt 0.1 0.5
vt 0.1 0.4736842
vt 0.1 0.4473684
vt 0.1 0.4210526
vt 0.1 0.3947368
vt 0.1 0.3684211
vt 0.1 0.3421053
vt 0.1 0.3157895
vt 0.1 0.2894737
vt 0.1 0.2631579
vt 0.1 0.2368421
vt 0.1 0.2105263
vt 0.1 0.1842105
vt 0.1 0.1578947
vt 0.1 0.1315789
vt 0.1 0.1052632
vt 0.1 0.07894737
vt 0.1 0.05263156
vt 0.1 0.02631581
vt 0.1 0
vt 0.1 0.9899999
vt 0.1 0.9736842
vt 0.1 0.9473684
vt 0.1 0.9210526
vt 0.1 0.8947368
vt 0.1 0.8684211
vt 0.1 0.8421053
vt 0.1 0.8157895
vt 0.1 0.7894737
vt 0.1 0.7631579
vt 0.1 0.7368421
vt 0.1 0.7105263
vt 0.1 0.6842105
vt 0.1 0.6578947
vt 0.1 0.6315789
vt 0.1 0.6052631
vt 0.1 0.5789474
vt 0.1 0.5526316
vt 0.1 0.5263158
vt 0.1 0.5
vt 0.1 0.4736842
vt 0.1 0.4473684
vt 0.1 0.4210526
vt 0.1 0.3947368
vt 0.1 0.3684211
vt 0.1 0.3421053
vt 0.1 0.3157895
vt 0.1 0.2894737
vt 0.1 0.2631579
vt 0.1 0.2368421
vt 0.1 0.2105263
vt 0.1 0.1842105
vt 0.1 0.1578947
vt 0.1 0.1315789
vt 0.1 0.1052632
vt 0.1 0.07894737
vt 0.1 0.05263156
vt 0.1 0.02631581
vt 0.1 0
vt 0.15 0.9899999
vt 0.15 0.9736842
vt 0.15 0.9473684
vt 0.15 0.9210526
vt 0.15 0.8947368
vt 0.15 0.8684211
vt 0.15 0.8421053
vt 0.15 0.8157895
vt 0.15 0.7894737
vt 0.15 0.7631579
vt 0.15 0.7368421
vt 0.15 0.7105263
vt 0.15 0.6842105
vt 0.15 0.6578947
vt 0.15 0.6315789
vt 0.15 0.6052631
vt 0.15 0.5789474
vt 0.15 0.5526316
vt 0.15 0.5263158
vt 0.15 0.5
vt 0.15 0.4736842
vt 0.15 0.4473684
vt 0.15 0.4210526
vt 0.15 0.3947368
vt 0.15 0.3684211
vt 0.15 0.3421053
vt 0.15 0.3157895
vt 0.15 0.2894737
vt 0.15 0.2631579
vt 0.15 0.2368421
vt 0.15 0.2105263
vt 0.15 0.1842105
vt 0.15 0.1578947
vt 0.15 0.1315789
vt 0.15 0.1052632
vt 0.15 0.07894737
vt 0.15 0.05263156
vt 0.15 0.02631581
vt 0.15 0
vt 0.2 0.9899999
vt 0.05 0.9899999
vt 0.1 0.9899999
vt 0.15 0.9899999
vt 0.2 0
vt 0.05 0
vt 0.1 0
vt 0.15 0
vt 0.2 0.9899999
vt 0.2 0.9722222
vt 0.2 0.9444444
vt 0.2 0.9166667
vt 0.2 0.8888888
vt 0.2 0.8611111
vt 0.2 0.8333334
vt 0.2 0.8055556
vt 0.2 0.7777778
vt 0.2 0.75
vt 0.2 0.7222222
vt 0.2 0.6944444
vt 0.2 0.6666666
vt 0.2 0.6388889
vt 0.2 0.6111111
vt 0.2 0.5833334
vt 0.2 0.5555556
vt 0.2 0.5277778
vt 0.2 0.5
vt 0.2 0.4722222
vt 0.2 0.4444444
vt 0.2 0.4166667
vt 0.2 0.3888889
vt 0.2 0.3611111
vt 0.2 0.3333333
vt 0.2 0.3055556
vt 0.2 0.2777778
vt 0.2 0.25
vt 0.2 0.2222222
vt 0.2 0.1944444
vt 0.2 0.1666667
vt 0.2 0.1388889
vt 0.2 0.1111111
vt 0.2 0.08333331
vt 0.2 0.05555558
vt 0.2 0.02777779
vt 0.2 0
vt 0 0.9899999
vt 0 0.9722222
vt 0 0.9444444
vt 0 0.9166667
vt 0 0.8888888
vt 0 0.8611111
vt 0 0.8333334
vt 0 0.8055556
vt 0 0.7777778
vt 0 0.75
vt 0 0.7222222
vt 0 0.6944444
vt 0 0.6666666
vt 0 0.6388889
vt 0 0.6111111
vt 0 0.5833334
vt 0 0.5555556
vt 0 0.5277778
vt 0 0.5
vt 0 0.4722222
vt 0 0.4444444
vt 0 0.4166667
vt 0 0.3888889
vt 0 0.3611111
vt 0 0.3333333
vt 0 0.3055556
vt 0 0.2777778
vt 0 0.25
vt 0 0.2222222
vt 0 0.1944444
vt 0 0.1666667
vt 0 0.1388889
vt 0 0.1111111
vt 0 0.08333331
vt 0 0.05555558
vt 0 0.02777779
vt 0 0
vt 0.05 0.9899999
vt 0.05 0.9722222
vt 0.05 0.9444444
vt 0.05 0.9166667
vt 0.05 0.8888888
vt 0.05 0.8611111
vt 0.05 0.8333334
vt 0.05 0.8055556
vt 0.05 0.7777778
vt 0.05 0.75
vt 0.05 0.7222222
vt 0.05 0.6944444
vt 0.05 0.6666666
vt 0.05 0.6388889
vt 0.05 0.6111111
vt 0.05 0.5833334
vt 0.05 0.5555556
vt 0.05 0.5277778
vt 0.05 0.5
vt 0.05 0.4722222
vt 0.05 0.4444444
vt 0.05 0.4166667
vt 0.05 0.3888889
vt 0.05 0.3611111
vt 0.05 0.3333333
vt 0.05 0.3055556
vt 0.05 0.2777778
vt 0.05 0.25
vt 0.05 0.2222222
vt 0.05 0.1944444
vt 0.05 0.1666667
vt 0.05 0.1388889
vt 0.05 0.1111111
vt 0.05 0.08333331
vt 0.05 0.05555558
vt 0.05 0.02777779
vt 0.05 0
vt 0.1 0.9899999
vt 0.1 0.9722222
vt 0.1 0.9444444
vt 0.1 0.9166667
vt 0.1 0.8888888
vt 0.1 0.8611111
vt 0.1 0.8333334
vt 0.1 0.8055556
vt 0.1 0.7777778
vt 0.1 0.75
vt 0.1 0.7222222
vt 0.1 0.6944444
vt 0.1 0.6666666
vt 0.1 0.6388889
vt 0.1 0.6111111
vt 0.1 0.5833334
vt 0.1 0.5555556
vt 0.1 0.5277778
vt 0.1 0.5
vt 0.1 0.4722222
vt 0.1 0.4444444
vt 0.1 0.4166667
vt 0.1 0.3888889
vt 0.1 0.3611111
vt 0.1 0.3333333
vt 0.1 0.3055556
vt 0.1 0.2777778
vt 0.1 0.25
vt 0.1 0.2222222
vt 0.1 0.1944444
vt 0.1 0.1666667
vt 0.1 0.1388889
vt 0.1 0.1111111
vt 0.1 0.08333331
vt 0.1 0.05555558
vt 0.1 0.02777779
vt 0.1 0
vt 0.1 0.9899999
vt 0.1 0.9722222
vt 0.1 0.9444444
vt 0.1 0.9166667
vt 0.1 0.8888888
vt 0.1 0.8611111
vt 0.1 0.8333334
vt 0.1 0.8055556
vt 0.1 0.7777778
vt 0.1 0.75
vt 0.1 0.7222222
vt 0.1 0.6944444
vt 0.1 0.6666666
vt 0.1 0.6388889
vt 0.1 0.6111111
vt 0.1 0.5833334
vt 0.1 0.5555556
vt 0.1 0.5277778
vt 0.1 0.5
vt 0.1 0.4722222
vt 0.1 0.4444444
vt 0.1 0.4166667
vt 0.1 0.3888889
vt 0.1 0.3611111
vt 0.1 0.3333333
vt 0.1 0.3055556
vt 0.1 0.2777778
vt 0.1 0.25
vt 0.1 0.2222222
vt 0.1 0.1944444
vt 0.1 0.1666667
vt 0.1 0.1388889
vt 0.1 0.1111111
vt 0.1 0.08333331
vt 0.1 0.05555558
vt 0.1 0.02777779
vt 0.1 0
vt 0.15 0.9899999
vt 0.15 0.9722222
vt 0.15 0.9444444
vt 0.15 0.9166667
vt 0.15 0.8888888
vt 0.15 0.8611111
vt 0.15 0.8333334
vt 0.15 0.8055556
vt 0.15 0.7777778
vt 0.15 0.75
vt 0.15 0.7222222
vt 0.15 0.6944444
vt 0.15 0.6666666
vt 0.15 0.6388889
vt 0.15 0.6111111
vt 0.15 0.5833334
vt 0.15 0.5555556
vt 0.15 0.5277778
vt 0.15 0.5
vt 0.15 0.4722222
vt 0.15 0.4444444
vt 0.15 0.4166667
vt 0.15 0.3888889
vt 0.15 0.3611111
vt 0.15 0.3333333
vt 0.15 0.3055556
vt 0.15 0.2777778
vt 0.15 0.25
vt 0.15 0.2222222
vt 0.15 0.1944444
vt 0.15 0.1666667
vt 0.15 0.1388889
vt 0.15 0.1111111
vt 0.15 0.08333331
vt 0.15 0.05555558
vt 0.15 0.02777779
vt 0.15 0
vt 0.2 0.9899999
vt 0.05 0.9899999
vt 0.1 0.9899999
vt 0.15 0.9899999
vt 0.2 0
vt 0.05 0
vt 0.1 0
vt 0.15 0
vt 0.2 0.9899999
vt 0.2 0.9722222
vt 0.2 0.9444444
vt 0.2 0.9166667
vt 0.2 0.8888888
vt 0.2 0.8611111
vt 0.2 0.8333334
vt 0.2 0.8055556
vt 0.2 0.7777778
vt 0.2 0.75
vt 0.2 0.7222222
vt 0.2 0.6944444
vt 0.2 0.6666666
vt 0.2 0.6388889
vt 0.2 0.6111111
vt 0.2 0.5833334
vt 0.2 0.5555556
vt 0.2 0.5277778
vt 0.2 0.5
vt 0.2 0.4722222
vt 0.2 0.4444444
vt 0.2 0.4166667
vt 0.2 0.3888889
vt 0.2 0.3611111
vt 0.2 0.3333333
vt 0.2 0.3055556
vt 0.2 0.2777778
vt 0.2 0.25
vt 0.2 0.2222222
vt 0.2 0.1944444
vt 0.2 0.1666667
vt 0.2 0.1388889
vt 0.2 0.1111111
vt 0.2 0.08333331
vt 0.2 0.05555558
vt 0.2 0.02777779
vt 0.2 0
vt 0 0.9899999
vt 0 0.9722222
vt 0 0.9444444
vt 0 0.9166667
vt 0 0.8888888
vt 0 0.8611111
vt 0 0.8333334
vt 0 0.8055556
vt 0 0.7777778
vt 0 0.75
vt 0 0.7222222
vt 0 0.6944444
vt 0 0.6666666
vt 0 0.6388889
vt 0 0.6111111
vt 0 0.5833334
vt 0 0.5555556
vt 0 0.5277778
vt 0 0.5
vt 0 0.4722222
vt 0 0.4444444
vt 0 0.4166667
vt 0 0.3888889
vt 0 0.3611111
vt 0 0.3333333
vt 0 0.3055556
vt 0 0.2777778
vt 0 0.25
vt 0 0.2222222
vt 0 0.1944444
vt 0 0.1666667
vt 0 0.1388889
vt 0 0.1111111
vt 0 0.08333331
vt 0 0.05555558
vt 0 0.02777779
vt 0 0
vt 0.05 0.9899999
vt 0.05 0.9722222
vt 0.05 0.9444444
vt 0.05 0.9166667
vt 0.05 0.8888888
vt 0.05 0.8611111
vt 0.05 0.8333334
vt 0.05 0.8055556
vt 0.05 0.7777778
vt 0.05 0.75
vt 0.05 0.7222222
vt 0.05 0.6944444
vt 0.05 0.6666666
vt 0.05 0.6388889
vt 0.05 0.6111111
vt 0.05 0.5833334
vt 0.05 0.5555556
vt 0.05 0.5277778
vt 0.05 0.5
vt 0.05 0.4722222
vt 0.05 0.4444444
vt 0.05 0.4166667
vt 0.05 0.3888889
vt 0.05 0.3611111
vt 0.05 0.3333333
vt 0.05 0.3055556
vt 0.05 0.2777778
vt 0.05 0.25
vt 0.05 0.2222222
vt 0.05 0.1944444
vt 0.05 0.1666667
vt 0.05 0.1388889
vt 0.05 0.1111111
vt 0.05 0.08333331
vt 0.05 0.05555558
vt 0.05 0.02777779
vt 0.05 0
vt 0.1 0.9899999
vt 0.1 0.9722222
vt 0.1 0.9444444
vt 0.1 0.9166667
vt 0.1 0.8888888
vt 0.1 0.8611111
vt 0.1 0.8333334
vt 0.1 0.8055556
vt 0.1 0.7777778
vt 0.1 0.75
vt 0.1 0.7222222
vt 0.1 0.6944444
vt 0.1 0.6666666
vt 0.1 0.6388889
vt 0.1 0.6111111
vt 0.1 0.5833334
vt 0.1 0.5555556
vt 0.1 0.5277778
vt 0.1 0.5
vt 0.1 0.4722222
vt 0.1 0.4444444
vt 0.1 0.4166667
vt 0.1 0.3888889
vt 0.1 0.3611111
vt 0.1 0.3333333
vt 0.1 0.3055556
vt 0.1 0.2777778
vt 0.1 0.25
vt 0.1 0.2222222
vt 0.1 0.1944444
vt 0.1 0.1666667
vt 0.1 0.1388889
vt 0.1 0.1111111
vt 0.1 0.08333331
vt 0.1 0.05555558
vt 0.1 0.02777779
vt 0.1 0
vt 0.1 0.9899999
vt 0.1 0.9722222
vt 0.1 0.9444444
vt 0.1 0.9166667
vt 0.1 0.8888888
vt 0.1 0.8611111
vt 0.1 0.8333334
vt 0.1 0.8055556
vt 0.1 0.7777778
vt 0.1 0.75
vt 0.1 0.7222222
vt 0.1 0.6944444
vt 0.1 0.6666666
vt 0.1 0.6388889
vt 0.1 0.6111111
vt 0.1 0.5833334
vt 0.1 0.5555556
vt 0.1 0.5277778
vt 0.1 0.5
vt 0.1 0.4722222
vt 0.1 0.4444444
vt 0.1 0.4166667
vt 0.1 0.3888889
vt 0.1 0.3611111
vt 0.1 0.3333333
vt 0.1 0.3055556
vt 0.1 0.2777778
vt 0.1 0.25
vt 0.1 0.2222222
vt 0.1 0.1944444
vt 0.1 0.1666667
vt 0.1 0.1388889
vt 0.1 0.1111111
vt 0.1 0.08333331
vt 0.1 0.05555558
vt 0.1 0.02777779
vt 0.1 0
vt 0.15 0.9899999
vt 0.15 0.9722222
vt 0.15 0.9444444
vt 0.15 0.9166667
vt 0.15 0.8888888
vt 0.15 0.8611111
vt 0.15 0.8333334
vt 0.15 0.8055556
vt 0.15 0.7777778
vt 0.15 0.75
vt 0.15 0.7222222
vt 0.15 0.6944444
vt 0.15 0.6666666
vt 0.15 0.6388889
vt 0.15 0.6111111
vt 0.15 0.5833334
vt 0.15 0.5555556
vt 0.15 0.5277778
vt 0.15 0.5
vt 0.15 0.4722222
vt 0.15 0.4444444
vt 0.15 0.4166667
vt 0.15 0.3888889
vt 0.15 0.3611111
vt 0.15 0.3333333
vt 0.15 0.3055556
vt 0.15 0.2777778
vt 0.15 0.25
vt 0.15 0.2222222
vt 0.15 0.1944444
vt 0.15 0.1666667
vt 0.15 0.1388889
vt 0.15 0.1111111
vt 0.15 0.08333331
vt 0.15 0.05555558
vt 0.15 0.02777779
vt 0.15 0
vt 0.2 0.9899999
vt 0.05 0.9899999
vt 0.1 0.9899999
vt 0.15 0.9899999
vt 0.2 0
vt 0.05 0
vt 0.1 0
vt 0.15 0
vt 0.2 0.9899999
vt 0.2 0.9761904
vt 0.2 0.952381
vt 0.2 0.9285714
vt 0.2 0.9047619
vt 0.2 0.8809524
vt 0.2 0.8571429
vt 0.2 0.8333334
vt 0.2 0.8095238
vt 0.2 0.7857143
vt 0.2 0.7619048
vt 0.2 0.7380952
vt 0.2 0.7142857
vt 0.2 0.6904762
vt 0.2 0.6666666
vt 0.2 0.6428571
vt 0.2 0.6190476
vt 0.2 0.5952381
vt 0.2 0.5714285
vt 0.2 0.547619
vt 0.2 0.5238096
vt 0.2 0.5
vt 0.2 0.4761904
vt 0.2 0.452381
vt 0.2 0.4285714
vt 0.2 0.4047619
vt 0.2 0.3809524
vt 0.2 0.3571429
vt 0.2 0.3333333
vt 0.2 0.3095238
vt 0.2 0.2857143
vt 0.2 0.2619048
vt 0.2 0.2380952
vt 0.2 0.2142857
vt 0.2 0.1904762
vt 0.2 0.1666667
vt 0.2 0.1428571
vt 0.2 0.1190476
vt 0.2 0.09523809
vt 0.2 0.0714286
vt 0.2 0.04761904
vt 0.2 0.02380955
vt 0.2 0
vt 0 0.9899999
vt 0 0.9761904
vt 0 0.952381
vt 0 0.9285714
vt 0 0.9047619
vt 0 0.8809524
vt 0 0.8571429
vt 0 0.8333334
vt 0 0.8095238
vt 0 0.7857143
vt 0 0.7619048
vt 0 0.7380952
vt 0 0.7142857
vt 0 0.6904762
vt 0 0.6666666
vt 0 0.6428571
vt 0 0.6190476
vt 0 0.5952381
vt 0 0.5714285
vt 0 0.547619
vt 0 0.5238096
vt 0 0.5
vt 0 0.4761904
vt 0 0.452381
vt 0 0.4285714
vt 0 0.4047619
vt 0 0.3809524
vt 0 0.3571429
vt 0 0.3333333
vt 0 0.3095238
vt 0 0.2857143
vt 0 0.2619048
vt 0 0.2380952
vt 0 0.2142857
vt 0 0.1904762
vt 0 0.1666667
vt 0 0.1428571
vt 0 0.1190476
vt 0 0.09523809
vt 0 0.0714286
vt 0 0.04761904
vt 0 0.02380955
vt 0 0
vt 0.05 0.9899999
vt 0.05 0.9761904
vt 0.05 0.952381
vt 0.05 0.9285714
vt 0.05 0.9047619
vt 0.05 0.8809524
vt 0.05 0.8571429
vt 0.05 0.8333334
vt 0.05 0.8095238
vt 0.05 0.7857143
vt 0.05 0.7619048
vt 0.05 0.7380952
vt 0.05 0.7142857
vt 0.05 0.6904762
vt 0.05 0.6666666
vt 0.05 0.6428571
vt 0.05 0.6190476
vt 0.05 0.5952381
vt 0.05 0.5714285
vt 0.05 0.547619
vt 0.05 0.5238096
vt 0.05 0.5
vt 0.05 0.4761904
vt 0.05 0.452381
vt 0.05 0.4285714
vt 0.05 0.4047619
vt 0.05 0.3809524
vt 0.05 0.3571429
vt 0.05 0.3333333
vt 0.05 0.3095238
vt 0.05 0.2857143
vt 0.05 0.2619048
vt 0.05 0.2380952
vt 0.05 0.2142857
vt 0.05 0.1904762
vt 0.05 0.1666667
vt 0.05 0.1428571
vt 0.05 0.1190476
vt 0.05 0.09523809
vt 0.05 0.0714286
vt 0.05 0.04761904
vt 0.05 0.02380955
vt 0.05 0
vt 0.1 0.9899999
vt 0.1 0.9761904
vt 0.1 0.952381
vt 0.1 0.9285714
vt 0.1 0.9047619
vt 0.1 0.8809524
vt 0.1 0.8571429
vt 0.1 0.8333334
vt 0.1 0.8095238
vt 0.1 0.7857143
vt 0.1 0.7619048
vt 0.1 0.7380952
vt 0.1 0.7142857
vt 0.1 0.6904762
vt 0.1 0.6666666
vt 0.1 0.6428571
vt 0.1 0.6190476
vt 0.1 0.5952381
vt 0.1 0.5714285
vt 0.1 0.547619
vt 0.1 0.5238096
vt 0.1 0.5
vt 0.1 0.4761904
vt 0.1 0.452381
vt 0.1 0.4285714
vt 0.1 0.4047619
vt 0.1 0.3809524
vt 0.1 0.3571429
vt 0.1 0.3333333
vt 0.1 0.3095238
vt 0.1 0.2857143
vt 0.1 0.2619048
vt 0.1 0.2380952
vt 0.1 0.2142857
vt 0.1 0.1904762
vt 0.1 0.1666667
vt 0.1 0.1428571
vt 0.1 0.1190476
vt 0.1 0.09523809
vt 0.1 0.0714286
vt 0.1 0.04761904
vt 0.1 0.02380955
vt 0.1 0
vt 0.1 0.9899999
vt 0.1 0.9761904
vt 0.1 0.952381
vt 0.1 0.9285714
vt 0.1 0.9047619
vt 0.1 0.8809524
vt 0.1 0.8571429
vt 0.1 0.8333334
vt 0.1 0.8095238
vt 0.1 0.7857143
vt 0.1 0.7619048
vt 0.1 0.7380952
vt 0.1 0.7142857
vt 0.1 0.6904762
vt 0.1 0.6666666
vt 0.1 0.6428571
vt 0.1 0.6190476
vt 0.1 0.5952381
vt 0.1 0.5714285
vt 0.1 0.547619
vt 0.1 0.5238096
vt 0.1 0.5
vt 0.1 0.4761904
vt 0.1 0.452381
vt 0.1 0.4285714
vt 0.1 0.4047619
vt 0.1 0.3809524
vt 0.1 0.3571429
vt 0.1 0.3333333
vt 0.1 0.3095238
vt 0.1 0.2857143
vt 0.1 0.2619048
vt 0.1 0.2380952
vt 0.1 0.2142857
vt 0.1 0.1904762
vt 0.1 0.1666667
vt 0.1 0.1428571
vt 0.1 0.1190476
vt 0.1 0.09523809
vt 0.1 0.0714286
vt 0.1 0.04761904
vt 0.1 0.02380955
vt 0.1 0
vt 0.15 0.9899999
vt 0.15 0.9761904
vt 0.15 0.952381
vt 0.15 0.9285714
vt 0.15 0.9047619
vt 0.15 0.8809524
vt 0.15 0.8571429
vt 0.15 0.8333334
vt 0.15 0.8095238
vt 0.15 0.7857143
vt 0.15 0.7619048
vt 0.15 0.7380952
vt 0.15 0.7142857
vt 0.15 0.6904762
vt 0.15 0.6666666
vt 0.15 0.6428571
vt 0.15 0.6190476
vt 0.15 0.5952381
vt 0.15 0.5714285
vt 0.15 0.547619
vt 0.15 0.5238096
vt 0.15 0.5
vt 0.15 0.4761904
vt 0.15 0.452381
vt 0.15 0.4285714
vt 0.15 0.4047619
vt 0.15 0.3809524
vt 0.15 0.3571429
vt 0.15 0.3333333
vt 0.15 0.3095238
vt 0.15 0.2857143
vt 0.15 0.2619048
vt 0.15 0.2380952
vt 0.15 0.2142857
vt 0.15 0.1904762
vt 0.15 0.1666667
vt 0.15 0.1428571
vt 0.15 0.1190476
vt 0.15 0.09523809
vt 0.15 0.0714286
vt 0.15 0.04761904
vt 0.15 0.02380955
vt 0.15 0
vt 0.2 0.9899999
vt 0.05 0.9899999
vt 0.1 0.9899999
vt 0.15 0.9899999
vt 0.2 0
vt 0.05 0
vt 0.1 0
vt 0.15 0
vt 0.2 0.9899999
vt 0.2 0.9761904
vt 0.2 0.952381
vt 0.2 0.9285714
vt 0.2 0.9047619
vt 0.2 0.8809524
vt 0.2 0.8571429
vt 0.2 0.8333334
vt 0.2 0.8095238
vt 0.2 0.7857143
vt 0.2 0.7619048
vt 0.2 0.7380952
vt 0.2 0.7142857
vt 0.2 0.6904762
vt 0.2 0.6666666
vt 0.2 0.6428571
vt 0.2 0.6190476
vt 0.2 0.5952381
vt 0.2 0.5714285
vt 0.2 0.547619
vt 0.2 0.5238096
vt 0.2 0.5
vt 0.2 0.4761904
vt 0.2 0.452381
vt 0.2 0.4285714
vt 0.2 0.4047619
vt 0.2 0.3809524
vt 0.2 0.3571429
vt 0.2 0.3333333
vt 0.2 0.3095238
vt 0.2 0.2857143
vt 0.2 0.2619048
vt 0.2 0.2380952
vt 0.2 0.2142857
vt 0.2 0.1904762
vt 0.2 0.1666667
vt 0.2 0.1428571
vt 0.2 0.1190476
vt 0.2 0.09523809
vt 0.2 0.0714286
vt 0.2 0.04761904
vt 0.2 0.02380955
vt 0.2 0
vt 0 0.9899999
vt 0 0.9761904
vt 0 0.952381
vt 0 0.9285714
vt 0 0.9047619
vt 0 0.8809524
vt 0 0.8571429
vt 0 0.8333334
vt 0 0.8095238
vt 0 0.7857143
vt 0 0.7619048
vt 0 0.7380952
vt 0 0.7142857
vt 0 0.6904762
vt 0 0.6666666
vt 0 0.6428571
vt 0 0.6190476
vt 0 0.5952381
vt 0 0.5714285
vt 0 0.547619
vt 0 0.5238096
vt 0 0.5
vt 0 0.4761904
vt 0 0.452381
vt 0 0.4285714
vt 0 0.4047619
vt 0 0.3809524
vt 0 0.3571429
vt 0 0.3333333
vt 0 0.3095238
vt 0 0.2857143
vt 0 0.2619048
vt 0 0.2380952
vt 0 0.2142857
vt 0 0.1904762
vt 0 0.1666667
vt 0 0.1428571
vt 0 0.1190476
vt 0 0.09523809
vt 0 0.0714286
vt 0 0.04761904
vt 0 0.02380955
vt 0 0
vt 0.05 0.9899999
vt 0.05 0.9761904
vt 0.05 0.952381
vt 0.05 0.9285714
vt 0.05 0.9047619
vt 0.05 0.8809524
vt 0.05 0.8571429
vt 0.05 0.8333334
vt 0.05 0.8095238
vt 0.05 0.7857143
vt 0.05 0.7619048
vt 0.05 0.7380952
vt 0.05 0.7142857
vt 0.05 0.6904762
vt 0.05 0.6666666
vt 0.05 0.6428571
vt 0.05 0.6190476
vt 0.05 0.5952381
vt 0.05 0.5714285
vt 0.05 0.547619
vt 0.05 0.5238096
vt 0.05 0.5
vt 0.05 0.4761904
vt 0.05 0.452381
vt 0.05 0.4285714
vt 0.05 0.4047619
vt 0.05 0.3809524
vt 0.05 0.3571429
vt 0.05 0.3333333
vt 0.05 0.3095238
vt 0.05 0.2857143
vt 0.05 0.2619048
vt 0.05 0.2380952
vt 0.05 0.2142857
vt 0.05 0.1904762
vt 0.05 0.1666667
vt 0.05 0.1428571
vt 0.05 0.1190476
vt 0.05 0.09523809
vt 0.05 0.0714286
vt 0.05 0.04761904
vt 0.05 0.02380955
vt 0.05 0
vt 0.1 0.9899999
vt 0.1 0.9761904
vt 0.1 0.952381
vt 0.1 0.9285714
vt 0.1 0.9047619
vt 0.1 0.8809524
vt 0.1 0.8571429
vt 0.1 0.8333334
vt 0.1 0.8095238
vt 0.1 0.7857143
vt 0.1 0.7619048
vt 0.1 0.7380952
vt 0.1 0.7142857
vt 0.1 0.6904762
vt 0.1 0.6666666
vt 0.1 0.6428571
vt 0.1 0.6190476
vt 0.1 0.5952381
vt 0.1 0.5714285
vt 0.1 0.547619
vt 0.1 0.5238096
vt 0.1 0.5
vt 0.1 0.4761904
vt 0.1 0.452381
vt 0.1 0.4285714
vt 0.1 0.4047619
vt 0.1 0.3809524
vt 0.1 0.3571429
vt 0.1 0.3333333
vt 0.1 0.3095238
vt 0.1 0.2857143
vt 0.1 0.2619048
vt 0.1 0.2380952
vt 0.1 0.2142857
vt 0.1 0.1904762
vt 0.1 0.1666667
vt 0.1 0.1428571
vt 0.1 0.1190476
vt 0.1 0.09523809
vt 0.1 0.0714286
vt 0.1 0.04761904
vt 0.1 0.02380955
vt 0.1 0
vt 0.1 0.9899999
vt 0.1 0.9761904
vt 0.1 0.952381
vt 0.1 0.9285714
vt 0.1 0.9047619
vt 0.1 0.8809524
vt 0.1 0.8571429
vt 0.1 0.8333334
vt 0.1 0.8095238
vt 0.1 0.7857143
vt 0.1 0.7619048
vt 0.1 0.7380952
vt 0.1 0.7142857
vt 0.1 0.6904762
vt 0.1 0.6666666
vt 0.1 0.6428571
vt 0.1 0.6190476
vt 0.1 0.5952381
vt 0.1 0.5714285
vt 0.1 0.547619
vt 0.1 0.5238096
vt 0.1 0.5
vt 0.1 0.4761904
vt 0.1 0.452381
vt 0.1 0.4285714
vt 0.1 0.4047619
vt 0.1 0.3809524
vt 0.1 0.3571429
vt 0.1 0.3333333
vt 0.1 0.3095238
vt 0.1 0.2857143
vt 0.1 0.2619048
vt 0.1 0.2380952
vt 0.1 0.2142857
vt 0.1 0.1904762
vt 0.1 0.1666667
vt 0.1 0.1428571
vt 0.1 0.1190476
vt 0.1 0.09523809
vt 0.1 0.0714286
vt 0.1 0.04761904
vt 0.1 0.02380955
vt 0.1 0
vt 0.15 0.9899999
vt 0.15 0.9761904
vt 0.15 0.952381
vt 0.15 0.9285714
vt 0.15 0.9047619
vt 0.15 0.8809524
vt 0.15 0.8571429
vt 0.15 0.8333334
vt 0.15 0.8095238
vt 0.15 0.7857143
vt 0.15 0.7619048
vt 0.15 0.7380952
vt 0.15 0.7142857
vt 0.15 0.6904762
vt 0.15 0.6666666
vt 0.15 0.6428571
vt 0.15 0.6190476
vt 0.15 0.5952381
vt 0.15 0.5714285
vt 0.15 0.547619
vt 0.15 0.5238096
vt 0.15 0.5
vt 0.15 0.4761904
vt 0.15 0.452381
vt 0.15 0.4285714
vt 0.15 0.4047619
vt 0.15 0.3809524
vt 0.15 0.3571429
vt 0.15 0.3333333
vt 0.15 0.3095238
vt 0.15 0.2857143
vt 0.15 0.2619048
vt 0.15 0.2380952
vt 0.15 0.2142857
vt 0.15 0.1904762
vt 0.15 0.1666667
vt 0.15 0.1428571
vt 0.15 0.1190476
vt 0.15 0.09523809
vt 0.15 0.0714286
vt 0.15 0.04761904
vt 0.15 0.02380955
vt 0.15 0
vt 0.2 0.9899999
vt 0.05 0.9899999
vt 0.1 0.9899999
vt 0.15 0.9899999
vt 0.2 0
vt 0.05 0
vt 0.1 0
vt 0.15 0
vt 0.2 0.9899999
vt 0.2 0.9756098
vt 0.2 0.9512195
vt 0.2 0.9268293
vt 0.2 0.902439
vt 0.2 0.8780488
vt 0.2 0.8536586
vt 0.2 0.8292683
vt 0.2 0.8048781
vt 0.2 0.7804878
vt 0.2 0.7560976
vt 0.2 0.7317073
vt 0.2 0.7073171
vt 0.2 0.6829268
vt 0.2 0.6585366
vt 0.2 0.6341463
vt 0.2 0.6097561
vt 0.2 0.5853659
vt 0.2 0.5609756
vt 0.2 0.5365853
vt 0.2 0.5121951
vt 0.2 0.4878049
vt 0.2 0.4634146
vt 0.2 0.4390244
vt 0.2 0.4146342
vt 0.2 0.3902439
vt 0.2 0.3658537
vt 0.2 0.3414634
vt 0.2 0.3170732
vt 0.2 0.2926829
vt 0.2 0.2682927
vt 0.2 0.2439024
vt 0.2 0.2195122
vt 0.2 0.1951219
vt 0.2 0.1707317
vt 0.2 0.1463414
vt 0.2 0.1219512
vt 0.2 0.097561
vt 0.2 0.07317072
vt 0.2 0.0487805
vt 0.2 0.02439022
vt 0.2 0
vt 0 0.9899999
vt 0 0.9756098
vt 0 0.9512195
vt 0 0.9268293
vt 0 0.902439
vt 0 0.8780488
vt 0 0.8536586
vt 0 0.8292683
vt 0 0.8048781
vt 0 0.7804878
vt 0 0.7560976
vt 0 0.7317073
vt 0 0.7073171
vt 0 0.6829268
vt 0 0.6585366
vt 0 0.6341463
vt 0 0.6097561
vt 0 0.5853659
vt 0 0.5609756
vt 0 0.5365853
vt 0 0.5121951
vt 0 0.4878049
vt 0 0.4634146
vt 0 0.4390244
vt 0 0.4146342
vt 0 0.3902439
vt 0 0.3658537
vt 0 0.3414634
vt 0 0.3170732
vt 0 0.2926829
vt 0 0.2682927
vt 0 0.2439024
vt 0 0.2195122
vt 0 0.1951219
vt 0 0.1707317
vt 0 0.1463414
vt 0 0.1219512
vt 0 0.097561
vt 0 0.07317072
vt 0 0.0487805
vt 0 0.02439022
vt 0 0
vt 0.05 0.9899999
vt 0.05 0.9756098
vt 0.05 0.9512195
vt 0.05 0.9268293
vt 0.05 0.902439
vt 0.05 0.8780488
vt 0.05 0.8536586
vt 0.05 0.8292683
vt 0.05 0.8048781
vt 0.05 0.7804878
vt 0.05 0.7560976
vt 0.05 0.7317073
vt 0.05 0.7073171
vt 0.05 0.6829268
vt 0.05 0.6585366
vt 0.05 0.6341463
vt 0.05 0.6097561
vt 0.05 0.5853659
vt 0.05 0.5609756
vt 0.05 0.5365853
vt 0.05 0.5121951
vt 0.05 0.4878049
vt 0.05 0.4634146
vt 0.05 0.4390244
vt 0.05 0.4146342
vt 0.05 0.3902439
vt 0.05 0.3658537
vt 0.05 0.3414634
vt 0.05 0.3170732
vt 0.05 0.2926829
vt 0.05 0.2682927
vt 0.05 0.2439024
vt 0.05 0.2195122
vt 0.05 0.1951219
vt 0.05 0.1707317
vt 0.05 0.1463414
vt 0.05 0.1219512
vt 0.05 0.097561
vt 0.05 0.07317072
vt 0.05 0.0487805
vt 0.05 0.02439022
vt 0.05 0
vt 0.1 0.9899999
vt 0.1 0.9756098
vt 0.1 0.9512195
vt 0.1 0.9268293
vt 0.1 0.902439
vt 0.1 0.8780488
vt 0.1 0.8536586
vt 0.1 0.8292683
vt 0.1 0.8048781
vt 0.1 0.7804878
vt 0.1 0.7560976
vt 0.1 0.7317073
vt 0.1 0.7073171
vt 0.1 0.6829268
vt 0.1 0.6585366
vt 0.1 0.6341463
vt 0.1 0.6097561
vt 0.1 0.5853659
vt 0.1 0.5609756
vt 0.1 0.5365853
vt 0.1 0.5121951
vt 0.1 0.4878049
vt 0.1 0.4634146
vt 0.1 0.4390244
vt 0.1 0.4146342
vt 0.1 0.3902439
vt 0.1 0.3658537
vt 0.1 0.3414634
vt 0.1 0.3170732
vt 0.1 0.2926829
vt 0.1 0.2682927
vt 0.1 0.2439024
vt 0.1 0.2195122
vt 0.1 0.1951219
vt 0.1 0.1707317
vt 0.1 0.1463414
vt 0.1 0.1219512
vt 0.1 0.097561
vt 0.1 0.07317072
vt 0.1 0.0487805
vt 0.1 0.02439022
vt 0.1 0
vt 0.1 0.9899999
vt 0.1 0.9756098
vt 0.1 0.9512195
vt 0.1 0.9268293
vt 0.1 0.902439
vt 0.1 0.8780488
vt 0.1 0.8536586
vt 0.1 0.8292683
vt 0.1 0.8048781
vt 0.1 0.7804878
vt 0.1 0.7560976
vt 0.1 0.7317073
vt 0.1 0.7073171
vt 0.1 0.6829268
vt 0.1 0.6585366
vt 0.1 0.6341463
vt 0.1 0.6097561
vt 0.1 0.5853659
vt 0.1 0.5609756
vt 0.1 0.5365853
vt 0.1 0.5121951
vt 0.1 0.4878049
vt 0.1 0.4634146
vt 0.1 0.4390244
vt 0.1 0.4146342
vt 0.1 0.3902439
vt 0.1 0.3658537
vt 0.1 0.3414634
vt 0.1 0.3170732
vt 0.1 0.2926829
vt 0.1 0.2682927
vt 0.1 0.2439024
vt 0.1 0.2195122
vt 0.1 0.1951219
vt 0.1 0.1707317
vt 0.1 0.1463414
vt 0.1 0.1219512
vt 0.1 0.097561
vt 0.1 0.07317072
vt 0.1 0.0487805
vt 0.1 0.02439022
vt 0.1 0
vt 0.15 0.9899999
vt 0.15 0.9756098
vt 0.15 0.9512195
vt 0.15 0.9268293
vt 0.15 0.902439
vt 0.15 0.8780488
vt 0.15 0.8536586
vt 0.15 0.8292683
vt 0.15 0.8048781
vt 0.15 0.7804878
vt 0.15 0.7560976
vt 0.15 0.7317073
vt 0.15 0.7073171
vt 0.15 0.6829268
vt 0.15 0.6585366
vt 0.15 0.6341463
vt 0.15 0.6097561
vt 0.15 0.5853659
vt 0.15 0.5609756
vt 0.15 0.5365853
vt 0.15 0.5121951
vt 0.15 0.4878049
vt 0.15 0.4634146
vt 0.15 0.4390244
vt 0.15 0.4146342
vt 0.15 0.3902439
vt 0.15 0.3658537
vt 0.15 0.3414634
vt 0.15 0.3170732
vt 0.15 0.2926829
vt 0.15 0.2682927
vt 0.15 0.2439024
vt 0.15 0.2195122
vt 0.15 0.1951219
vt 0.15 0.1707317
vt 0.15 0.1463414
vt 0.15 0.1219512
vt 0.15 0.097561
vt 0.15 0.07317072
vt 0.15 0.0487805
vt 0.15 0.02439022
vt 0.15 0
vt 0.2 0.9899999
vt 0.05 0.9899999
vt 0.1 0.9899999
vt 0.15 0.9899999
vt 0.2 0
vt 0.05 0
vt 0.1 0
vt 0.15 0
vt 0.2 0.9899999
vt 0.2 0.9756098
vt 0.2 0.9512195
vt 0.2 0.9268293
vt 0.2 0.902439
vt 0.2 0.8780488
vt 0.2 0.8536586
vt 0.2 0.8292683
vt 0.2 0.8048781
vt 0.2 0.7804878
vt 0.2 0.7560976
vt 0.2 0.7317073
vt 0.2 0.7073171
vt 0.2 0.6829268
vt 0.2 0.6585366
vt 0.2 0.6341463
vt 0.2 0.6097561
vt 0.2 0.5853659
vt 0.2 0.5609756
vt 0.2 0.5365853
vt 0.2 0.5121951
vt 0.2 0.4878049
vt 0.2 0.4634146
vt 0.2 0.4390244
vt 0.2 0.4146342
vt 0.2 0.3902439
vt 0.2 0.3658537
vt 0.2 0.3414634
vt 0.2 0.3170732
vt 0.2 0.2926829
vt 0.2 0.2682927
vt 0.2 0.2439024
vt 0.2 0.2195122
vt 0.2 0.1951219
vt 0.2 0.1707317
vt 0.2 0.1463414
vt 0.2 0.1219512
vt 0.2 0.097561
vt 0.2 0.07317072
vt 0.2 0.0487805
vt 0.2 0.02439022
vt 0.2 0
vt 0 0.9899999
vt 0 0.9756098
vt 0 0.9512195
vt 0 0.9268293
vt 0 0.902439
vt 0 0.8780488
vt 0 0.8536586
vt 0 0.8292683
vt 0 0.8048781
vt 0 0.7804878
vt 0 0.7560976
vt 0 0.7317073
vt 0 0.7073171
vt 0 0.6829268
vt 0 0.6585366
vt 0 0.6341463
vt 0 0.6097561
vt 0 0.5853659
vt 0 0.5609756
vt 0 0.5365853
vt 0 0.5121951
vt 0 0.4878049
vt 0 0.4634146
vt 0 0.4390244
vt 0 0.4146342
vt 0 0.3902439
vt 0 0.3658537
vt 0 0.3414634
vt 0 0.3170732
vt 0 0.2926829
vt 0 0.2682927
vt 0 0.2439024
vt 0 0.2195122
vt 0 0.1951219
vt 0 0.1707317
vt 0 0.1463414
vt 0 0.1219512
vt 0 0.097561
vt 0 0.07317072
vt 0 0.0487805
vt 0 0.02439022
vt 0 0
vt 0.05 0.9899999
vt 0.05 0.9756098
vt 0.05 0.9512195
vt 0.05 0.9268293
vt 0.05 0.902439
vt 0.05 0.8780488
vt 0.05 0.8536586
vt 0.05 0.8292683
vt 0.05 0.8048781
vt 0.05 0.7804878
vt 0.05 0.7560976
vt 0.05 0.7317073
vt 0.05 0.7073171
vt 0.05 0.6829268
vt 0.05 0.6585366
vt 0.05 0.6341463
vt 0.05 0.6097561
vt 0.05 0.5853659
vt 0.05 0.5609756
vt 0.05 0.5365853
vt 0.05 0.5121951
vt 0.05 0.4878049
vt 0.05 0.4634146
vt 0.05 0.4390244
vt 0.05 0.4146342
vt 0.05 0.3902439
vt 0.05 0.3658537
vt 0.05 0.3414634
vt 0.05 0.3170732
vt 0.05 0.2926829
vt 0.05 0.2682927
vt 0.05 0.2439024
vt 0.05 0.2195122
vt 0.05 0.1951219
vt 0.05 0.1707317
vt 0.05 0.1463414
vt 0.05 0.1219512
vt 0.05 0.097561
vt 0.05 0.07317072
vt 0.05 0.0487805
vt 0.05 0.02439022
vt 0.05 0
vt 0.1 0.9899999
vt 0.1 0.9756098
vt 0.1 0.9512195
vt 0.1 0.9268293
vt 0.1 0.902439
vt 0.1 0.8780488
vt 0.1 0.8536586
vt 0.1 0.8292683
vt 0.1 0.8048781
vt 0.1 0.7804878
vt 0.1 0.7560976
vt 0.1 0.7317073
vt 0.1 0.7073171
vt 0.1 0.6829268
vt 0.1 0.6585366
vt 0.1 0.6341463
vt 0.1 0.6097561
vt 0.1 0.5853659
vt 0.1 0.5609756
vt 0.1 0.5365853
vt 0.1 0.5121951
vt 0.1 0.4878049
vt 0.1 0.4634146
vt 0.1 0.4390244
vt 0.1 0.4146342
vt 0.1 0.3902439
vt 0.1 0.3658537
vt 0.1 0.3414634
vt 0.1 0.3170732
vt 0.1 0.2926829
vt 0.1 0.2682927
vt 0.1 0.2439024
vt 0.1 0.2195122
vt 0.1 0.1951219
vt 0.1 0.1707317
vt 0.1 0.1463414
vt 0.1 0.1219512
vt 0.1 0.097561
vt 0.1 0.07317072
vt 0.1 0.0487805
vt 0.1 0.02439022
vt 0.1 0
vt 0.1 0.9899999
vt 0.1 0.9756098
vt 0.1 0.9512195
vt 0.1 0.9268293
vt 0.1 0.902439
vt 0.1 0.8780488
vt 0.1 0.8536586
vt 0.1 0.8292683
vt 0.1 0.8048781
vt 0.1 0.7804878
vt 0.1 0.7560976
vt 0.1 0.7317073
vt 0.1 0.7073171
vt 0.1 0.6829268
vt 0.1 0.6585366
vt 0.1 0.6341463
vt 0.1 0.6097561
vt 0.1 0.5853659
vt 0.1 0.5609756
vt 0.1 0.5365853
vt 0.1 0.5121951
vt 0.1 0.4878049
vt 0.1 0.4634146
vt 0.1 0.4390244
vt 0.1 0.4146342
vt 0.1 0.3902439
vt 0.1 0.3658537
vt 0.1 0.3414634
vt 0.1 0.3170732
vt 0.1 0.2926829
vt 0.1 0.2682927
vt 0.1 0.2439024
vt 0.1 0.2195122
vt 0.1 0.1951219
vt 0.1 0.1707317
vt 0.1 0.1463414
vt 0.1 0.1219512
vt 0.1 0.097561
vt 0.1 0.07317072
vt 0.1 0.0487805
vt 0.1 0.02439022
vt 0.1 0
vt 0.15 0.9899999
vt 0.15 0.9756098
vt 0.15 0.9512195
vt 0.15 0.9268293
vt 0.15 0.902439
vt 0.15 0.8780488
vt 0.15 0.8536586
vt 0.15 0.8292683
vt 0.15 0.8048781
vt 0.15 0.7804878
vt 0.15 0.7560976
vt 0.15 0.7317073
vt 0.15 0.7073171
vt 0.15 0.6829268
vt 0.15 0.6585366
vt 0.15 0.6341463
vt 0.15 0.6097561
vt 0.15 0.5853659
vt 0.15 0.5609756
vt 0.15 0.5365853
vt 0.15 0.5121951
vt 0.15 0.4878049
vt 0.15 0.4634146
vt 0.15 0.4390244
vt 0.15 0.4146342
vt 0.15 0.3902439
vt 0.15 0.3658537
vt 0.15 0.3414634
vt 0.15 0.3170732
vt 0.15 0.2926829
vt 0.15 0.2682927
vt 0.15 0.2439024
vt 0.15 0.2195122
vt 0.15 0.1951219
vt 0.15 0.1707317
vt 0.15 0.1463414
vt 0.15 0.1219512
vt 0.15 0.097561
vt 0.15 0.07317072
vt 0.15 0.0487805
vt 0.15 0.02439022
vt 0.15 0
vt 0.2 0.9899999
vt 0.05 0.9899999
vt 0.1 0.9899999
vt 0.15 0.9899999
vt 0.2 0
vt 0.05 0
vt 0.1 0
vt 0.15 0
vt 0.2 0.9899999
vt 0.2 0.9756098
vt 0.2 0.9512195
vt 0.2 0.9268293
vt 0.2 0.902439
vt 0.2 0.8780488
vt 0.2 0.8536586
vt 0.2 0.8292683
vt 0.2 0.8048781
vt 0.2 0.7804878
vt 0.2 0.7560976
vt 0.2 0.7317073
vt 0.2 0.7073171
vt 0.2 0.6829268
vt 0.2 0.6585366
vt 0.2 0.6341463
vt 0.2 0.6097561
vt 0.2 0.5853659
vt 0.2 0.5609756
vt 0.2 0.5365853
vt 0.2 0.5121951
vt 0.2 0.4878049
vt 0.2 0.4634146
vt 0.2 0.4390244
vt 0.2 0.4146342
vt 0.2 0.3902439
vt 0.2 0.3658537
vt 0.2 0.3414634
vt 0.2 0.3170732
vt 0.2 0.2926829
vt 0.2 0.2682927
vt 0.2 0.2439024
vt 0.2 0.2195122
vt 0.2 0.1951219
vt 0.2 0.1707317
vt 0.2 0.1463414
vt 0.2 0.1219512
vt 0.2 0.097561
vt 0.2 0.07317072
vt 0.2 0.0487805
vt 0.2 0.02439022
vt 0.2 0
vt 0 0.9899999
vt 0 0.9756098
vt 0 0.9512195
vt 0 0.9268293
vt 0 0.902439
vt 0 0.8780488
vt 0 0.8536586
vt 0 0.8292683
vt 0 0.8048781
vt 0 0.7804878
vt 0 0.7560976
vt 0 0.7317073
vt 0 0.7073171
vt 0 0.6829268
vt 0 0.6585366
vt 0 0.6341463
vt 0 0.6097561
vt 0 0.5853659
vt 0 0.5609756
vt 0 0.5365853
vt 0 0.5121951
vt 0 0.4878049
vt 0 0.4634146
vt 0 0.4390244
vt 0 0.4146342
vt 0 0.3902439
vt 0 0.3658537
vt 0 0.3414634
vt 0 0.3170732
vt 0 0.2926829
vt 0 0.2682927
vt 0 0.2439024
vt 0 0.2195122
vt 0 0.1951219
vt 0 0.1707317
vt 0 0.1463414
vt 0 0.1219512
vt 0 0.097561
vt 0 0.07317072
vt 0 0.0487805
vt 0 0.02439022
vt 0 0
vt 0.05 0.9899999
vt 0.05 0.9756098
vt 0.05 0.9512195
vt 0.05 0.9268293
vt 0.05 0.902439
vt 0.05 0.8780488
vt 0.05 0.8536586
vt 0.05 0.8292683
vt 0.05 0.8048781
vt 0.05 0.7804878
vt 0.05 0.7560976
vt 0.05 0.7317073
vt 0.05 0.7073171
vt 0.05 0.6829268
vt 0.05 0.6585366
vt 0.05 0.6341463
vt 0.05 0.6097561
vt 0.05 0.5853659
vt 0.05 0.5609756
vt 0.05 0.5365853
vt 0.05 0.5121951
vt 0.05 0.4878049
vt 0.05 0.4634146
vt 0.05 0.4390244
vt 0.05 0.4146342
vt 0.05 0.3902439
vt 0.05 0.3658537
vt 0.05 0.3414634
vt 0.05 0.3170732
vt 0.05 0.2926829
vt 0.05 0.2682927
vt 0.05 0.2439024
vt 0.05 0.2195122
vt 0.05 0.1951219
vt 0.05 0.1707317
vt 0.05 0.1463414
vt 0.05 0.1219512
vt 0.05 0.097561
vt 0.05 0.07317072
vt 0.05 0.0487805
vt 0.05 0.02439022
vt 0.05 0
vt 0.1 0.9899999
vt 0.1 0.9756098
vt 0.1 0.9512195
vt 0.1 0.9268293
vt 0.1 0.902439
vt 0.1 0.8780488
vt 0.1 0.8536586
vt 0.1 0.8292683
vt 0.1 0.8048781
vt 0.1 0.7804878
vt 0.1 0.7560976
vt 0.1 0.7317073
vt 0.1 0.7073171
vt 0.1 0.6829268
vt 0.1 0.6585366
vt 0.1 0.6341463
vt 0.1 0.6097561
vt 0.1 0.5853659
vt 0.1 0.5609756
vt 0.1 0.5365853
vt 0.1 0.5121951
vt 0.1 0.4878049
vt 0.1 0.4634146
vt 0.1 0.4390244
vt 0.1 0.4146342
vt 0.1 0.3902439
vt 0.1 0.3658537
vt 0.1 0.3414634
vt 0.1 0.3170732
vt 0.1 0.2926829
vt 0.1 0.2682927
vt 0.1 0.2439024
vt 0.1 0.2195122
vt 0.1 0.1951219
vt 0.1 0.1707317
vt 0.1 0.1463414
vt 0.1 0.1219512
vt 0.1 0.097561
vt 0.1 0.07317072
vt 0.1 0.0487805
vt 0.1 0.02439022
vt 0.1 0
vt 0.1 0.9899999
vt 0.1 0.9756098
vt 0.1 0.9512195
vt 0.1 0.9268293
vt 0.1 0.902439
vt 0.1 0.8780488
vt 0.1 0.8536586
vt 0.1 0.8292683
vt 0.1 0.8048781
vt 0.1 0.7804878
vt 0.1 0.7560976
vt 0.1 0.7317073
vt 0.1 0.7073171
vt 0.1 0.6829268
vt 0.1 0.6585366
vt 0.1 0.6341463
vt 0.1 0.6097561
vt 0.1 0.5853659
vt 0.1 0.5609756
vt 0.1 0.5365853
vt 0.1 0.5121951
vt 0.1 0.4878049
vt 0.1 0.4634146
vt 0.1 0.4390244
vt 0.1 0.4146342
vt 0.1 0.3902439
vt 0.1 0.3658537
vt 0.1 0.3414634
vt 0.1 0.3170732
vt 0.1 0.2926829
vt 0.1 0.2682927
vt 0.1 0.2439024
vt 0.1 0.2195122
vt 0.1 0.1951219
vt 0.1 0.1707317
vt 0.1 0.1463414
vt 0.1 0.1219512
vt 0.1 0.097561
vt 0.1 0.07317072
vt 0.1 0.0487805
vt 0.1 0.02439022
vt 0.1 0
vt 0.15 0.9899999
vt 0.15 0.9756098
vt 0.15 0.9512195
vt 0.15 0.9268293
vt 0.15 0.902439
vt 0.15 0.8780488
vt 0.15 0.8536586
vt 0.15 0.8292683
vt 0.15 0.8048781
vt 0.15 0.7804878
vt 0.15 0.7560976
vt 0.15 0.7317073
vt 0.15 0.7073171
vt 0.15 0.6829268
vt 0.15 0.6585366
vt 0.15 0.6341463
vt 0.15 0.6097561
vt 0.15 0.5853659
vt 0.15 0.5609756
vt 0.15 0.5365853
vt 0.15 0.5121951
vt 0.15 0.4878049
vt 0.15 0.4634146
vt 0.15 0.4390244
vt 0.15 0.4146342
vt 0.15 0.3902439
vt 0.15 0.3658537
vt 0.15 0.3414634
vt 0.15 0.3170732
vt 0.15 0.2926829
vt 0.15 0.2682927
vt 0.15 0.2439024
vt 0.15 0.2195122
vt 0.15 0.1951219
vt 0.15 0.1707317
vt 0.15 0.1463414
vt 0.15 0.1219512
vt 0.15 0.097561
vt 0.15 0.07317072
vt 0.15 0.0487805
vt 0.15 0.02439022
vt 0.15 0
vt 0.2 0.9899999
vt 0.05 0.9899999
vt 0.1 0.9899999
vt 0.15 0.9899999
vt 0.2 0
vt 0.05 0
vt 0.1 0
vt 0.15 0
vt 0.2 0.9899999
vt 0.2 0.9756098
vt 0.2 0.9512195
vt 0.2 0.9268293
vt 0.2 0.902439
vt 0.2 0.8780488
vt 0.2 0.8536586
vt 0.2 0.8292683
vt 0.2 0.8048781
vt 0.2 0.7804878
vt 0.2 0.7560976
vt 0.2 0.7317073
vt 0.2 0.7073171
vt 0.2 0.6829268
vt 0.2 0.6585366
vt 0.2 0.6341463
vt 0.2 0.6097561
vt 0.2 0.5853659
vt 0.2 0.5609756
vt 0.2 0.5365853
vt 0.2 0.5121951
vt 0.2 0.4878049
vt 0.2 0.4634146
vt 0.2 0.4390244
vt 0.2 0.4146342
vt 0.2 0.3902439
vt 0.2 0.3658537
vt 0.2 0.3414634
vt 0.2 0.3170732
vt 0.2 0.2926829
vt 0.2 0.2682927
vt 0.2 0.2439024
vt 0.2 0.2195122
vt 0.2 0.1951219
vt 0.2 0.1707317
vt 0.2 0.1463414
vt 0.2 0.1219512
vt 0.2 0.097561
vt 0.2 0.07317072
vt 0.2 0.0487805
vt 0.2 0.02439022
vt 0.2 0
vt 0 0.9899999
vt 0 0.9756098
vt 0 0.9512195
vt 0 0.9268293
vt 0 0.902439
vt 0 0.8780488
vt 0 0.8536586
vt 0 0.8292683
vt 0 0.8048781
vt 0 0.7804878
vt 0 0.7560976
vt 0 0.7317073
vt 0 0.7073171
vt 0 0.6829268
vt 0 0.6585366
vt 0 0.6341463
vt 0 0.6097561
vt 0 0.5853659
vt 0 0.5609756
vt 0 0.5365853
vt 0 0.5121951
vt 0 0.4878049
vt 0 0.4634146
vt 0 0.4390244
vt 0 0.4146342
vt 0 0.3902439
vt 0 0.3658537
vt 0 0.3414634
vt 0 0.3170732
vt 0 0.2926829
vt 0 0.2682927
vt 0 0.2439024
vt 0 0.2195122
vt 0 0.1951219
vt 0 0.1707317
vt 0 0.1463414
vt 0 0.1219512
vt 0 0.097561
vt 0 0.07317072
vt 0 0.0487805
vt 0 0.02439022
vt 0 0
vt 0.05 0.9899999
vt 0.05 0.9756098
vt 0.05 0.9512195
vt 0.05 0.9268293
vt 0.05 0.902439
vt 0.05 0.8780488
vt 0.05 0.8536586
vt 0.05 0.8292683
vt 0.05 0.8048781
vt 0.05 0.7804878
vt 0.05 0.7560976
vt 0.05 0.7317073
vt 0.05 0.7073171
vt 0.05 0.6829268
vt 0.05 0.6585366
vt 0.05 0.6341463
vt 0.05 0.6097561
vt 0.05 0.5853659
vt 0.05 0.5609756
vt 0.05 0.5365853
vt 0.05 0.5121951
vt 0.05 0.4878049
vt 0.05 0.4634146
vt 0.05 0.4390244
vt 0.05 0.4146342
vt 0.05 0.3902439
vt 0.05 0.3658537
vt 0.05 0.3414634
vt 0.05 0.3170732
vt 0.05 0.2926829
vt 0.05 0.2682927
vt 0.05 0.2439024
vt 0.05 0.2195122
vt 0.05 0.1951219
vt 0.05 0.1707317
vt 0.05 0.1463414
vt 0.05 0.1219512
vt 0.05 0.097561
vt 0.05 0.07317072
vt 0.05 0.0487805
vt 0.05 0.02439022
vt 0.05 0
vt 0.1 0.9899999
vt 0.1 0.9756098
vt 0.1 0.9512195
vt 0.1 0.9268293
vt 0.1 0.902439
vt 0.1 0.8780488
vt 0.1 0.8536586
vt 0.1 0.8292683
vt 0.1 0.8048781
vt 0.1 0.7804878
vt 0.1 0.7560976
vt 0.1 0.7317073
vt 0.1 0.7073171
vt 0.1 0.6829268
vt 0.1 0.6585366
vt 0.1 0.6341463
vt 0.1 0.6097561
vt 0.1 0.5853659
vt 0.1 0.5609756
vt 0.1 0.5365853
vt 0.1 0.5121951
vt 0.1 0.4878049
vt 0.1 0.4634146
vt 0.1 0.4390244
vt 0.1 0.4146342
vt 0.1 0.3902439
vt 0.1 0.3658537
vt 0.1 0.3414634
vt 0.1 0.3170732
vt 0.1 0.2926829
vt 0.1 0.2682927
vt 0.1 0.2439024
vt 0.1 0.2195122
vt 0.1 0.1951219
vt 0.1 0.1707317
vt 0.1 0.1463414
vt 0.1 0.1219512
vt 0.1 0.097561
vt 0.1 0.07317072
vt 0.1 0.0487805
vt 0.1 0.02439022
vt 0.1 0
vt 0.1 0.9899999
vt 0.1 0.9756098
vt 0.1 0.9512195
vt 0.1 0.9268293
vt 0.1 0.902439
vt 0.1 0.8780488
vt 0.1 0.8536586
vt 0.1 0.8292683
vt 0.1 0.8048781
vt 0.1 0.7804878
vt 0.1 0.7560976
vt 0.1 0.7317073
vt 0.1 0.7073171
vt 0.1 0.6829268
vt 0.1 0.6585366
vt 0.1 0.6341463
vt 0.1 0.6097561
vt 0.1 0.5853659
vt 0.1 0.5609756
vt 0.1 0.5365853
vt 0.1 0.5121951
vt 0.1 0.4878049
vt 0.1 0.4634146
vt 0.1 0.4390244
vt 0.1 0.4146342
vt 0.1 0.3902439
vt 0.1 0.3658537
vt 0.1 0.3414634
vt 0.1 0.3170732
vt 0.1 0.2926829
vt 0.1 0.2682927
vt 0.1 0.2439024
vt 0.1 0.2195122
vt 0.1 0.1951219
vt 0.1 0.1707317
vt 0.1 0.1463414
vt 0.1 0.1219512
vt 0.1 0.097561
vt 0.1 0.07317072
vt 0.1 0.0487805
vt 0.1 0.02439022
vt 0.1 0
vt 0.15 0.9899999
vt 0.15 0.9756098
vt 0.15 0.9512195
vt 0.15 0.9268293
vt 0.15 0.902439
vt 0.15 0.8780488
vt 0.15 0.8536586
vt 0.15 0.8292683
vt 0.15 0.8048781
vt 0.15 0.7804878
vt 0.15 0.7560976
vt 0.15 0.7317073
vt 0.15 0.7073171
vt 0.15 0.6829268
vt 0.15 0.6585366
vt 0.15 0.6341463
vt 0.15 0.6097561
vt 0.15 0.5853659
vt 0.15 0.5609756
vt 0.15 0.5365853
vt 0.15 0.5121951
vt 0.15 0.4878049
vt 0.15 0.4634146
vt 0.15 0.4390244
vt 0.15 0.4146342
vt 0.15 0.3902439
vt 0.15 0.3658537
vt 0.15 0.3414634
vt 0.15 0.3170732
vt 0.15 0.2926829
vt 0.15 0.2682927
vt 0.15 0.2439024
vt 0.15 0.2195122
vt 0.15 0.1951219
vt 0.15 0.1707317
vt 0.15 0.1463414
vt 0.15 0.1219512
vt 0.15 0.097561
vt 0.15 0.07317072
vt 0.15 0.0487805
vt 0.15 0.02439022
vt 0.15 0
vt 0.2 0.9899999
vt 0.05 0.9899999
vt 0.1 0.9899999
vt 0.15 0.9899999
vt 0.2 0
vt 0.05 0
vt 0.1 0
vt 0.15 0
vt 0.2 0.9899999
vt 0.2 0.9761904
vt 0.2 0.952381
vt 0.2 0.9285714
vt 0.2 0.9047619
vt 0.2 0.8809524
vt 0.2 0.8571429
vt 0.2 0.8333334
vt 0.2 0.8095238
vt 0.2 0.7857143
vt 0.2 0.7619048
vt 0.2 0.7380952
vt 0.2 0.7142857
vt 0.2 0.6904762
vt 0.2 0.6666666
vt 0.2 0.6428571
vt 0.2 0.6190476
vt 0.2 0.5952381
vt 0.2 0.5714285
vt 0.2 0.547619
vt 0.2 0.5238096
vt 0.2 0.5
vt 0.2 0.4761904
vt 0.2 0.452381
vt 0.2 0.4285714
vt 0.2 0.4047619
vt 0.2 0.3809524
vt 0.2 0.3571429
vt 0.2 0.3333333
vt 0.2 0.3095238
vt 0.2 0.2857143
vt 0.2 0.2619048
vt 0.2 0.2380952
vt 0.2 0.2142857
vt 0.2 0.1904762
vt 0.2 0.1666667
vt 0.2 0.1428571
vt 0.2 0.1190476
vt 0.2 0.09523809
vt 0.2 0.0714286
vt 0.2 0.04761904
vt 0.2 0.02380955
vt 0.2 0
vt 0 0.9899999
vt 0 0.9761904
vt 0 0.952381
vt 0 0.9285714
vt 0 0.9047619
vt 0 0.8809524
vt 0 0.8571429
vt 0 0.8333334
vt 0 0.8095238
vt 0 0.7857143
vt 0 0.7619048
vt 0 0.7380952
vt 0 0.7142857
vt 0 0.6904762
vt 0 0.6666666
vt 0 0.6428571
vt 0 0.6190476
vt 0 0.5952381
vt 0 0.5714285
vt 0 0.547619
vt 0 0.5238096
vt 0 0.5
vt 0 0.4761904
vt 0 0.452381
vt 0 0.4285714
vt 0 0.4047619
vt 0 0.3809524
vt 0 0.3571429
vt 0 0.3333333
vt 0 0.3095238
vt 0 0.2857143
vt 0 0.2619048
vt 0 0.2380952
vt 0 0.2142857
vt 0 0.1904762
vt 0 0.1666667
vt 0 0.1428571
vt 0 0.1190476
vt 0 0.09523809
vt 0 0.0714286
vt 0 0.04761904
vt 0 0.02380955
vt 0 0
vt 0.05 0.9899999
vt 0.05 0.9761904
vt 0.05 0.952381
vt 0.05 0.9285714
vt 0.05 0.9047619
vt 0.05 0.8809524
vt 0.05 0.8571429
vt 0.05 0.8333334
vt 0.05 0.8095238
vt 0.05 0.7857143
vt 0.05 0.7619048
vt 0.05 0.7380952
vt 0.05 0.7142857
vt 0.05 0.6904762
vt 0.05 0.6666666
vt 0.05 0.6428571
vt 0.05 0.6190476
vt 0.05 0.5952381
vt 0.05 0.5714285
vt 0.05 0.547619
vt 0.05 0.5238096
vt 0.05 0.5
vt 0.05 0.4761904
vt 0.05 0.452381
vt 0.05 0.4285714
vt 0.05 0.4047619
vt 0.05 0.3809524
vt 0.05 0.3571429
vt 0.05 0.3333333
vt 0.05 0.3095238
vt 0.05 0.2857143
vt 0.05 0.2619048
vt 0.05 0.2380952
vt 0.05 0.2142857
vt 0.05 0.1904762
vt 0.05 0.1666667
vt 0.05 0.1428571
vt 0.05 0.1190476
vt 0.05 0.09523809
vt 0.05 0.0714286
vt 0.05 0.04761904
vt 0.05 0.02380955
vt 0.05 0
vt 0.1 0.9899999
vt 0.1 0.9761904
vt 0.1 0.952381
vt 0.1 0.9285714
vt 0.1 0.9047619
vt 0.1 0.8809524
vt 0.1 0.8571429
vt 0.1 0.8333334
vt 0.1 0.8095238
vt 0.1 0.7857143
vt 0.1 0.7619048
vt 0.1 0.7380952
vt 0.1 0.7142857
vt 0.1 0.6904762
vt 0.1 0.6666666
vt 0.1 0.6428571
vt 0.1 0.6190476
vt 0.1 0.5952381
vt 0.1 0.5714285
vt 0.1 0.547619
vt 0.1 0.5238096
vt 0.1 0.5
vt 0.1 0.4761904
vt 0.1 0.452381
vt 0.1 0.4285714
vt 0.1 0.4047619
vt 0.1 0.3809524
vt 0.1 0.3571429
vt 0.1 0.3333333
vt 0.1 0.3095238
vt 0.1 0.2857143
vt 0.1 0.2619048
vt 0.1 0.2380952
vt 0.1 0.2142857
vt 0.1 0.1904762
vt 0.1 0.1666667
vt 0.1 0.1428571
vt 0.1 0.1190476
vt 0.1 0.09523809
vt 0.1 0.0714286
vt 0.1 0.04761904
vt 0.1 0.02380955
vt 0.1 0
vt 0.1 0.9899999
vt 0.1 0.9761904
vt 0.1 0.952381
vt 0.1 0.9285714
vt 0.1 0.9047619
vt 0.1 0.8809524
vt 0.1 0.8571429
vt 0.1 0.8333334
vt 0.1 0.8095238
vt 0.1 0.7857143
vt 0.1 0.7619048
vt 0.1 0.7380952
vt 0.1 0.7142857
vt 0.1 0.6904762
vt 0.1 0.6666666
vt 0.1 0.6428571
vt 0.1 0.6190476
vt 0.1 0.5952381
vt 0.1 0.5714285
vt 0.1 0.547619
vt 0.1 0.5238096
vt 0.1 0.5
vt 0.1 0.4761904
vt 0.1 0.452381
vt 0.1 0.4285714
vt 0.1 0.4047619
vt 0.1 0.3809524
vt 0.1 0.3571429
vt 0.1 0.3333333
vt 0.1 0.3095238
vt 0.1 0.2857143
vt 0.1 0.2619048
vt 0.1 0.2380952
vt 0.1 0.2142857
vt 0.1 0.1904762
vt 0.1 0.1666667
vt 0.1 0.1428571
vt 0.1 0.1190476
vt 0.1 0.09523809
vt 0.1 0.0714286
vt 0.1 0.04761904
vt 0.1 0.02380955
vt 0.1 0
vt 0.15 0.9899999
vt 0.15 0.9761904
vt 0.15 0.952381
vt 0.15 0.9285714
vt 0.15 0.9047619
vt 0.15 0.8809524
vt 0.15 0.8571429
vt 0.15 0.8333334
vt 0.15 0.8095238
vt 0.15 0.7857143
vt 0.15 0.7619048
vt 0.15 0.7380952
vt 0.15 0.7142857
vt 0.15 0.6904762
vt 0.15 0.6666666
vt 0.15 0.6428571
vt 0.15 0.6190476
vt 0.15 0.5952381
vt 0.15 0.5714285
vt 0.15 0.547619
vt 0.15 0.5238096
vt 0.15 0.5
vt 0.15 0.4761904
vt 0.15 0.452381
vt 0.15 0.4285714
vt 0.15 0.4047619
vt 0.15 0.3809524
vt 0.15 0.3571429
vt 0.15 0.3333333
vt 0.15 0.3095238
vt 0.15 0.2857143
vt 0.15 0.2619048
vt 0.15 0.2380952
vt 0.15 0.2142857
vt 0.15 0.1904762
vt 0.15 0.1666667
vt 0.15 0.1428571
vt 0.15 0.1190476
vt 0.15 0.09523809
vt 0.15 0.0714286
vt 0.15 0.04761904
vt 0.15 0.02380955
vt 0.15 0
vt 0.2 0.9899999
vt 0.05 0.9899999
vt 0.1 0.9899999
vt 0.15 0.9899999
vt 0.2 0
vt 0.05 0
vt 0.1 0
vt 0.15 0
vt 0.2 0.9899999
vt 0.2 0.9761904
vt 0.2 0.952381
vt 0.2 0.9285714
vt 0.2 0.9047619
vt 0.2 0.8809524
vt 0.2 0.8571429
vt 0.2 0.8333334
vt 0.2 0.8095238
vt 0.2 0.7857143
vt 0.2 0.7619048
vt 0.2 0.7380952
vt 0.2 0.7142857
vt 0.2 0.6904762
vt 0.2 0.6666666
vt 0.2 0.6428571
vt 0.2 0.6190476
vt 0.2 0.5952381
vt 0.2 0.5714285
vt 0.2 0.547619
vt 0.2 0.5238096
vt 0.2 0.5
vt 0.2 0.4761904
vt 0.2 0.452381
vt 0.2 0.4285714
vt 0.2 0.4047619
vt 0.2 0.3809524
vt 0.2 0.3571429
vt 0.2 0.3333333
vt 0.2 0.3095238
vt 0.2 0.2857143
vt 0.2 0.2619048
vt 0.2 0.2380952
vt 0.2 0.2142857
vt 0.2 0.1904762
vt 0.2 0.1666667
vt 0.2 0.1428571
vt 0.2 0.1190476
vt 0.2 0.09523809
vt 0.2 0.0714286
vt 0.2 0.04761904
vt 0.2 0.02380955
vt 0.2 0
vt 0 0.9899999
vt 0 0.9761904
vt 0 0.952381
vt 0 0.9285714
vt 0 0.9047619
vt 0 0.8809524
vt 0 0.8571429
vt 0 0.8333334
vt 0 0.8095238
vt 0 0.7857143
vt 0 0.7619048
vt 0 0.7380952
vt 0 0.7142857
vt 0 0.6904762
vt 0 0.6666666
vt 0 0.6428571
vt 0 0.6190476
vt 0 0.5952381
vt 0 0.5714285
vt 0 0.547619
vt 0 0.5238096
vt 0 0.5
vt 0 0.4761904
vt 0 0.452381
vt 0 0.4285714
vt 0 0.4047619
vt 0 0.3809524
vt 0 0.3571429
vt 0 0.3333333
vt 0 0.3095238
vt 0 0.2857143
vt 0 0.2619048
vt 0 0.2380952
vt 0 0.2142857
vt 0 0.1904762
vt 0 0.1666667
vt 0 0.1428571
vt 0 0.1190476
vt 0 0.09523809
vt 0 0.0714286
vt 0 0.04761904
vt 0 0.02380955
vt 0 0
vt 0.05 0.9899999
vt 0.05 0.9761904
vt 0.05 0.952381
vt 0.05 0.9285714
vt 0.05 0.9047619
vt 0.05 0.8809524
vt 0.05 0.8571429
vt 0.05 0.8333334
vt 0.05 0.8095238
vt 0.05 0.7857143
vt 0.05 0.7619048
vt 0.05 0.7380952
vt 0.05 0.7142857
vt 0.05 0.6904762
vt 0.05 0.6666666
vt 0.05 0.6428571
vt 0.05 0.6190476
vt 0.05 0.5952381
vt 0.05 0.5714285
vt 0.05 0.547619
vt 0.05 0.5238096
vt 0.05 0.5
vt 0.05 0.4761904
vt 0.05 0.452381
vt 0.05 0.4285714
vt 0.05 0.4047619
vt 0.05 0.3809524
vt 0.05 0.3571429
vt 0.05 0.3333333
vt 0.05 0.3095238
vt 0.05 0.2857143
vt 0.05 0.2619048
vt 0.05 0.2380952
vt 0.05 0.2142857
vt 0.05 0.1904762
vt 0.05 0.1666667
vt 0.05 0.1428571
vt 0.05 0.1190476
vt 0.05 0.09523809
vt 0.05 0.0714286
vt 0.05 0.04761904
vt 0.05 0.02380955
vt 0.05 0
vt 0.1 0.9899999
vt 0.1 0.9761904
vt 0.1 0.952381
vt 0.1 0.9285714
vt 0.1 0.9047619
vt 0.1 0.8809524
vt 0.1 0.8571429
vt 0.1 0.8333334
vt 0.1 0.8095238
vt 0.1 0.7857143
vt 0.1 0.7619048
vt 0.1 0.7380952
vt 0.1 0.7142857
vt 0.1 0.6904762
vt 0.1 0.6666666
vt 0.1 0.6428571
vt 0.1 0.6190476
vt 0.1 0.5952381
vt 0.1 0.5714285
vt 0.1 0.547619
vt 0.1 0.5238096
vt 0.1 0.5
vt 0.1 0.4761904
vt 0.1 0.452381
vt 0.1 0.4285714
vt 0.1 0.4047619
vt 0.1 0.3809524
vt 0.1 0.3571429
vt 0.1 0.3333333
vt 0.1 0.3095238
vt 0.1 0.2857143
vt 0.1 0.2619048
vt 0.1 0.2380952
vt 0.1 0.2142857
vt 0.1 0.1904762
vt 0.1 0.1666667
vt 0.1 0.1428571
vt 0.1 0.1190476
vt 0.1 0.09523809
vt 0.1 0.0714286
vt 0.1 0.04761904
vt 0.1 0.02380955
vt 0.1 0
vt 0.1 0.9899999
vt 0.1 0.9761904
vt 0.1 0.952381
vt 0.1 0.9285714
vt 0.1 0.9047619
vt 0.1 0.8809524
vt 0.1 0.8571429
vt 0.1 0.8333334
vt 0.1 0.8095238
vt 0.1 0.7857143
vt 0.1 0.7619048
vt 0.1 0.7380952
vt 0.1 0.7142857
vt 0.1 0.6904762
vt 0.1 0.6666666
vt 0.1 0.6428571
vt 0.1 0.6190476
vt 0.1 0.5952381
vt 0.1 0.5714285
vt 0.1 0.547619
vt 0.1 0.5238096
vt 0.1 0.5
vt 0.1 0.4761904
vt 0.1 0.452381
vt 0.1 0.4285714
vt 0.1 0.4047619
vt 0.1 0.3809524
vt 0.1 0.3571429
vt 0.1 0.3333333
vt 0.1 0.3095238
vt 0.1 0.2857143
vt 0.1 0.2619048
vt 0.1 0.2380952
vt 0.1 0.2142857
vt 0.1 0.1904762
vt 0.1 0.1666667
vt 0.1 0.1428571
vt 0.1 0.1190476
vt 0.1 0.09523809
vt 0.1 0.0714286
vt 0.1 0.04761904
vt 0.1 0.02380955
vt 0.1 0
vt 0.15 0.9899999
vt 0.15 0.9761904
vt 0.15 0.952381
vt 0.15 0.9285714
vt 0.15 0.9047619
vt 0.15 0.8809524
vt 0.15 0.8571429
vt 0.15 0.8333334
vt 0.15 0.8095238
vt 0.15 0.7857143
vt 0.15 0.7619048
vt 0.15 0.7380952
vt 0.15 0.7142857
vt 0.15 0.6904762
vt 0.15 0.6666666
vt 0.15 0.6428571
vt 0.15 0.6190476
vt 0.15 0.5952381
vt 0.15 0.5714285
vt 0.15 0.547619
vt 0.15 0.5238096
vt 0.15 0.5
vt 0.15 0.4761904
vt 0.15 0.452381
vt 0.15 0.4285714
vt 0.15 0.4047619
vt 0.15 0.3809524
vt 0.15 0.3571429
vt 0.15 0.3333333
vt 0.15 0.3095238
vt 0.15 0.2857143
vt 0.15 0.2619048
vt 0.15 0.2380952
vt 0.15 0.2142857
vt 0.15 0.1904762
vt 0.15 0.1666667
vt 0.15 0.1428571
vt 0.15 0.1190476
vt 0.15 0.09523809
vt 0.15 0.0714286
vt 0.15 0.04761904
vt 0.15 0.02380955
vt 0.15 0
vt 0.2 0.9899999
vt 0.05 0.9899999
vt 0.1 0.9899999
vt 0.15 0.9899999
vt 0.2 0
vt 0.05 0
vt 0.1 0
vt 0.15 0
vt 0.2 0.9899999
vt 0.2 0.9761904
vt 0.2 0.952381
vt 0.2 0.9285714
vt 0.2 0.9047619
vt 0.2 0.8809524
vt 0.2 0.8571429
vt 0.2 0.8333334
vt 0.2 0.8095238
vt 0.2 0.7857143
vt 0.2 0.7619048
vt 0.2 0.7380952
vt 0.2 0.7142857
vt 0.2 0.6904762
vt 0.2 0.6666666
vt 0.2 0.6428571
vt 0.2 0.6190476
vt 0.2 0.5952381
vt 0.2 0.5714285
vt 0.2 0.547619
vt 0.2 0.5238096
vt 0.2 0.5
vt 0.2 0.4761904
vt 0.2 0.452381
vt 0.2 0.4285714
vt 0.2 0.4047619
vt 0.2 0.3809524
vt 0.2 0.3571429
vt 0.2 0.3333333
vt 0.2 0.3095238
vt 0.2 0.2857143
vt 0.2 0.2619048
vt 0.2 0.2380952
vt 0.2 0.2142857
vt 0.2 0.1904762
vt 0.2 0.1666667
vt 0.2 0.1428571
vt 0.2 0.1190476
vt 0.2 0.09523809
vt 0.2 0.0714286
vt 0.2 0.04761904
vt 0.2 0.02380955
vt 0.2 0
vt 0 0.9899999
vt 0 0.9761904
vt 0 0.952381
vt 0 0.9285714
vt 0 0.9047619
vt 0 0.8809524
vt 0 0.8571429
vt 0 0.8333334
vt 0 0.8095238
vt 0 0.7857143
vt 0 0.7619048
vt 0 0.7380952
vt 0 0.7142857
vt 0 0.6904762
vt 0 0.6666666
vt 0 0.6428571
vt 0 0.6190476
vt 0 0.5952381
vt 0 0.5714285
vt 0 0.547619
vt 0 0.5238096
vt 0 0.5
vt 0 0.4761904
vt 0 0.452381
vt 0 0.4285714
vt 0 0.4047619
vt 0 0.3809524
vt 0 0.3571429
vt 0 0.3333333
vt 0 0.3095238
vt 0 0.2857143
vt 0 0.2619048
vt 0 0.2380952
vt 0 0.2142857
vt 0 0.1904762
vt 0 0.1666667
vt 0 0.1428571
vt 0 0.1190476
vt 0 0.09523809
vt 0 0.0714286
vt 0 0.04761904
vt 0 0.02380955
vt 0 0
vt 0.05 0.9899999
vt 0.05 0.9761904
vt 0.05 0.952381
vt 0.05 0.9285714
vt 0.05 0.9047619
vt 0.05 0.8809524
vt 0.05 0.8571429
vt 0.05 0.8333334
vt 0.05 0.8095238
vt 0.05 0.7857143
vt 0.05 0.7619048
vt 0.05 0.7380952
vt 0.05 0.7142857
vt 0.05 0.6904762
vt 0.05 0.6666666
vt 0.05 0.6428571
vt 0.05 0.6190476
vt 0.05 0.5952381
vt 0.05 0.5714285
vt 0.05 0.547619
vt 0.05 0.5238096
vt 0.05 0.5
vt 0.05 0.4761904
vt 0.05 0.452381
vt 0.05 0.4285714
vt 0.05 0.4047619
vt 0.05 0.3809524
vt 0.05 0.3571429
vt 0.05 0.3333333
vt 0.05 0.3095238
vt 0.05 0.2857143
vt 0.05 0.2619048
vt 0.05 0.2380952
vt 0.05 0.2142857
vt 0.05 0.1904762
vt 0.05 0.1666667
vt 0.05 0.1428571
vt 0.05 0.1190476
vt 0.05 0.09523809
vt 0.05 0.0714286
vt 0.05 0.04761904
vt 0.05 0.02380955
vt 0.05 0
vt 0.1 0.9899999
vt 0.1 0.9761904
vt 0.1 0.952381
vt 0.1 0.9285714
vt 0.1 0.9047619
vt 0.1 0.8809524
vt 0.1 0.8571429
vt 0.1 0.8333334
vt 0.1 0.8095238
vt 0.1 0.7857143
vt 0.1 0.7619048
vt 0.1 0.7380952
vt 0.1 0.7142857
vt 0.1 0.6904762
vt 0.1 0.6666666
vt 0.1 0.6428571
vt 0.1 0.6190476
vt 0.1 0.5952381
vt 0.1 0.5714285
vt 0.1 0.547619
vt 0.1 0.5238096
vt 0.1 0.5
vt 0.1 0.4761904
vt 0.1 0.452381
vt 0.1 0.4285714
vt 0.1 0.4047619
vt 0.1 0.3809524
vt 0.1 0.3571429
vt 0.1 0.3333333
vt 0.1 0.3095238
vt 0.1 0.2857143
vt 0.1 0.2619048
vt 0.1 0.2380952
vt 0.1 0.2142857
vt 0.1 0.1904762
vt 0.1 0.1666667
vt 0.1 0.1428571
vt 0.1 0.1190476
vt 0.1 0.09523809
vt 0.1 0.0714286
vt 0.1 0.04761904
vt 0.1 0.02380955
vt 0.1 0
vt 0.1 0.9899999
vt 0.1 0.9761904
vt 0.1 0.952381
vt 0.1 0.9285714
vt 0.1 0.9047619
vt 0.1 0.8809524
vt 0.1 0.8571429
vt 0.1 0.8333334
vt 0.1 0.8095238
vt 0.1 0.7857143
vt 0.1 0.7619048
vt 0.1 0.7380952
vt 0.1 0.7142857
vt 0.1 0.6904762
vt 0.1 0.6666666
vt 0.1 0.6428571
vt 0.1 0.6190476
vt 0.1 0.5952381
vt 0.1 0.5714285
vt 0.1 0.547619
vt 0.1 0.5238096
vt 0.1 0.5
vt 0.1 0.4761904
vt 0.1 0.452381
vt 0.1 0.4285714
vt 0.1 0.4047619
vt 0.1 0.3809524
vt 0.1 0.3571429
vt 0.1 0.3333333
vt 0.1 0.3095238
vt 0.1 0.2857143
vt 0.1 0.2619048
vt 0.1 0.2380952
vt 0.1 0.2142857
vt 0.1 0.1904762
vt 0.1 0.1666667
vt 0.1 0.1428571
vt 0.1 0.1190476
vt 0.1 0.09523809
vt 0.1 0.0714286
vt 0.1 0.04761904
vt 0.1 0.02380955
vt 0.1 0
vt 0.15 0.9899999
vt 0.15 0.9761904
vt 0.15 0.952381
vt 0.15 0.9285714
vt 0.15 0.9047619
vt 0.15 0.8809524
vt 0.15 0.8571429
vt 0.15 0.8333334
vt 0.15 0.8095238
vt 0.15 0.7857143
vt 0.15 0.7619048
vt 0.15 0.7380952
vt 0.15 0.7142857
vt 0.15 0.6904762
vt 0.15 0.6666666
vt 0.15 0.6428571
vt 0.15 0.6190476
vt 0.15 0.5952381
vt 0.15 0.5714285
vt 0.15 0.547619
vt 0.15 0.5238096
vt 0.15 0.5
vt 0.15 0.4761904
vt 0.15 0.452381
vt 0.15 0.4285714
vt 0.15 0.4047619
vt 0.15 0.3809524
vt 0.15 0.3571429
vt 0.15 0.3333333
vt 0.15 0.3095238
vt 0.15 0.2857143
vt 0.15 0.2619048
vt 0.15 0.2380952
vt 0.15 0.2142857
vt 0.15 0.1904762
vt 0.15 0.1666667
vt 0.15 0.1428571
vt 0.15 0.1190476
vt 0.15 0.09523809
vt 0.15 0.0714286
vt 0.15 0.04761904
vt 0.15 0.02380955
vt 0.15 0
vt 0.2 0.9899999
vt 0.05 0.9899999
vt 0.1 0.9899999
vt 0.15 0.9899999
vt 0.2 0
vt 0.05 0
vt 0.1 0
vt 0.15 0
vt 0.2 0.9899999
vt 0.2 0.9761904
vt 0.2 0.952381
vt 0.2 0.9285714
vt 0.2 0.9047619
vt 0.2 0.8809524
vt 0.2 0.8571429
vt 0.2 0.8333334
vt 0.2 0.8095238
vt 0.2 0.7857143
vt 0.2 0.7619048
vt 0.2 0.7380952
vt 0.2 0.7142857
vt 0.2 0.6904762
vt 0.2 0.6666666
vt 0.2 0.6428571
vt 0.2 0.6190476
vt 0.2 0.5952381
vt 0.2 0.5714285
vt 0.2 0.547619
vt 0.2 0.5238096
vt 0.2 0.5
vt 0.2 0.4761904
vt 0.2 0.452381
vt 0.2 0.4285714
vt 0.2 0.4047619
vt 0.2 0.3809524
vt 0.2 0.3571429
vt 0.2 0.3333333
vt 0.2 0.3095238
vt 0.2 0.2857143
vt 0.2 0.2619048
vt 0.2 0.2380952
vt 0.2 0.2142857
vt 0.2 0.1904762
vt 0.2 0.1666667
vt 0.2 0.1428571
vt 0.2 0.1190476
vt 0.2 0.09523809
vt 0.2 0.0714286
vt 0.2 0.04761904
vt 0.2 0.02380955
vt 0.2 0
vt 0 0.9899999
vt 0 0.9761904
vt 0 0.952381
vt 0 0.9285714
vt 0 0.9047619
vt 0 0.8809524
vt 0 0.8571429
vt 0 0.8333334
vt 0 0.8095238
vt 0 0.7857143
vt 0 0.7619048
vt 0 0.7380952
vt 0 0.7142857
vt 0 0.6904762
vt 0 0.6666666
vt 0 0.6428571
vt 0 0.6190476
vt 0 0.5952381
vt 0 0.5714285
vt 0 0.547619
vt 0 0.5238096
vt 0 0.5
vt 0 0.4761904
vt 0 0.452381
vt 0 0.4285714
vt 0 0.4047619
vt 0 0.3809524
vt 0 0.3571429
vt 0 0.3333333
vt 0 0.3095238
vt 0 0.2857143
vt 0 0.2619048
vt 0 0.2380952
vt 0 0.2142857
vt 0 0.1904762
vt 0 0.1666667
vt 0 0.1428571
vt 0 0.1190476
vt 0 0.09523809
vt 0 0.0714286
vt 0 0.04761904
vt 0 0.02380955
vt 0 0
vt 0.05 0.9899999
vt 0.05 0.9761904
vt 0.05 0.952381
vt 0.05 0.9285714
vt 0.05 0.9047619
vt 0.05 0.8809524
vt 0.05 0.8571429
vt 0.05 0.8333334
vt 0.05 0.8095238
vt 0.05 0.7857143
vt 0.05 0.7619048
vt 0.05 0.7380952
vt 0.05 0.7142857
vt 0.05 0.6904762
vt 0.05 0.6666666
vt 0.05 0.6428571
vt 0.05 0.6190476
vt 0.05 0.5952381
vt 0.05 0.5714285
vt 0.05 0.547619
vt 0.05 0.5238096
vt 0.05 0.5
vt 0.05 0.4761904
vt 0.05 0.452381
vt 0.05 0.4285714
vt 0.05 0.4047619
vt 0.05 0.3809524
vt 0.05 0.3571429
vt 0.05 0.3333333
vt 0.05 0.3095238
vt 0.05 0.2857143
vt 0.05 0.2619048
vt 0.05 0.2380952
vt 0.05 0.2142857
vt 0.05 0.1904762
vt 0.05 0.1666667
vt 0.05 0.1428571
vt 0.05 0.1190476
vt 0.05 0.09523809
vt 0.05 0.0714286
vt 0.05 0.04761904
vt 0.05 0.02380955
vt 0.05 0
vt 0.1 0.9899999
vt 0.1 0.9761904
vt 0.1 0.952381
vt 0.1 0.9285714
vt 0.1 0.9047619
vt 0.1 0.8809524
vt 0.1 0.8571429
vt 0.1 0.8333334
vt 0.1 0.8095238
vt 0.1 0.7857143
vt 0.1 0.7619048
vt 0.1 0.7380952
vt 0.1 0.7142857
vt 0.1 0.6904762
vt 0.1 0.6666666
vt 0.1 0.6428571
vt 0.1 0.6190476
vt 0.1 0.5952381
vt 0.1 0.5714285
vt 0.1 0.547619
vt 0.1 0.5238096
vt 0.1 0.5
vt 0.1 0.4761904
vt 0.1 0.452381
vt 0.1 0.4285714
vt 0.1 0.4047619
vt 0.1 0.3809524
vt 0.1 0.3571429
vt 0.1 0.3333333
vt 0.1 0.3095238
vt 0.1 0.2857143
vt 0.1 0.2619048
vt 0.1 0.2380952
vt 0.1 0.2142857
vt 0.1 0.1904762
vt 0.1 0.1666667
vt 0.1 0.1428571
vt 0.1 0.1190476
vt 0.1 0.09523809
vt 0.1 0.0714286
vt 0.1 0.04761904
vt 0.1 0.02380955
vt 0.1 0
vt 0.1 0.9899999
vt 0.1 0.9761904
vt 0.1 0.952381
vt 0.1 0.9285714
vt 0.1 0.9047619
vt 0.1 0.8809524
vt 0.1 0.8571429
vt 0.1 0.8333334
vt 0.1 0.8095238
vt 0.1 0.7857143
vt 0.1 0.7619048
vt 0.1 0.7380952
vt 0.1 0.7142857
vt 0.1 0.6904762
vt 0.1 0.6666666
vt 0.1 0.6428571
vt 0.1 0.6190476
vt 0.1 0.5952381
vt 0.1 0.5714285
vt 0.1 0.547619
vt 0.1 0.5238096
vt 0.1 0.5
vt 0.1 0.4761904
vt 0.1 0.452381
vt 0.1 0.4285714
vt 0.1 0.4047619
vt 0.1 0.3809524
vt 0.1 0.3571429
vt 0.1 0.3333333
vt 0.1 0.3095238
vt 0.1 0.2857143
vt 0.1 0.2619048
vt 0.1 0.2380952
vt 0.1 0.2142857
vt 0.1 0.1904762
vt 0.1 0.1666667
vt 0.1 0.1428571
vt 0.1 0.1190476
vt 0.1 0.09523809
vt 0.1 0.0714286
vt 0.1 0.04761904
vt 0.1 0.02380955
vt 0.1 0
vt 0.15 0.9899999
vt 0.15 0.9761904
vt 0.15 0.952381
vt 0.15 0.9285714
vt 0.15 0.9047619
vt 0.15 0.8809524
vt 0.15 0.8571429
vt 0.15 0.8333334
vt 0.15 0.8095238
vt 0.15 0.7857143
vt 0.15 0.7619048
vt 0.15 0.7380952
vt 0.15 0.7142857
vt 0.15 0.6904762
vt 0.15 0.6666666
vt 0.15 0.6428571
vt 0.15 0.6190476
vt 0.15 0.5952381
vt 0.15 0.5714285
vt 0.15 0.547619
vt 0.15 0.5238096
vt 0.15 0.5
vt 0.15 0.4761904
vt 0.15 0.452381
vt 0.15 0.4285714
vt 0.15 0.4047619
vt 0.15 0.3809524
vt 0.15 0.3571429
vt 0.15 0.3333333
vt 0.15 0.3095238
vt 0.15 0.2857143
vt 0.15 0.2619048
vt 0.15 0.2380952
vt 0.15 0.2142857
vt 0.15 0.1904762
vt 0.15 0.1666667
vt 0.15 0.1428571
vt 0.15 0.1190476
vt 0.15 0.09523809
vt 0.15 0.0714286
vt 0.15 0.04761904
vt 0.15 0.02380955
vt 0.15 0
vt 0.2 0.9899999
vt 0.05 0.9899999
vt 0.1 0.9899999
vt 0.15 0.9899999
vt 0.2 0
vt 0.05 0
vt 0.1 0
vt 0.15 0
vt 0.2 0.9899999
vt 0.2 0.9761904
vt 0.2 0.952381
vt 0.2 0.9285714
vt 0.2 0.9047619
vt 0.2 0.8809524
vt 0.2 0.8571429
vt 0.2 0.8333334
vt 0.2 0.8095238
vt 0.2 0.7857143
vt 0.2 0.7619048
vt 0.2 0.7380952
vt 0.2 0.7142857
vt 0.2 0.6904762
vt 0.2 0.6666666
vt 0.2 0.6428571
vt 0.2 0.6190476
vt 0.2 0.5952381
vt 0.2 0.5714285
vt 0.2 0.547619
vt 0.2 0.5238096
vt 0.2 0.5
vt 0.2 0.4761904
vt 0.2 0.452381
vt 0.2 0.4285714
vt 0.2 0.4047619
vt 0.2 0.3809524
vt 0.2 0.3571429
vt 0.2 0.3333333
vt 0.2 0.3095238
vt 0.2 0.2857143
vt 0.2 0.2619048
vt 0.2 0.2380952
vt 0.2 0.2142857
vt 0.2 0.1904762
vt 0.2 0.1666667
vt 0.2 0.1428571
vt 0.2 0.1190476
vt 0.2 0.09523809
vt 0.2 0.0714286
vt 0.2 0.04761904
vt 0.2 0.02380955
vt 0.2 0
vt 0 0.9899999
vt 0 0.9761904
vt 0 0.952381
vt 0 0.9285714
vt 0 0.9047619
vt 0 0.8809524
vt 0 0.8571429
vt 0 0.8333334
vt 0 0.8095238
vt 0 0.7857143
vt 0 0.7619048
vt 0 0.7380952
vt 0 0.7142857
vt 0 0.6904762
vt 0 0.6666666
vt 0 0.6428571
vt 0 0.6190476
vt 0 0.5952381
vt 0 0.5714285
vt 0 0.547619
vt 0 0.5238096
vt 0 0.5
vt 0 0.4761904
vt 0 0.452381
vt 0 0.4285714
vt 0 0.4047619
vt 0 0.3809524
vt 0 0.3571429
vt 0 0.3333333
vt 0 0.3095238
vt 0 0.2857143
vt 0 0.2619048
vt 0 0.2380952
vt 0 0.2142857
vt 0 0.1904762
vt 0 0.1666667
vt 0 0.1428571
vt 0 0.1190476
vt 0 0.09523809
vt 0 0.0714286
vt 0 0.04761904
vt 0 0.02380955
vt 0 0
vt 0.05 0.9899999
vt 0.05 0.9761904
vt 0.05 0.952381
vt 0.05 0.9285714
vt 0.05 0.9047619
vt 0.05 0.8809524
vt 0.05 0.8571429
vt 0.05 0.8333334
vt 0.05 0.8095238
vt 0.05 0.7857143
vt 0.05 0.7619048
vt 0.05 0.7380952
vt 0.05 0.7142857
vt 0.05 0.6904762
vt 0.05 0.6666666
vt 0.05 0.6428571
vt 0.05 0.6190476
vt 0.05 0.5952381
vt 0.05 0.5714285
vt 0.05 0.547619
vt 0.05 0.5238096
vt 0.05 0.5
vt 0.05 0.4761904
vt 0.05 0.452381
vt 0.05 0.4285714
vt 0.05 0.4047619
vt 0.05 0.3809524
vt 0.05 0.3571429
vt 0.05 0.3333333
vt 0.05 0.3095238
vt 0.05 0.2857143
vt 0.05 0.2619048
vt 0.05 0.2380952
vt 0.05 0.2142857
vt 0.05 0.1904762
vt 0.05 0.1666667
vt 0.05 0.1428571
vt 0.05 0.1190476
vt 0.05 0.09523809
vt 0.05 0.0714286
vt 0.05 0.04761904
vt 0.05 0.02380955
vt 0.05 0
vt 0.1 0.9899999
vt 0.1 0.9761904
vt 0.1 0.952381
vt 0.1 0.9285714
vt 0.1 0.9047619
vt 0.1 0.8809524
vt 0.1 0.8571429
vt 0.1 0.8333334
vt 0.1 0.8095238
vt 0.1 0.7857143
vt 0.1 0.7619048
vt 0.1 0.7380952
vt 0.1 0.7142857
vt 0.1 0.6904762
vt 0.1 0.6666666
vt 0.1 0.6428571
vt 0.1 0.6190476
vt 0.1 0.5952381
vt 0.1 0.5714285
vt 0.1 0.547619
vt 0.1 0.5238096
vt 0.1 0.5
vt 0.1 0.4761904
vt 0.1 0.452381
vt 0.1 0.4285714
vt 0.1 0.4047619
vt 0.1 0.3809524
vt 0.1 0.3571429
vt 0.1 0.3333333
vt 0.1 0.3095238
vt 0.1 0.2857143
vt 0.1 0.2619048
vt 0.1 0.2380952
vt 0.1 0.2142857
vt 0.1 0.1904762
vt 0.1 0.1666667
vt 0.1 0.1428571
vt 0.1 0.1190476
vt 0.1 0.09523809
vt 0.1 0.0714286
vt 0.1 0.04761904
vt 0.1 0.02380955
vt 0.1 0
vt 0.1 0.9899999
vt 0.1 0.9761904
vt 0.1 0.952381
vt 0.1 0.9285714
vt 0.1 0.9047619
vt 0.1 0.8809524
vt 0.1 0.8571429
vt 0.1 0.8333334
vt 0.1 0.8095238
vt 0.1 0.7857143
vt 0.1 0.7619048
vt 0.1 0.7380952
vt 0.1 0.7142857
vt 0.1 0.6904762
vt 0.1 0.6666666
vt 0.1 0.6428571
vt 0.1 0.6190476
vt 0.1 0.5952381
vt 0.1 0.5714285
vt 0.1 0.547619
vt 0.1 0.5238096
vt 0.1 0.5
vt 0.1 0.4761904
vt 0.1 0.452381
vt 0.1 0.4285714
vt 0.1 0.4047619
vt 0.1 0.3809524
vt 0.1 0.3571429
vt 0.1 0.3333333
vt 0.1 0.3095238
vt 0.1 0.2857143
vt 0.1 0.2619048
vt 0.1 0.2380952
vt 0.1 0.2142857
vt 0.1 0.1904762
vt 0.1 0.1666667
vt 0.1 0.1428571
vt 0.1 0.1190476
vt 0.1 0.09523809
vt 0.1 0.0714286
vt 0.1 0.04761904
vt 0.1 0.02380955
vt 0.1 0
vt 0.15 0.9899999
vt 0.15 0.9761904
vt 0.15 0.952381
vt 0.15 0.9285714
vt 0.15 0.9047619
vt 0.15 0.8809524
vt 0.15 0.8571429
vt 0.15 0.8333334
vt 0.15 0.8095238
vt 0.15 0.7857143
vt 0.15 0.7619048
vt 0.15 0.7380952
vt 0.15 0.7142857
vt 0.15 0.6904762
vt 0.15 0.6666666
vt 0.15 0.6428571
vt 0.15 0.6190476
vt 0.15 0.5952381
vt 0.15 0.5714285
vt 0.15 0.547619
vt 0.15 0.5238096
vt 0.15 0.5
vt 0.15 0.4761904
vt 0.15 0.452381
vt 0.15 0.4285714
vt 0.15 0.4047619
vt 0.15 0.3809524
vt 0.15 0.3571429
vt 0.15 0.3333333
vt 0.15 0.3095238
vt 0.15 0.2857143
vt 0.15 0.2619048
vt 0.15 0.2380952
vt 0.15 0.2142857
vt 0.15 0.1904762
vt 0.15 0.1666667
vt 0.15 0.1428571
vt 0.15 0.1190476
vt 0.15 0.09523809
vt 0.15 0.0714286
vt 0.15 0.04761904
vt 0.15 0.02380955
vt 0.15 0
vt 0.2 0.9899999
vt 0.05 0.9899999
vt 0.1 0.9899999
vt 0.15 0.9899999
vt 0.2 0
vt 0.05 0
vt 0.1 0
vt 0.15 0
vt 0.2 0.9899999
vt 0.2 0.9761904
vt 0.2 0.952381
vt 0.2 0.9285714
vt 0.2 0.9047619
vt 0.2 0.8809524
vt 0.2 0.8571429
vt 0.2 0.8333334
vt 0.2 0.8095238
vt 0.2 0.7857143
vt 0.2 0.7619048
vt 0.2 0.7380952
vt 0.2 0.7142857
vt 0.2 0.6904762
vt 0.2 0.6666666
vt 0.2 0.6428571
vt 0.2 0.6190476
vt 0.2 0.5952381
vt 0.2 0.5714285
vt 0.2 0.547619
vt 0.2 0.5238096
vt 0.2 0.5
vt 0.2 0.4761904
vt 0.2 0.452381
vt 0.2 0.4285714
vt 0.2 0.4047619
vt 0.2 0.3809524
vt 0.2 0.3571429
vt 0.2 0.3333333
vt 0.2 0.3095238
vt 0.2 0.2857143
vt 0.2 0.2619048
vt 0.2 0.2380952
vt 0.2 0.2142857
vt 0.2 0.1904762
vt 0.2 0.1666667
vt 0.2 0.1428571
vt 0.2 0.1190476
vt 0.2 0.09523809
vt 0.2 0.0714286
vt 0.2 0.04761904
vt 0.2 0.02380955
vt 0.2 0
vt 0 0.9899999
vt 0 0.9761904
vt 0 0.952381
vt 0 0.9285714
vt 0 0.9047619
vt 0 0.8809524
vt 0 0.8571429
vt 0 0.8333334
vt 0 0.8095238
vt 0 0.7857143
vt 0 0.7619048
vt 0 0.7380952
vt 0 0.7142857
vt 0 0.6904762
vt 0 0.6666666
vt 0 0.6428571
vt 0 0.6190476
vt 0 0.5952381
vt 0 0.5714285
vt 0 0.547619
vt 0 0.5238096
vt 0 0.5
vt 0 0.4761904
vt 0 0.452381
vt 0 0.4285714
vt 0 0.4047619
vt 0 0.3809524
vt 0 0.3571429
vt 0 0.3333333
vt 0 0.3095238
vt 0 0.2857143
vt 0 0.2619048
vt 0 0.2380952
vt 0 0.2142857
vt 0 0.1904762
vt 0 0.1666667
vt 0 0.1428571
vt 0 0.1190476
vt 0 0.09523809
vt 0 0.0714286
vt 0 0.04761904
vt 0 0.02380955
vt 0 0
vt 0.05 0.9899999
vt 0.05 0.9761904
vt 0.05 0.952381
vt 0.05 0.9285714
vt 0.05 0.9047619
vt 0.05 0.8809524
vt 0.05 0.8571429
vt 0.05 0.8333334
vt 0.05 0.8095238
vt 0.05 0.7857143
vt 0.05 0.7619048
vt 0.05 0.7380952
vt 0.05 0.7142857
vt 0.05 0.6904762
vt 0.05 0.6666666
vt 0.05 0.6428571
vt 0.05 0.6190476
vt 0.05 0.5952381
vt 0.05 0.5714285
vt 0.05 0.547619
vt 0.05 0.5238096
vt 0.05 0.5
vt 0.05 0.4761904
vt 0.05 0.452381
vt 0.05 0.4285714
vt 0.05 0.4047619
vt 0.05 0.3809524
vt 0.05 0.3571429
vt 0.05 0.3333333
vt 0.05 0.3095238
vt 0.05 0.2857143
vt 0.05 0.2619048
vt 0.05 0.2380952
vt 0.05 0.2142857
vt 0.05 0.1904762
vt 0.05 0.1666667
vt 0.05 0.1428571
vt 0.05 0.1190476
vt 0.05 0.09523809
vt 0.05 0.0714286
vt 0.05 0.04761904
vt 0.05 0.02380955
vt 0.05 0
vt 0.1 0.9899999
vt 0.1 0.9761904
vt 0.1 0.952381
vt 0.1 0.9285714
vt 0.1 0.9047619
vt 0.1 0.8809524
vt 0.1 0.8571429
vt 0.1 0.8333334
vt 0.1 0.8095238
vt 0.1 0.7857143
vt 0.1 0.7619048
vt 0.1 0.7380952
vt 0.1 0.7142857
vt 0.1 0.6904762
vt 0.1 0.6666666
vt 0.1 0.6428571
vt 0.1 0.6190476
vt 0.1 0.5952381
vt 0.1 0.5714285
vt 0.1 0.547619
vt 0.1 0.5238096
vt 0.1 0.5
vt 0.1 0.4761904
vt 0.1 0.452381
vt 0.1 0.4285714
vt 0.1 0.4047619
vt 0.1 0.3809524
vt 0.1 0.3571429
vt 0.1 0.3333333
vt 0.1 0.3095238
vt 0.1 0.2857143
vt 0.1 0.2619048
vt 0.1 0.2380952
vt 0.1 0.2142857
vt 0.1 0.1904762
vt 0.1 0.1666667
vt 0.1 0.1428571
vt 0.1 0.1190476
vt 0.1 0.09523809
vt 0.1 0.0714286
vt 0.1 0.04761904
vt 0.1 0.02380955
vt 0.1 0
vt 0.1 0.9899999
vt 0.1 0.9761904
vt 0.1 0.952381
vt 0.1 0.9285714
vt 0.1 0.9047619
vt 0.1 0.8809524
vt 0.1 0.8571429
vt 0.1 0.8333334
vt 0.1 0.8095238
vt 0.1 0.7857143
vt 0.1 0.7619048
vt 0.1 0.7380952
vt 0.1 0.7142857
vt 0.1 0.6904762
vt 0.1 0.6666666
vt 0.1 0.6428571
vt 0.1 0.6190476
vt 0.1 0.5952381
vt 0.1 0.5714285
vt 0.1 0.547619
vt 0.1 0.5238096
vt 0.1 0.5
vt 0.1 0.4761904
vt 0.1 0.452381
vt 0.1 0.4285714
vt 0.1 0.4047619
vt 0.1 0.3809524
vt 0.1 0.3571429
vt 0.1 0.3333333
vt 0.1 0.3095238
vt 0.1 0.2857143
vt 0.1 0.2619048
vt 0.1 0.2380952
vt 0.1 0.2142857
vt 0.1 0.1904762
vt 0.1 0.1666667
vt 0.1 0.1428571
vt 0.1 0.1190476
vt 0.1 0.09523809
vt 0.1 0.0714286
vt 0.1 0.04761904
vt 0.1 0.02380955
vt 0.1 0
vt 0.15 0.9899999
vt 0.15 0.9761904
vt 0.15 0.952381
vt 0.15 0.9285714
vt 0.15 0.9047619
vt 0.15 0.8809524
vt 0.15 0.8571429
vt 0.15 0.8333334
vt 0.15 0.8095238
vt 0.15 0.7857143
vt 0.15 0.7619048
vt 0.15 0.7380952
vt 0.15 0.7142857
vt 0.15 0.6904762
vt 0.15 0.6666666
vt 0.15 0.6428571
vt 0.15 0.6190476
vt 0.15 0.5952381
vt 0.15 0.5714285
vt 0.15 0.547619
vt 0.15 0.5238096
vt 0.15 0.5
vt 0.15 0.4761904
vt 0.15 0.452381
vt 0.15 0.4285714
vt 0.15 0.4047619
vt 0.15 0.3809524
vt 0.15 0.3571429
vt 0.15 0.3333333
vt 0.15 0.3095238
vt 0.15 0.2857143
vt 0.15 0.2619048
vt 0.15 0.2380952
vt 0.15 0.2142857
vt 0.15 0.1904762
vt 0.15 0.1666667
vt 0.15 0.1428571
vt 0.15 0.1190476
vt 0.15 0.09523809
vt 0.15 0.0714286
vt 0.15 0.04761904
vt 0.15 0.02380955
vt 0.15 0
vt 0.2 0.9899999
vt 0.05 0.9899999
vt 0.1 0.9899999
vt 0.15 0.9899999
vt 0.2 0
vt 0.05 0
vt 0.1 0
vt 0.15 0
vt 0.2 0.9899999
vt 0.2 0.9
vt 0.2 0.8
vt 0.2 0.7
vt 0.2 0.6
vt 0.2 0.5
vt 0.2 0.4
vt 0.2 0.3
vt 0.2 0.2
vt 0.2 0.1
vt 0.2 0
vt 0 0.9899999
vt 0 0.9
vt 0 0.8
vt 0 0.7
vt 0 0.6
vt 0 0.5
vt 0 0.4
vt 0 0.3
vt 0 0.2
vt 0 0.1
vt 0 0
vt 0.05 0.9899999
vt 0.05 0.9
vt 0.05 0.8
vt 0.05 0.7
vt 0.05 0.6
vt 0.05 0.5
vt 0.05 0.4
vt 0.05 0.3
vt 0.05 0.2
vt 0.05 0.1
vt 0.05 0
vt 0.1 0.9899999
vt 0.1 0.9
vt 0.1 0.8
vt 0.1 0.7
vt 0.1 0.6
vt 0.1 0.5
vt 0.1 0.4
vt 0.1 0.3
vt 0.1 0.2
vt 0.1 0.1
vt 0.1 0
vt 0.1 0.9899999
vt 0.1 0.9
vt 0.1 0.8
vt 0.1 0.7
vt 0.1 0.6
vt 0.1 0.5
vt 0.1 0.4
vt 0.1 0.3
vt 0.1 0.2
vt 0.1 0.1
vt 0.1 0
vt 0.15 0.9899999
vt 0.15 0.9
vt 0.15 0.8
vt 0.15 0.7
vt 0.15 0.6
vt 0.15 0.5
vt 0.15 0.4
vt 0.15 0.3
vt 0.15 0.2
vt 0.15 0.1
vt 0.15 0
vt 0.2 0.9899999
vt 0.05 0.9899999
vt 0.1 0.9899999
vt 0.15 0.9899999
vt 0.2 0
vt 0.05 0
vt 0.1 0
vt 0.15 0
vt 0.2 0.9899999
vt 0.2 0.9
vt 0.2 0.8
vt 0.2 0.7
vt 0.2 0.6
vt 0.2 0.5
vt 0.2 0.4
vt 0.2 0.3
vt 0.2 0.2
vt 0.2 0.1
vt 0.2 0
vt 0 0.9899999
vt 0 0.9
vt 0 0.8
vt 0 0.7
vt 0 0.6
vt 0 0.5
vt 0 0.4
vt 0 0.3
vt 0 0.2
vt 0 0.1
vt 0 0
vt 0.05 0.9899999
vt 0.05 0.9
vt 0.05 0.8
vt 0.05 0.7
vt 0.05 0.6
vt 0.05 0.5
vt 0.05 0.4
vt 0.05 0.3
vt 0.05 0.2
vt 0.05 0.1
vt 0.05 0
vt 0.1 0.9899999
vt 0.1 0.9
vt 0.1 0.8
vt 0.1 0.7
vt 0.1 0.6
vt 0.1 0.5
vt 0.1 0.4
vt 0.1 0.3
vt 0.1 0.2
vt 0.1 0.1
vt 0.1 0
vt 0.1 0.9899999
vt 0.1 0.9
vt 0.1 0.8
vt 0.1 0.7
vt 0.1 0.6
vt 0.1 0.5
vt 0.1 0.4
vt 0.1 0.3
vt 0.1 0.2
vt 0.1 0.1
vt 0.1 0
vt 0.15 0.9899999
vt 0.15 0.9
vt 0.15 0.8
vt 0.15 0.7
vt 0.15 0.6
vt 0.15 0.5
vt 0.15 0.4
vt 0.15 0.3
vt 0.15 0.2
vt 0.15 0.1
vt 0.15 0
vt 0.2 0.9899999
vt 0.05 0.9899999
vt 0.1 0.9899999
vt 0.15 0.9899999
vt 0.2 0
vt 0.05 0
vt 0.1 0
vt 0.15 0
vt 0.2 0.9899999
vt 0.2 0.9411765
vt 0.2 0.8823529
vt 0.2 0.8235294
vt 0.2 0.7647059
vt 0.2 0.7058823
vt 0.2 0.6470588
vt 0.2 0.5882353
vt 0.2 0.5294118
vt 0.2 0.4705882
vt 0.2 0.4117647
vt 0.2 0.3529412
vt 0.2 0.2941176
vt 0.2 0.2352941
vt 0.2 0.1764706
vt 0.2 0.1176471
vt 0.2 0.05882353
vt 0.2 0
vt 0 0.9899999
vt 0 0.9411765
vt 0 0.8823529
vt 0 0.8235294
vt 0 0.7647059
vt 0 0.7058823
vt 0 0.6470588
vt 0 0.5882353
vt 0 0.5294118
vt 0 0.4705882
vt 0 0.4117647
vt 0 0.3529412
vt 0 0.2941176
vt 0 0.2352941
vt 0 0.1764706
vt 0 0.1176471
vt 0 0.05882353
vt 0 0
vt 0.05 0.9899999
vt 0.05 0.9411765
vt 0.05 0.8823529
vt 0.05 0.8235294
vt 0.05 0.7647059
vt 0.05 0.7058823
vt 0.05 0.6470588
vt 0.05 0.5882353
vt 0.05 0.5294118
vt 0.05 0.4705882
vt 0.05 0.4117647
vt 0.05 0.3529412
vt 0.05 0.2941176
vt 0.05 0.2352941
vt 0.05 0.1764706
vt 0.05 0.1176471
vt 0.05 0.05882353
vt 0.05 0
vt 0.1 0.9899999
vt 0.1 0.9411765
vt 0.1 0.8823529
vt 0.1 0.8235294
vt 0.1 0.7647059
vt 0.1 0.7058823
vt 0.1 0.6470588
vt 0.1 0.5882353
vt 0.1 0.5294118
vt 0.1 0.4705882
vt 0.1 0.4117647
vt 0.1 0.3529412
vt 0.1 0.2941176
vt 0.1 0.2352941
vt 0.1 0.1764706
vt 0.1 0.1176471
vt 0.1 0.05882353
vt 0.1 0
vt 0.1 0.9899999
vt 0.1 0.9411765
vt 0.1 0.8823529
vt 0.1 0.8235294
vt 0.1 0.7647059
vt 0.1 0.7058823
vt 0.1 0.6470588
vt 0.1 0.5882353
vt 0.1 0.5294118
vt 0.1 0.4705882
vt 0.1 0.4117647
vt 0.1 0.3529412
vt 0.1 0.2941176
vt 0.1 0.2352941
vt 0.1 0.1764706
vt 0.1 0.1176471
vt 0.1 0.05882353
vt 0.1 0
vt 0.15 0.9899999
vt 0.15 0.9411765
vt 0.15 0.8823529
vt 0.15 0.8235294
vt 0.15 0.7647059
vt 0.15 0.7058823
vt 0.15 0.6470588
vt 0.15 0.5882353
vt 0.15 0.5294118
vt 0.15 0.4705882
vt 0.15 0.4117647
vt 0.15 0.3529412
vt 0.15 0.2941176
vt 0.15 0.2352941
vt 0.15 0.1764706
vt 0.15 0.1176471
vt 0.15 0.05882353
vt 0.15 0
vt 0.2 0.9899999
vt 0.05 0.9899999
vt 0.1 0.9899999
vt 0.15 0.9899999
vt 0.2 0
vt 0.05 0
vt 0.1 0
vt 0.15 0
vt 0.2 0.9899999
vt 0.2 0.9411765
vt 0.2 0.8823529
vt 0.2 0.8235294
vt 0.2 0.7647059
vt 0.2 0.7058823
vt 0.2 0.6470588
vt 0.2 0.5882353
vt 0.2 0.5294118
vt 0.2 0.4705882
vt 0.2 0.4117647
vt 0.2 0.3529412
vt 0.2 0.2941176
vt 0.2 0.2352941
vt 0.2 0.1764706
vt 0.2 0.1176471
vt 0.2 0.05882353
vt 0.2 0
vt 0 0.9899999
vt 0 0.9411765
vt 0 0.8823529
vt 0 0.8235294
vt 0 0.7647059
vt 0 0.7058823
vt 0 0.6470588
vt 0 0.5882353
vt 0 0.5294118
vt 0 0.4705882
vt 0 0.4117647
vt 0 0.3529412
vt 0 0.2941176
vt 0 0.2352941
vt 0 0.1764706
vt 0 0.1176471
vt 0 0.05882353
vt 0 0
vt 0.05 0.9899999
vt 0.05 0.9411765
vt 0.05 0.8823529
vt 0.05 0.8235294
vt 0.05 0.7647059
vt 0.05 0.7058823
vt 0.05 0.6470588
vt 0.05 0.5882353
vt 0.05 0.5294118
vt 0.05 0.4705882
vt 0.05 0.4117647
vt 0.05 0.3529412
vt 0.05 0.2941176
vt 0.05 0.2352941
vt 0.05 0.1764706
vt 0.05 0.1176471
vt 0.05 0.05882353
vt 0.05 0
vt 0.1 0.9899999
vt 0.1 0.9411765
vt 0.1 0.8823529
vt 0.1 0.8235294
vt 0.1 0.7647059
vt 0.1 0.7058823
vt 0.1 0.6470588
vt 0.1 0.5882353
vt 0.1 0.5294118
vt 0.1 0.4705882
vt 0.1 0.4117647
vt 0.1 0.3529412
vt 0.1 0.2941176
vt 0.1 0.2352941
vt 0.1 0.1764706
vt 0.1 0.1176471
vt 0.1 0.05882353
vt 0.1 0
vt 0.1 0.9899999
vt 0.1 0.9411765
vt 0.1 0.8823529
vt 0.1 0.8235294
vt 0.1 0.7647059
vt 0.1 0.7058823
vt 0.1 0.6470588
vt 0.1 0.5882353
vt 0.1 0.5294118
vt 0.1 0.4705882
vt 0.1 0.4117647
vt 0.1 0.3529412
vt 0.1 0.2941176
vt 0.1 0.2352941
vt 0.1 0.1764706
vt 0.1 0.1176471
vt 0.1 0.05882353
vt 0.1 0
vt 0.15 0.9899999
vt 0.15 0.9411765
vt 0.15 0.8823529
vt 0.15 0.8235294
vt 0.15 0.7647059
vt 0.15 0.7058823
vt 0.15 0.6470588
vt 0.15 0.5882353
vt 0.15 0.5294118
vt 0.15 0.4705882
vt 0.15 0.4117647
vt 0.15 0.3529412
vt 0.15 0.2941176
vt 0.15 0.2352941
vt 0.15 0.1764706
vt 0.15 0.1176471
vt 0.15 0.05882353
vt 0.15 0
vt 0.2 0.9899999
vt 0.05 0.9899999
vt 0.1 0.9899999
vt 0.15 0.9899999
vt 0.2 0
vt 0.05 0
vt 0.1 0
vt 0.15 0
vt 0.2 0.9899999
vt 0.2 0.96875
vt 0.2 0.9375
vt 0.2 0.90625
vt 0.2 0.875
vt 0.2 0.84375
vt 0.2 0.8125
vt 0.2 0.78125
vt 0.2 0.75
vt 0.2 0.71875
vt 0.2 0.6875
vt 0.2 0.65625
vt 0.2 0.625
vt 0.2 0.59375
vt 0.2 0.5625
vt 0.2 0.53125
vt 0.2 0.5
vt 0.2 0.46875
vt 0.2 0.4375
vt 0.2 0.40625
vt 0.2 0.375
vt 0.2 0.34375
vt 0.2 0.3125
vt 0.2 0.28125
vt 0.2 0.25
vt 0.2 0.21875
vt 0.2 0.1875
vt 0.2 0.15625
vt 0.2 0.125
vt 0.2 0.09375
vt 0.2 0.0625
vt 0.2 0.03125
vt 0.2 0
vt 0 0.9899999
vt 0 0.96875
vt 0 0.9375
vt 0 0.90625
vt 0 0.875
vt 0 0.84375
vt 0 0.8125
vt 0 0.78125
vt 0 0.75
vt 0 0.71875
vt 0 0.6875
vt 0 0.65625
vt 0 0.625
vt 0 0.59375
vt 0 0.5625
vt 0 0.53125
vt 0 0.5
vt 0 0.46875
vt 0 0.4375
vt 0 0.40625
vt 0 0.375
vt 0 0.34375
vt 0 0.3125
vt 0 0.28125
vt 0 0.25
vt 0 0.21875
vt 0 0.1875
vt 0 0.15625
vt 0 0.125
vt 0 0.09375
vt 0 0.0625
vt 0 0.03125
vt 0 0
vt 0.05 0.9899999
vt 0.05 0.96875
vt 0.05 0.9375
vt 0.05 0.90625
vt 0.05 0.875
vt 0.05 0.84375
vt 0.05 0.8125
vt 0.05 0.78125
vt 0.05 0.75
vt 0.05 0.71875
vt 0.05 0.6875
vt 0.05 0.65625
vt 0.05 0.625
vt 0.05 0.59375
vt 0.05 0.5625
vt 0.05 0.53125
vt 0.05 0.5
vt 0.05 0.46875
vt 0.05 0.4375
vt 0.05 0.40625
vt 0.05 0.375
vt 0.05 0.34375
vt 0.05 0.3125
vt 0.05 0.28125
vt 0.05 0.25
vt 0.05 0.21875
vt 0.05 0.1875
vt 0.05 0.15625
vt 0.05 0.125
vt 0.05 0.09375
vt 0.05 0.0625
vt 0.05 0.03125
vt 0.05 0
vt 0.1 0.9899999
vt 0.1 0.96875
vt 0.1 0.9375
vt 0.1 0.90625
vt 0.1 0.875
vt 0.1 0.84375
vt 0.1 0.8125
vt 0.1 0.78125
vt 0.1 0.75
vt 0.1 0.71875
vt 0.1 0.6875
vt 0.1 0.65625
vt 0.1 0.625
vt 0.1 0.59375
vt 0.1 0.5625
vt 0.1 0.53125
vt 0.1 0.5
vt 0.1 0.46875
vt 0.1 0.4375
vt 0.1 0.40625
vt 0.1 0.375
vt 0.1 0.34375
vt 0.1 0.3125
vt 0.1 0.28125
vt 0.1 0.25
vt 0.1 0.21875
vt 0.1 0.1875
vt 0.1 0.15625
vt 0.1 0.125
vt 0.1 0.09375
vt 0.1 0.0625
vt 0.1 0.03125
vt 0.1 0
vt 0.1 0.9899999
vt 0.1 0.96875
vt 0.1 0.9375
vt 0.1 0.90625
vt 0.1 0.875
vt 0.1 0.84375
vt 0.1 0.8125
vt 0.1 0.78125
vt 0.1 0.75
vt 0.1 0.71875
vt 0.1 0.6875
vt 0.1 0.65625
vt 0.1 0.625
vt 0.1 0.59375
vt 0.1 0.5625
vt 0.1 0.53125
vt 0.1 0.5
vt 0.1 0.46875
vt 0.1 0.4375
vt 0.1 0.40625
vt 0.1 0.375
vt 0.1 0.34375
vt 0.1 0.3125
vt 0.1 0.28125
vt 0.1 0.25
vt 0.1 0.21875
vt 0.1 0.1875
vt 0.1 0.15625
vt 0.1 0.125
vt 0.1 0.09375
vt 0.1 0.0625
vt 0.1 0.03125
vt 0.1 0
vt 0.15 0.9899999
vt 0.15 0.96875
vt 0.15 0.9375
vt 0.15 0.90625
vt 0.15 0.875
vt 0.15 0.84375
vt 0.15 0.8125
vt 0.15 0.78125
vt 0.15 0.75
vt 0.15 0.71875
vt 0.15 0.6875
vt 0.15 0.65625
vt 0.15 0.625
vt 0.15 0.59375
vt 0.15 0.5625
vt 0.15 0.53125
vt 0.15 0.5
vt 0.15 0.46875
vt 0.15 0.4375
vt 0.15 0.40625
vt 0.15 0.375
vt 0.15 0.34375
vt 0.15 0.3125
vt 0.15 0.28125
vt 0.15 0.25
vt 0.15 0.21875
vt 0.15 0.1875
vt 0.15 0.15625
vt 0.15 0.125
vt 0.15 0.09375
vt 0.15 0.0625
vt 0.15 0.03125
vt 0.15 0
vt 0.2 0.9899999
vt 0.05 0.9899999
vt 0.1 0.9899999
vt 0.15 0.9899999
vt 0.2 0
vt 0.05 0
vt 0.1 0
vt 0.15 0
vt 0.2 0.9899999
vt 0.2 0.96875
vt 0.2 0.9375
vt 0.2 0.90625
vt 0.2 0.875
vt 0.2 0.84375
vt 0.2 0.8125
vt 0.2 0.78125
vt 0.2 0.75
vt 0.2 0.71875
vt 0.2 0.6875
vt 0.2 0.65625
vt 0.2 0.625
vt 0.2 0.59375
vt 0.2 0.5625
vt 0.2 0.53125
vt 0.2 0.5
vt 0.2 0.46875
vt 0.2 0.4375
vt 0.2 0.40625
vt 0.2 0.375
vt 0.2 0.34375
vt 0.2 0.3125
vt 0.2 0.28125
vt 0.2 0.25
vt 0.2 0.21875
vt 0.2 0.1875
vt 0.2 0.15625
vt 0.2 0.125
vt 0.2 0.09375
vt 0.2 0.0625
vt 0.2 0.03125
vt 0.2 0
vt 0 0.9899999
vt 0 0.96875
vt 0 0.9375
vt 0 0.90625
vt 0 0.875
vt 0 0.84375
vt 0 0.8125
vt 0 0.78125
vt 0 0.75
vt 0 0.71875
vt 0 0.6875
vt 0 0.65625
vt 0 0.625
vt 0 0.59375
vt 0 0.5625
vt 0 0.53125
vt 0 0.5
vt 0 0.46875
vt 0 0.4375
vt 0 0.40625
vt 0 0.375
vt 0 0.34375
vt 0 0.3125
vt 0 0.28125
vt 0 0.25
vt 0 0.21875
vt 0 0.1875
vt 0 0.15625
vt 0 0.125
vt 0 0.09375
vt 0 0.0625
vt 0 0.03125
vt 0 0
vt 0.05 0.9899999
vt 0.05 0.96875
vt 0.05 0.9375
vt 0.05 0.90625
vt 0.05 0.875
vt 0.05 0.84375
vt 0.05 0.8125
vt 0.05 0.78125
vt 0.05 0.75
vt 0.05 0.71875
vt 0.05 0.6875
vt 0.05 0.65625
vt 0.05 0.625
vt 0.05 0.59375
vt 0.05 0.5625
vt 0.05 0.53125
vt 0.05 0.5
vt 0.05 0.46875
vt 0.05 0.4375
vt 0.05 0.40625
vt 0.05 0.375
vt 0.05 0.34375
vt 0.05 0.3125
vt 0.05 0.28125
vt 0.05 0.25
vt 0.05 0.21875
vt 0.05 0.1875
vt 0.05 0.15625
vt 0.05 0.125
vt 0.05 0.09375
vt 0.05 0.0625
vt 0.05 0.03125
vt 0.05 0
vt 0.1 0.9899999
vt 0.1 0.96875
vt 0.1 0.9375
vt 0.1 0.90625
vt 0.1 0.875
vt 0.1 0.84375
vt 0.1 0.8125
vt 0.1 0.78125
vt 0.1 0.75
vt 0.1 0.71875
vt 0.1 0.6875
vt 0.1 0.65625
vt 0.1 0.625
vt 0.1 0.59375
vt 0.1 0.5625
vt 0.1 0.53125
vt 0.1 0.5
vt 0.1 0.46875
vt 0.1 0.4375
vt 0.1 0.40625
vt 0.1 0.375
vt 0.1 0.34375
vt 0.1 0.3125
vt 0.1 0.28125
vt 0.1 0.25
vt 0.1 0.21875
vt 0.1 0.1875
vt 0.1 0.15625
vt 0.1 0.125
vt 0.1 0.09375
vt 0.1 0.0625
vt 0.1 0.03125
vt 0.1 0
vt 0.1 0.9899999
vt 0.1 0.96875
vt 0.1 0.9375
vt 0.1 0.90625
vt 0.1 0.875
vt 0.1 0.84375
vt 0.1 0.8125
vt 0.1 0.78125
vt 0.1 0.75
vt 0.1 0.71875
vt 0.1 0.6875
vt 0.1 0.65625
vt 0.1 0.625
vt 0.1 0.59375
vt 0.1 0.5625
vt 0.1 0.53125
vt 0.1 0.5
vt 0.1 0.46875
vt 0.1 0.4375
vt 0.1 0.40625
vt 0.1 0.375
vt 0.1 0.34375
vt 0.1 0.3125
vt 0.1 0.28125
vt 0.1 0.25
vt 0.1 0.21875
vt 0.1 0.1875
vt 0.1 0.15625
vt 0.1 0.125
vt 0.1 0.09375
vt 0.1 0.0625
vt 0.1 0.03125
vt 0.1 0
vt 0.15 0.9899999
vt 0.15 0.96875
vt 0.15 0.9375
vt 0.15 0.90625
vt 0.15 0.875
vt 0.15 0.84375
vt 0.15 0.8125
vt 0.15 0.78125
vt 0.15 0.75
vt 0.15 0.71875
vt 0.15 0.6875
vt 0.15 0.65625
vt 0.15 0.625
vt 0.15 0.59375
vt 0.15 0.5625
vt 0.15 0.53125
vt 0.15 0.5
vt 0.15 0.46875
vt 0.15 0.4375
vt 0.15 0.40625
vt 0.15 0.375
vt 0.15 0.34375
vt 0.15 0.3125
vt 0.15 0.28125
vt 0.15 0.25
vt 0.15 0.21875
vt 0.15 0.1875
vt 0.15 0.15625
vt 0.15 0.125
vt 0.15 0.09375
vt 0.15 0.0625
vt 0.15 0.03125
vt 0.15 0
vt 0.2 0.9899999
vt 0.05 0.9899999
vt 0.1 0.9899999
vt 0.15 0.9899999
vt 0.2 0
vt 0.05 0
vt 0.1 0
vt 0.15 0

f 29/29 30/30 58/58 57/57
f 30/30 31/31 59/59 58/58
f 31/31 32/32 60/60 59/59
f 32/32 33/33 61/61 60/60
f 33/33 34/34 62/62 61/61
f 34/34 35/35 63/63 62/62
f 35/35 36/36 64/64 63/63
f 36/36 37/37 65/65 64/64
f 37/37 38/38 66/66 65/65
f 38/38 39/39 67/67 66/66
f 39/39 40/40 68/68 67/67
f 40/40 41/41 69/69 68/68
f 41/41 42/42 70/70 69/69
f 42/42 43/43 71/71 70/70
f 43/43 44/44 72/72 71/71
f 44/44 45/45 73/73 72/72
f 45/45 46/46 74/74 73/73
f 46/46 47/47 75/75 74/74
f 47/47 48/48 76/76 75/75
f 48/48 49/49 77/77 76/76
f 49/49 50/50 78/78 77/77
f 50/50 51/51 79/79 78/78
f 51/51 52/52 80/80 79/79
f 52/52 53/53 81/81 80/80
f 53/53 54/54 82/82 81/81
f 54/54 55/55 83/83 82/82
f 55/55 56/56 84/84 83/83
f 57/57 58/58 86/86 85/85
f 58/58 59/59 87/87 86/86
f 59/59 60/60 88/88 87/87
f 60/60 61/61 89/89 88/88
f 61/61 62/62 90/90 89/89
f 62/62 63/63 91/91 90/90
f 63/63 64/64 92/92 91/91
f 64/64 65/65 93/93 92/92
f 65/65 66/66 94/94 93/93
f 66/66 67/67 95/95 94/94
f 67/67 68/68 96/96 95/95
f 68/68 69/69 97/97 96/96
f 69/69 70/70 98/98 97/97
f 70/70 71/71 99/99 98/98
f 71/71 72/72 100/100 99/99
f 72/72 73/73 101/101 100/100
f 73/73 74/74 102/102 101/101
f 74/74 75/75 103/103 102/102
f 75/75 76/76 104/104 103/103
f 76/76 77/77 105/105 104/104
f 77/77 78/78 106/106 105/105
f 78/78 79/79 107/107 106/106
f 79/79 80/80 108/108 107/107
f 80/80 81/81 109/109 108/108
f 81/81 82/82 110/110 109/109
f 82/82 83/83 111/111 110/110
f 83/83 84/84 112/112 111/111
f 113/113 114/114 142/142 141/141
f 114/114 115/115 143/143 142/142
f 115/115 116/116 144/144 143/143
f 116/116 117/117 145/145 144/144
f 117/117 118/118 146/146 145/145
f 118/118 119/119 147/147 146/146
f 119/119 120/120 148/148 147/147
f 120/120 121/121 149/149 148/148
f 121/121 122/122 150/150 149/149
f 122/122 123/123 151/151 150/150
f 123/123 124/124 152/152 151/151
f 124/124 125/125 153/153 152/152
f 125/125 126/126 154/154 153/153
f 126/126 127/127 155/155 154/154
f 127/127 128/128 156/156 155/155
f 128/128 129/129 157/157 156/156
f 129/129 130/130 158/158 157/157
f 130/130 131/131 159/159 158/158
f 131/131 132/132 160/160 159/159
f 132/132 133/133 161/161 160/160
f 133/133 134/134 162/162 161/161
f 134/134 135/135 163/163 162/162
f 135/135 136/136 164/164 163/163
f 136/136 137/137 165/165 164/164
f 137/137 138/138 166/166 165/165
f 138/138 139/139 167/167 166/166
f 139/139 140/140 168/168 167/167
f 141/141 142/142 2/2 1/1
f 142/142 143/143 3/3 2/2
f 143/143 144/144 4/4 3/3
f 144/144 145/145 5/5 4/4
f 145/145 146/146 6/6 5/5
f 146/146 147/147 7/7 6/6
f 147/147 148/148 8/8 7/7
f 148/148 149/149 9/9 8/8
f 149/149 150/150 10/10 9/9
f 150/150 151/151 11/11 10/10
f 151/151 152/152 12/12 11/11
f 152/152 153/153 13/13 12/12
f 153/153 154/154 14/14 13/13
f 154/154 155/155 15/15 14/14
f 155/155 156/156 16/16 15/15
f 156/156 157/157 17/17 16/16
f 157/157 158/158 18/18 17/17
f 158/158 159/159 19/19 18/18
f 159/159 160/160 20/20 19/19
f 160/160 161/161 21/21 20/20
f 161/161 162/162 22/22 21/21
f 162/162 163/163 23/23 22/22
f 163/163 164/164 24/24 23/23
f 164/164 165/165 25/25 24/24
f 165/165 166/166 26/26 25/25
f 166/166 167/167 27/27 26/26
f 167/167 168/168 28/28 27/27
f 169/169 170/170 171/171
f 169/169 171/171 172/172
f 173/173 174/174 175/175
f 173/173 175/175 176/176
f 198/198 199/199 220/220 219/219
f 199/199 200/200 221/221 220/220
f 200/200 201/201 222/222 221/221
f 201/201 202/202 223/223 222/222
f 202/202 203/203 224/224 223/223
f 203/203 204/204 225/225 224/224
f 204/204 205/205 226/226 225/225
f 205/205 206/206 227/227 226/226
f 206/206 207/207 228/228 227/227
f 207/207 208/208 229/229 228/228
f 208/208 209/209 230/230 229/229
f 209/209 210/210 231/231 230/230
f 210/210 211/211 232/232 231/231
f 211/211 212/212 233/233 232/232
f 212/212 213/213 234/234 233/233
f 213/213 214/214 235/235 234/234
f 214/214 215/215 236/236 235/235
f 215/215 216/216 237/237 236/236
f 216/216 217/217 238/238 237/237
f 217/217 218/218 239/239 238/238
f 219/219 220/220 241/241 240/240
f 220/220 221/221 242/242 241/241
f 221/221 222/222 243/243 242/242
f 222/222 223/223 244/244 243/243
f 223/223 224/224 245/245 244/244
f 224/224 225/225 246/246 245/245
f 225/225 226/226 247/247 246/246
f 226/226 227/227 248/248 247/247
f 227/227 228/228 249/249 248/248
f 228/228 229/229 250/250 249/249
f 229/229 230/230 251/251 250/250
f 230/230 231/231 252/252 251/251
f 231/231 232/232 253/253 252/252
f 232/232 233/233 254/254 253/253
f 233/233 234/234 255/255 254/254
f 234/234 235/235 256/256 255/255
f 235/235 236/236 257/257 256/256
f 236/236 237/237 258/258 257/257
f 237/237 238/238 259/259 258/258
f 238/238 239/239 260/260 259/259
f 261/261 262/262 283/283 282/282
f 262/262 263/263 284/284 283/283
f 263/263 264/264 285/285 284/284
f 264/264 265/265 286/286 285/285
f 265/265 266/266 287/287 286/286
f 266/266 267/267 288/288 287/287
f 267/267 268/268 289/289 288/288
f 268/268 269/269 290/290 289/289
f 269/269 270/270 291/291 290/290
f 270/270 271/271 292/292 291/291
f 271/271 272/272 293/293 292/292
f 272/272 273/273 294/294 293/293
f 273/273 274/274 295/295 294/294
f 274/274 275/275 296/296 295/295
f 275/275 276/276 297/297 296/296
f 276/276 277/277 298/298 297/297
f 277/277 278/278 299/299 298/298
f 278/278 279/279 300/300 299/299
f 279/279 280/280 301/301 300/300
f 280/280 281/281 302/302 301/301
f 282/282 283/283 178/178 177/177
f 283/283 284/284 179/179 178/178
f 284/284 285/285 180/180 179/179
f 285/285 286/286 181/181 180/180
f 286/286 287/287 182/182 181/181
f 287/287 288/288 183/183 182/182
f 288/288 289/289 184/184 183/183
f 289/289 290/290 185/185 184/184
f 290/290 291/291 186/186 185/185
f 291/291 292/292 187/187 186/186
f 292/292 293/293 188/188 187/187
f 293/293 294/294 189/189 188/188
f 294/294 295/295 190/190 189/189
f 295/295 296/296 191/191 190/190
f 296/296 297/297 192/192 191/191
f 297/297 298/298 193/193 192/192
f 298/298 299/299 194/194 193/193
f 299/299 300/300 195/195 194/194
f 300/300 301/301 196/196 195/195
f 301/301 302/302 197/197 196/196
f 303/303 304/304 305/305
f 303/303 305/305 306/306
f 307/307 308/308 309/309
f 307/307 309/309 310/310
f 342/342 343/343 374/374 373/373
f 343/343 344/344 375/375 374/374
f 344/344 345/345 376/376 375/375
f 345/345 346/346 377/377 376/376
f 346/346 347/347 378/378 377/377
f 347/347 348/348 379/379 378/378
f 348/348 349/349 380/380 379/379
f 349/349 350/350 381/381 380/380
f 350/350 351/351 382/382 381/381
f 351/351 352/352 383/383 382/382
f 352/352 353/353 384/384 383/383
f 353/353 354/354 385/385 384/384
f 354/354 355/355 386/386 385/385
f 355/355 356/356 387/387 386/386
f 356/356 357/357 388/388 387/387
f 357/357 358/358 389/389 388/388
f 358/358 359/359 390/390 389/389
f 359/359 360/360 391/391 390/390
f 360/360 361/361 392/392 391/391
f 361/361 362/362 393/393 392/392
f 362/362 363/363 394/394 393/393
f 363/363 364/364 395/395 394/394
f 364/364 365/365 396/396 395/395
f 365/365 366/366 397/397 396/396
f 366/366 367/367 398/398 397/397
f 367/367 368/368 399/399 398/398
f 368/368 369/369 400/400 399/399
f 369/369 370/370 401/401 400/400
f 370/370 371/371 402/402 401/401
f 371/371 372/372 403/403 402/402
f 373/373 374/374 405/405 404/404
f 374/374 375/375 406/406 405/405
f 375/375 376/376 407/407 406/406
f 376/376 377/377 408/408 407/407
f 377/377 378/378 409/409 408/408
f 378/378 379/379 410/410 409/409
f 379/379 380/380 411/411 410/410
f 380/380 381/381 412/412 411/411
f 381/381 382/382 413/413 412/412
f 382/382 383/383 414/414 413/413
f 383/383 384/384 415/415 414/414
f 384/384 385/385 416/416 415/415
f 385/385 386/386 417/417 416/416
f 386/386 387/387 418/418 417/417
f 387/387 388/388 419/419 418/418
f 388/388 389/389 420/420 419/419
f 389/389 390/390 421/421 420/420
f 390/390 391/391 422/422 421/421
f 391/391 392/392 423/423 422/422
f 392/392 393/393 424/424 423/423
f 393/393 394/394 425/425 424/424
f 394/394 395/395 426/426 425/425
f 395/395 396/396 427/427 426/426
f 396/396 397/397 428/428 427/427
f 397/397 398/398 429/429 428/428
f 398/398 399/399 430/430 429/429
f 399/399 400/400 431/431 430/430
f 400/400 401/401 432/432 431/431
f 401/401 402/402 433/433 432/432
f 402/402 403/403 434/434 433/433
f 435/435 436/436 467/467 466/466
f 436/436 437/437 468/468 467/467
f 437/437 438/438 469/469 468/468
f 438/438 439/439 470/470 469/469
f 439/439 440/440 471/471 470/470
f 440/440 441/441 472/472 471/471
f 441/441 442/442 473/473 472/472
f 442/442 443/443 474/474 473/473
f 443/443 444/444 475/475 474/474
f 444/444 445/445 476/476 475/475
f 445/445 446/446 477/477 476/476
f 446/446 447/447 478/478 477/477
f 447/447 448/448 479/479 478/478
f 448/448 449/449 480/480 479/479
f 449/449 450/450 481/481 480/480
f 450/450 451/451 482/482 481/481
f 451/451 452/452 483/483 482/482
f 452/452 453/453 484/484 483/483
f 453/453 454/454 485/485 484/484
f 454/454 455/455 486/486 485/485
f 455/455 456/456 487/487 486/486
f 456/456 457/457 488/488 487/487
f 457/457 458/458 489/489 488/488
f 458/458 459/459 490/490 489/489
f 459/459 460/460 491/491 490/490
f 460/460 461/461 492/492 491/491
f 461/461 462/462 493/493 492/492
f 462/462 463/463 494/494 493/493
f 463/463 464/464 495/495 494/494
f 464/464 465/465 496/496 495/495
f 466/466 467/467 312/312 311/311
f 467/467 468/468 313/313 312/312
f 468/468 469/469 314/314 313/313
f 469/469 470/470 315/315 314/314
f 470/470 471/471 316/316 315/315
f 471/471 472/472 317/317 316/316
f 472/472 473/473 318/318 317/317
f 473/473 474/474 319/319 318/318
f 474/474 475/475 320/320 319/319
f 475/475 476/476 321/321 320/320
f 476/476 477/477 322/322 321/321
f 477/477 478/478 323/323 322/322
f 478/478 479/479 324/324 323/323
f 479/479 480/480 325/325 324/324
f 480/480 481/481 326/326 325/325
f 481/481 482/482 327/327 326/326
f 482/482 483/483 328/328 327/327
f 483/483 484/484 329/329 328/328
f 484/484 485/485 330/330 329/329
f 485/485 486/486 331/331 330/330
f 486/486 487/487 332/332 331/331
f 487/487 488/488 333/333 332/332
f 488/488 489/489 334/334 333/333
f 489/489 490/490 335/335 334/334
f 490/490 491/491 336/336 335/335
f 491/491 492/492 337/337 336/336
f 492/492 493/493 338/338 337/337
f 493/493 494/494 339/339 338/338
f 494/494 495/495 340/340 339/339
f 495/495 496/496 341/341 340/340
f 497/497 498/498 499/499
f 497/497 499/499 500/500
f 501/501 502/502 503/503
f 501/501 503/503 504/504
f 536/536 537/537 568/568 567/567
f 537/537 538/538 569/569 568/568
f 538/538 539/539 570/570 569/569
f 539/539 540/540 571/571 570/570
f 540/540 541/541 572/572 571/571
f 541/541 542/542 573/573 572/572
f 542/542 543/543 574/574 573/573
f 543/543 544/544 575/575 574/574
f 544/544 545/545 576/576 575/575
f 545/545 546/546 577/577 576/576
f 546/546 547/547 578/578 577/577
f 547/547 548/548 579/579 578/578
f 548/548 549/549 580/580 579/579
f 549/549 550/550 581/581 580/580
f 550/550 551/551 582/582 581/581
f 551/551 552/552 583/583 582/582
f 552/552 553/553 584/584 583/583
f 553/553 554/554 585/585 584/584
f 554/554 555/555 586/586 585/585
f 555/555 556/556 587/587 586/586
f 556/556 557/557 588/588 587/587
f 557/557 558/558 589/589 588/588
f 558/558 559/559 590/590 589/589
f 559/559 560/560 591/591 590/590
f 560/560 561/561 592/592 591/591
f 561/561 562/562 593/593 592/592
f 562/562 563/563 594/594 593/593
f 563/563 564/564 595/595 594/594
f 564/564 565/565 596/596 595/595
f 565/565 566/566 597/597 596/596
f 567/567 568/568 599/599 598/598
f 568/568 569/569 600/600 599/599
f 569/569 570/570 601/601 600/600
f 570/570 571/571 602/602 601/601
f 571/571 572/572 603/603 602/602
f 572/572 573/573 604/604 603/603
f 573/573 574/574 605/605 604/604
f 574/574 575/575 606/606 605/605
f 575/575 576/576 607/607 606/606
f 576/576 577/577 608/608 607/607
f 577/577 578/578 609/609 608/608
f 578/578 579/579 610/610 609/609
f 579/579 580/580 611/611 610/610
f 580/580 581/581 612/612 611/611
f 581/581 582/582 613/613 612/612
f 582/582 583/583 614/614 613/613
f 583/583 584/584 615/615 614/614
f 584/584 585/585 616/616 615/615
f 585/585 586/586 617/617 616/616
f 586/586 587/587 618/618 617/617
f 587/587 588/588 619/619 618/618
f 588/588 589/589 620/620 619/619
f 589/589 590/590 621/621 620/620
f 590/590 591/591 622/622 621/621
f 591/591 592/592 623/623 622/622
f 592/592 593/593 624/624 623/623
f 593/593 594/594 625/625 624/624
f 594/594 595/595 626/626 625/625
f 595/595 596/596 627/627 626/626
f 596/596 597/597 628/628 627/627
f 629/629 630/630 661/661 660/660
f 630/630 631/631 662/662 661/661
f 631/631 632/632 663/663 662/662
f 632/632 633/633 664/664 663/663
f 633/633 634/634 665/665 664/664
f 634/634 635/635 666/666 665/665
f 635/635 636/636 667/667 666/666
f 636/636 637/637 668/668 667/667
f 637/637 638/638 669/669 668/668
f 638/638 639/639 670/670 669/669
f 639/639 640/640 671/671 670/670
f 640/640 641/641 672/672 671/671
f 641/641 642/642 673/673 672/672
f 642/642 643/643 674/674 673/673
f 643/643 644/644 675/675 674/674
f 644/644 645/645 676/676 675/675
f 645/645 646/646 677/677 676/676
f 646/646 647/647 678/678 677/677
f 647/647 648/648 679/679 678/678
f 648/648 649/649 680/680 679/679
f 649/649 650/650 681/681 680/680
f 650/650 651/651 682/682 681/681
f 651/651 652/652 683/683 682/682
f 652/652 653/653 684/684 683/683
f 653/653 654/654 685/685 684/684
f 654/654 655/655 686/686 685/685
f 655/655 656/656 687/687 686/686
f 656/656 657/657 688/688 687/687
f 657/657 658/658 689/689 688/688
f 658/658 659/659 690/690 689/689
f 660/660 661/661 506/506 505/505
f 661/661 662/662 507/507 506/506
f 662/662 663/663 508/508 507/507
f 663/663 664/664 509/509 508/508
f 664/664 665/665 510/510 509/509
f 665/665 666/666 511/511 510/510
f 666/666 667/667 512/512 511/511
f 667/667 668/668 513/513 512/512
f 668/668 669/669 514/514 513/513
f 669/669 670/670 515/515 514/514
f 670/670 671/671 516/516 515/515
f 671/671 672/672 517/517 516/516
f 672/672 673/673 518/518 517/517
f 673/673 674/674 519/519 518/518
f 674/674 675/675 520/520 519/519
f 675/675 676/676 521/521 520/520
f 676/676 677/677 522/522 521/521
f 677/677 678/678 523/523 522/522
f 678/678 679/679 524/524 523/523
f 679/679 680/680 525/525 524/524
f 680/680 681/681 526/526 525/525
f 681/681 682/682 527/527 526/526
f 682/682 683/683 528/528 527/527
f 683/683 684/684 529/529 528/528
f 684/684 685/685 530/530 529/529
f 685/685 686/686 531/531 530/530
f 686/686 687/687 532/532 531/531
f 687/687 688/688 533/533 532/532
f 688/688 689/689 534/534 533/533
f 689/689 690/690 535/535 534/534
f 691/691 692/692 693/693
f 691/691 693/693 694/694
f 695/695 696/696 697/697
f 695/695 697/697 698/698
f 726/726 727/727 754/754 753/753
f 727/727 728/728 755/755 754/754
f 728/728 729/729 756/756 755/755
f 729/729 730/730 757/757 756/756
f 730/730 731/731 758/758 757/757
f 731/731 732/732 759/759 758/758
f 732/732 733/733 760/760 759/759
f 733/733 734/734 761/761 760/760
f 734/734 735/735 762/762 761/761
f 735/735 736/736 763/763 762/762
f 736/736 737/737 764/764 763/763
f 737/737 738/738 765/765 764/764
f 738/738 739/739 766/766 765/765
f 739/739 740/740 767/767 766/766
f 740/740 741/741 768/768 767/767
f 741/741 742/742 769/769 768/768
f 742/742 743/743 770/770 769/769
f 743/743 744/744 771/771 770/770
f 744/744 745/745 772/772 771/771
f 745/745 746/746 773/773 772/772
f 746/746 747/747 774/774 773/773
f 747/747 748/748 775/775 774/774
f 748/748 749/749 776/776 775/775
f 749/749 750/750 777/777 776/776
f 750/750 751/751 778/778 777/777
f 751/751 752/752 779/779 778/778
f 753/753 754/754 781/781 780/780
f 754/754 755/755 782/782 781/781
f 755/755 756/756 783/783 782/782
f 756/756 757/757 784/784 783/783
f 757/757 758/758 785/785 784/784
f 758/758 759/759 786/786 785/785
f 759/759 760/760 787/787 786/786
f 760/760 761/761 788/788 787/787
f 761/761 762/762 789/789 788/788
f 762/762 763/763 790/790 789/789
f 763/763 764/764 791/791 790/790
f 764/764 765/765 792/792 791/791
f 765/765 766/766 793/793 792/792
f 766/766 767/767 794/794 793/793
f 767/767 768/768 795/795 794/794
f 768/768 769/769 796/796 795/795
f 769/769 770/770 797/797 796/796
f 770/770 771/771 798/798 797/797
f 771/771 772/772 799/799 798/798
f 772/772 773/773 800/800 799/799
f 773/773 774/774 801/801 800/800
f 774/774 775/775 802/802 801/801
f 775/775 776/776 803/803 802/802
f 776/776 777/777 804/804 803/803
f 777/777 778/778 805/805 804/804
f 778/778 779/779 806/806 805/805
f 807/807 808/808 835/835 834/834
f 808/808 809/809 836/836 835/835
f 809/809 810/810 837/837 836/836
f 810/810 811/811 838/838 837/837
f 811/811 812/812 839/839 838/838
f 812/812 813/813 840/840 839/839
f 813/813 814/814 841/841 840/840
f 814/814 815/815 842/842 841/841
f 815/815 816/816 843/843 842/842
f 816/816 817/817 844/844 843/843
f 817/817 818/818 845/845 844/844
f 818/818 819/819 846/846 845/845
f 819/819 820/820 847/847 846/846
f 820/820 821/821 848/848 847/847
f 821/821 822/822 849/849 848/848
f 822/822 823/823 850/850 849/849
f 823/823 824/824 851/851 850/850
f 824/824 825/825 852/852 851/851
f 825/825 826/826 853/853 852/852
f 826/826 827/827 854/854 853/853
f 827/827 828/828 855/855 854/854
f 828/828 829/829 856/856 855/855
f 829/829 830/830 857/857 856/856
f 830/830 831/831 858/858 857/857
f 831/831 832/832 859/859 858/858
f 832/832 833/833 860/860 859/859
f 834/834 835/835 700/700 699/699
f 835/835 836/836 701/701 700/700
f 836/836 837/837 702/702 701/701
f 837/837 838/838 703/703 702/702
f 838/838 839/839 704/704 703/703
f 839/839 840/840 705/705 704/704
f 840/840 841/841 706/706 705/705
f 841/841 842/842 707/707 706/706
f 842/842 843/843 708/708 707/707
f 843/843 844/844 709/709 708/708
f 844/844 845/845 710/710 709/709
f 845/845 846/846 711/711 710/710
f 846/846 847/847 712/712 711/711
f 847/847 848/848 713/713 712/712
f 848/848 849/849 714/714 713/713
f 849/849 850/850 715/715 714/714
f 850/850 851/851 716/716 715/715
f 851/851 852/852 717/717 716/716
f 852/852 853/853 718/718 717/717
f 853/853 854/854 719/719 718/718
f 854/854 855/855 720/720 719/719
f 855/855 856/856 721/721 720/720
f 856/856 857/857 722/722 721/721
f 857/857 858/858 723/723 722/722
f 858/858 859/859 724/724 723/723
f 859/859 860/860 725/725 724/724
f 861/861 862/862 863/863
f 861/861 863/863 864/864
f 865/865 866/866 867/867
f 865/865 867/867 868/868
f 896/896 897/897 924/924 923/923
f 897/897 898/898 925/925 924/924
f 898/898 899/899 926/926 925/925
f 899/899 900/900 927/927 926/926
f 900/900 901/901 928/928 927/927
f 901/901 902/902 929/929 928/928
f 902/902 903/903 930/930 929/929
f 903/903 904/904 931/931 930/930
f 904/904 905/905 932/932 931/931
f 905/905 906/906 933/933 932/932
f 906/906 907/907 934/934 933/933
f 907/907 908/908 935/935 934/934
f 908/908 909/909 936/936 935/935
f 909/909 910/910 937/937 936/936
f 910/910 911/911 938/938 937/937
f 911/911 912/912 939/939 938/938
f 912/912 913/913 940/940 939/939
f 913/913 914/914 941/941 940/940
f 914/914 915/915 942/942 941/941
f 915/915 916/916 943/943 942/942
f 916/916 917/917 944/944 943/943
f 917/917 918/918 945/945 944/944
f 918/918 919/919 946/946 945/945
f 919/919 920/920 947/947 946/946
f 920/920 921/921 948/948 947/947
f 921/921 922/922 949/949 948/948
f 923/923 924/924 951/951 950/950
f 924/924 925/925 952/952 951/951
f 925/925 926/926 953/953 952/952
f 926/926 927/927 954/954 953/953
f 927/927 928/928 955/955 954/954
f 928/928 929/929 956/956 955/955
f 929/929 930/930 957/957 956/956
f 930/930 931/931 958/958 957/957
f 931/931 932/932 959/959 958/958
f 932/932 933/933 960/960 959/959
f 933/933 934/934 961/961 960/960
f 934/934 935/935 962/962 961/961
f 935/935 936/936 963/963 962/962
f 936/936 937/937 964/964 963/963
f 937/937 938/938 965/965 964/964
f 938/938 939/939 966/966 965/965
f 939/939 940/940 967/967 966/966
f 940/940 941/941 968/968 967/967
f 941/941 942/942 969/969 968/968
f 942/942 943/943 970/970 969/969
f 943/943 944/944 971/971 970/970
f 944/944 945/945 972/972 971/971
f 945/945 946/946 973/973 972/972
f 946/946 947/947 974/974 973/973
f 947/947 948/948 975/975 974/974
f 948/948 949/949 976/976 975/975
f 977/977 978/978 1005/1005 1004/1004
f 978/978 979/979 1006/1006 1005/1005
f 979/979 980/980 1007/1007 1006/1006
f 980/980 981/981 1008/1008 1007/1007
f 981/981 982/982 1009/1009 1008/1008
f 982/982 983/983 1010/1010 1009/1009
f 983/983 984/984 1011/1011 1010/1010
f 984/984 985/985 1012/1012 1011/1011
f 985/985 986/986 1013/1013 1012/1012
f 986/986 987/987 1014/1014 1013/1013
f 987/987 988/988 1015/1015 1014/1014
f 988/988 989/989 1016/1016 1015/1015
f 989/989 990/990 1017/1017 1016/1016
f 990/990 991/991 1018/1018 1017/1017
f 991/991 992/992 1019/1019 1018/1018
f 992/992 993/993 1020/1020 1019/1019
f 993/993 994/994 1021/1021 1020/1020
f 994/994 995/995 1022/1022 1021/1021
f 995/995 996/996 1023/1023 1022/1022
f 996/996 997/997 1024/1024 1023/1023
f 997/997 998/998 1025/1025 1024/1024
f 998/998 999/999 1026/1026 1025/1025
f 999/999 1000/1000 1027/1027 1026/1026
f 1000/1000 1001/1001 1028/1028 1027/1027
f 1001/1001 1002/1002 1029/1029 1028/1028
f 1002/1002 1003/1003 1030/1030 1029/1029
f 1004/1004 1005/1005 870/870 869/869
f 1005/1005 1006/1006 871/871 870/870
f 1006/1006 1007/1007 872/872 871/871
f 1007/1007 1008/1008 873/873 872/872
f 1008/1008 1009/1009 874/874 873/873
f 1009/1009 1010/1010 875/875 874/874
f 1010/1010 1011/1011 876/876 875/875
f 1011/1011 1012/1012 877/877 876/876
f 1012/1012 1013/1013 878/878 877/877
f 1013/1013 1014/1014 879/879 878/878
f 1014/1014 1015/1015 880/880 879/879
f 1015/1015 1016/1016 881/881 880/880
f 1016/1016 1017/1017 882/882 881/881
f 1017/1017 1018/1018 883/883 882/882
f 1018/1018 1019/1019 884/884 883/883
f 1019/1019 1020/1020 885/885 884/884
f 1020/1020 1021/1021 886/886 885/885
f 1021/1021 1022/1022 887/887 886/886
f 1022/1022 1023/1023 888/888 887/887
f 1023/1023 1024/1024 889/889 888/888
f 1024/1024 1025/1025 890/890 889/889
f 1025/1025 1026/1026 891/891 890/890
f 1026/1026 1027/1027 892/892 891/891
f 1027/1027 1028/1028 893/893 892/892
f 1028/1028 1029/1029 894/894 893/893
f 1029/1029 1030/1030 895/895 894/894
f 1031/1031 1032/1032 1033/1033
f 1031/1031 1033/1033 1034/1034
f 1035/1035 1036/1036 1037/1037
f 1035/1035 1037/1037 1038/1038
f 1061/1061 1062/1062 1084/1084 1083/1083
f 1062/1062 1063/1063 1085/1085 1084/1084
f 1063/1063 1064/1064 1086/1086 1085/1085
f 1064/1064 1065/1065 1087/1087 1086/1086
f 1065/1065 1066/1066 1088/1088 1087/1087
f 1066/1066 1067/1067 1089/1089 1088/1088
f 1067/1067 1068/1068 1090/1090 1089/1089
f 1068/1068 1069/1069 1091/1091 1090/1090
f 1069/1069 1070/1070 1092/1092 1091/1091
f 1070/1070 1071/1071 1093/1093 1092/1092
f 1071/1071 1072/1072 1094/1094 1093/1093
f 1072/1072 1073/1073 1095/1095 1094/1094
f 1073/1073 1074/1074 1096/1096 1095/1095
f 1074/1074 1075/1075 1097/1097 1096/1096
f 1075/1075 1076/1076 1098/1098 1097/1097
f 1076/1076 1077/1077 1099/1099 1098/1098
f 1077/1077 1078/1078 1100/1100 1099/1099
f 1078/1078 1079/1079 1101/1101 1100/1100
f 1079/1079 1080/1080 1102/1102 1101/1101
f 1080/1080 1081/1081 1103/1103 1102/1102
f 1081/1081 1082/1082 1104/1104 1103/1103
f 1083/1083 1084/1084 1106/1106 1105/1105
f 1084/1084 1085/1085 1107/1107 1106/1106
f 1085/1085 1086/1086 1108/1108 1107/1107
f 1086/1086 1087/1087 1109/1109 1108/1108
f 1087/1087 1088/1088 1110/1110 1109/1109
f 1088/1088 1089/1089 1111/1111 1110/1110
f 1089/1089 1090/1090 1112/1112 1111/1111
f 1090/1090 1091/1091 1113/1113 1112/1112
f 1091/1091 1092/1092 1114/1114 1113/1113
f 1092/1092 1093/1093 1115/1115 1114/1114
f 1093/1093 1094/1094 1116/1116 1115/1115
f 1094/1094 1095/1095 1117/1117 1116/1116
f 1095/1095 1096/1096 1118/1118 1117/1117
f 1096/1096 1097/1097 1119/1119 1118/1118
f 1097/1097 1098/1098 1120/1120 1119/1119
f 1098/1098 1099/1099 1121/1121 1120/1120
f 1099/1099 1100/1100 1122/1122 1121/1121
f 1100/1100 1101/1101 1123/1123 1122/1122
f 1101/1101 1102/1102 1124/1124 1123/1123
f 1102/1102 1103/1103 1125/1125 1124/1124
f 1103/1103 1104/1104 1126/1126 1125/1125
f 1127/1127 1128/1128 1150/1150 1149/1149
f 1128/1128 1129/1129 1151/1151 1150/1150
f 1129/1129 1130/1130 1152/1152 1151/1151
f 1130/1130 1131/1131 1153/1153 1152/1152
f 1131/1131 1132/1132 1154/1154 1153/1153
f 1132/1132 1133/1133 1155/1155 1154/1154
f 1133/1133 1134/1134 1156/1156 1155/1155
f 1134/1134 1135/1135 1157/1157 1156/1156
f 1135/1135 1136/1136 1158/1158 1157/1157
f 1136/1136 1137/1137 1159/1159 1158/1158
f 1137/1137 1138/1138 1160/1160 1159/1159
f 1138/1138 1139/1139 1161/1161 1160/1160
f 1139/1139 1140/1140 1162/1162 1161/1161
f 1140/1140 1141/1141 1163/1163 1162/1162
f 1141/1141 1142/1142 1164/1164 1163/1163
f 1142/1142 1143/1143 1165/1165 1164/1164
f 1143/1143 1144/1144 1166/1166 1165/1165
f 1144/1144 1145/1145 1167/1167 1166/1166
f 1145/1145 1146/1146 1168/1168 1167/1167
f 1146/1146 1147/1147 1169/1169 1168/1168
f 1147/1147 1148/1148 1170/1170 1169/1169
f 1149/1149 1150/1150 1040/1040 1039/1039
f 1150/1150 1151/1151 1041/1041 1040/1040
f 1151/1151 1152/1152 1042/1042 1041/1041
f 1152/1152 1153/1153 1043/1043 1042/1042
f 1153/1153 1154/1154 1044/1044 1043/1043
f 1154/1154 1155/1155 1045/1045 1044/1044
f 1155/1155 1156/1156 1046/1046 1045/1045
f 1156/1156 1157/1157 1047/1047 1046/1046
f 1157/1157 1158/1158 1048/1048 1047/1047
f 1158/1158 1159/1159 1049/1049 1048/1048
f 1159/1159 1160/1160 1050/1050 1049/1049
f 1160/1160 1161/1161 1051/1051 1050/1050
f 1161/1161 1162/1162 1052/1052 1051/1051
f 1162/1162 1163/1163 1053/1053 1052/1052
f 1163/1163 1164/1164 1054/1054 1053/1053
f 1164/1164 1165/1165 1055/1055 1054/1054
f 1165/1165 1166/1166 1056/1056 1055/1055
f 1166/1166 1167/1167 1057/1057 1056/1056
f 1167/1167 1168/1168 1058/1058 1057/1057
f 1168/1168 1169/1169 1059/1059 1058/1058
f 1169/1169 1170/1170 1060/1060 1059/1059
f 1171/1171 1172/1172 1173/1173
f 1171/1171 1173/1173 1174/1174
f 1175/1175 1176/1176 1177/1177
f 1175/1175 1177/1177 1178/1178
f 1217/1217 1218/1218 1256/1256 1255/1255
f 1218/1218 1219/1219 1257/1257 1256/1256
f 1219/1219 1220/1220 1258/1258 1257/1257
f 1220/1220 1221/1221 1259/1259 1258/1258
f 1221/1221 1222/1222 1260/1260 1259/1259
f 1222/1222 1223/1223 1261/1261 1260/1260
f 1223/1223 1224/1224 1262/1262 1261/1261
f 1224/1224 1225/1225 1263/1263 1262/1262
f 1225/1225 1226/1226 1264/1264 1263/1263
f 1226/1226 1227/1227 1265/1265 1264/1264
f 1227/1227 1228/1228 1266/1266 1265/1265
f 1228/1228 1229/1229 1267/1267 1266/1266
f 1229/1229 1230/1230 1268/1268 1267/1267
f 1230/1230 1231/1231 1269/1269 1268/1268
f 1231/1231 1232/1232 1270/1270 1269/1269
f 1232/1232 1233/1233 1271/1271 1270/1270
f 1233/1233 1234/1234 1272/1272 1271/1271
f 1234/1234 1235/1235 1273/1273 1272/1272
f 1235/1235 1236/1236 1274/1274 1273/1273
f 1236/1236 1237/1237 1275/1275 1274/1274
f 1237/1237 1238/1238 1276/1276 1275/1275
f 1238/1238 1239/1239 1277/1277 1276/1276
f 1239/1239 1240/1240 1278/1278 1277/1277
f 1240/1240 1241/1241 1279/1279 1278/1278
f 1241/1241 1242/1242 1280/1280 1279/1279
f 1242/1242 1243/1243 1281/1281 1280/1280
f 1243/1243 1244/1244 1282/1282 1281/1281
f 1244/1244 1245/1245 1283/1283 1282/1282
f 1245/1245 1246/1246 1284/1284 1283/1283
f 1246/1246 1247/1247 1285/1285 1284/1284
f 1247/1247 1248/1248 1286/1286 1285/1285
f 1248/1248 1249/1249 1287/1287 1286/1286
f 1249/1249 1250/1250 1288/1288 1287/1287
f 1250/1250 1251/1251 1289/1289 1288/1288
f 1251/1251 1252/1252 1290/1290 1289/1289
f 1252/1252 1253/1253 1291/1291 1290/1290
f 1253/1253 1254/1254 1292/1292 1291/1291
f 1255/1255 1256/1256 1294/1294 1293/1293
f 1256/1256 1257/1257 1295/1295 1294/1294
f 1257/1257 1258/1258 1296/1296 1295/1295
f 1258/1258 1259/1259 1297/1297 1296/1296
f 1259/1259 1260/1260 1298/1298 1297/1297
f 1260/1260 1261/1261 1299/1299 1298/1298
f 1261/1261 1262/1262 1300/1300 1299/1299
f 1262/1262 1263/1263 1301/1301 1300/1300
f 1263/1263 1264/1264 1302/1302 1301/1301
f 1264/1264 1265/1265 1303/1303 1302/1302
f 1265/1265 1266/1266 1304/1304 1303/1303
f 1266/1266 1267/1267 1305/1305 1304/1304
f 1267/1267 1268/1268 1306/1306 1305/1305
f 1268/1268 1269/1269 1307/1307 1306/1306
f 1269/1269 1270/1270 1308/1308 1307/1307
f 1270/1270 1271/1271 1309/1309 1308/1308
f 1271/1271 1272/1272 1310/1310 1309/1309
f 1272/1272 1273/1273 1311/1311 1310/1310
f 1273/1273 1274/1274 1312/1312 1311/1311
f 1274/1274 1275/1275 1313/1313 1312/1312
f 1275/1275 1276/1276 1314/1314 1313/1313
f 1276/1276 1277/1277 1315/1315 1314/1314
f 1277/1277 1278/1278 1316/1316 1315/1315
f 1278/1278 1279/1279 1317/1317 1316/1316
f 1279/1279 1280/1280 1318/1318 1317/1317
f 1280/1280 1281/1281 1319/1319 1318/1318
f 1281/1281 1282/1282 1320/1320 1319/1319
f 1282/1282 1283/1283 1321/1321 1320/1320
f 1283/1283 1284/1284 1322/1322 1321/1321
f 1284/1284 1285/1285 1323/1323 1322/1322
f 1285/1285 1286/1286 1324/1324 1323/1323
f 1286/1286 1287/1287 1325/1325 1324/1324
f 1287/1287 1288/1288 1326/1326 1325/1325
f 1288/1288 1289/1289 1327/1327 1326/1326
f 1289/1289 1290/1290 1328/1328 1327/1327
f 1290/1290 1291/1291 1329/1329 1328/1328
f 1291/1291 1292/1292 1330/1330 1329/1329
f 1331/1331 1332/1332 1370/1370 1369/1369
f 1332/1332 1333/1333 1371/1371 1370/1370
f 1333/1333 1334/1334 1372/1372 1371/1371
f 1334/1334 1335/1335 1373/1373 1372/1372
f 1335/1335 1336/1336 1374/1374 1373/1373
f 1336/1336 1337/1337 1375/1375 1374/1374
f 1337/1337 1338/1338 1376/1376 1375/1375
f 1338/1338 1339/1339 1377/1377 1376/1376
f 1339/1339 1340/1340 1378/1378 1377/1377
f 1340/1340 1341/1341 1379/1379 1378/1378
f 1341/1341 1342/1342 1380/1380 1379/1379
f 1342/1342 1343/1343 1381/1381 1380/1380
f 1343/1343 1344/1344 1382/1382 1381/1381
f 1344/1344 1345/1345 1383/1383 1382/1382
f 1345/1345 1346/1346 1384/1384 1383/1383
f 1346/1346 1347/1347 1385/1385 1384/1384
f 1347/1347 1348/1348 1386/1386 1385/1385
f 1348/1348 1349/1349 1387/1387 1386/1386
f 1349/1349 1350/1350 1388/1388 1387/1387
f 1350/1350 1351/1351 1389/1389 1388/1388
f 1351/1351 1352/1352 1390/1390 1389/1389
f 1352/1352 1353/1353 1391/1391 1390/1390
f 1353/1353 1354/1354 1392/1392 1391/1391
f 1354/1354 1355/1355 1393/1393 1392/1392
f 1355/1355 1356/1356 1394/1394 1393/1393
f 1356/1356 1357/1357 1395/1395 1394/1394
f 1357/1357 1358/1358 1396/1396 1395/1395
f 1358/1358 1359/1359 1397/1397 1396/1396
f 1359/1359 1360/1360 1398/1398 1397/1397
f 1360/1360 1361/1361 1399/1399 1398/1398
f 1361/1361 1362/1362 1400/1400 1399/1399
f 1362/1362 1363/1363 1401/1401 1400/1400
f 1363/1363 1364/1364 1402/1402 1401/1401
f 1364/1364 1365/1365 1403/1403 1402/1402
f 1365/1365 1366/1366 1404/1404 1403/1403
f 1366/1366 1367/1367 1405/1405 1404/1404
f 1367/1367 1368/1368 1406/1406 1405/1405
f 1369/1369 1370/1370 1180/1180 1179/1179
f 1370/1370 1371/1371 1181/1181 1180/1180
f 1371/1371 1372/1372 1182/1182 1181/1181
f 1372/1372 1373/1373 1183/1183 1182/1182
f 1373/1373 1374/1374 1184/1184 1183/1183
f 1374/1374 1375/1375 1185/1185 1184/1184
f 1375/1375 1376/1376 1186/1186 1185/1185
f 1376/1376 1377/1377 1187/1187 1186/1186
f 1377/1377 1378/1378 1188/1188 1187/1187
f 1378/1378 1379/1379 1189/1189 1188/1188
f 1379/1379 1380/1380 1190/1190 1189/1189
f 1380/1380 1381/1381 1191/1191 1190/1190
f 1381/1381 1382/1382 1192/1192 1191/1191
f 1382/1382 1383/1383 1193/1193 1192/1192
f 1383/1383 1384/1384 1194/1194 1193/1193
f 1384/1384 1385/1385 1195/1195 1194/1194
f 1385/1385 1386/1386 1196/1196 1195/1195
f 1386/1386 1387/1387 1197/1197 1196/1196
f 1387/1387 1388/1388 1198/1198 1197/1197
f 1388/1388 1389/1389 1199/1199 1198/1198
f 1389/1389 1390/1390 1200/1200 1199/1199
f 1390/1390 1391/1391 1201/1201 1200/1200
f 1391/1391 1392/1392 1202/1202 1201/1201
f 1392/1392 1393/1393 1203/1203 1202/1202
f 1393/1393 1394/1394 1204/1204 1203/1203
f 1394/1394 1395/1395 1205/1205 1204/1204
f 1395/1395 1396/1396 1206/1206 1205/1205
f 1396/1396 1397/1397 1207/1207 1206/1206
f 1397/1397 1398/1398 1208/1208 1207/1207
f 1398/1398 1399/1399 1209/1209 1208/1208
f 1399/1399 1400/1400 1210/1210 1209/1209
f 1400/1400 1401/1401 1211/1211 1210/1210
f 1401/1401 1402/1402 1212/1212 1211/1211
f 1402/1402 1403/1403 1213/1213 1212/1212
f 1403/1403 1404/1404 1214/1214 1213/1213
f 1404/1404 1405/1405 1215/1215 1214/1214
f 1405/1405 1406/1406 1216/1216 1215/1215
f 1407/1407 1408/1408 1409/1409
f 1407/1407 1409/1409 1410/1410
f 1411/1411 1412/1412 1413/1413
f 1411/1411 1413/1413 1414/1414
f 1453/1453 1454/1454 1492/1492 1491/1491
f 1454/1454 1455/1455 1493/1493 1492/1492
f 1455/1455 1456/1456 1494/1494 1493/1493
f 1456/1456 1457/1457 1495/1495 1494/1494
f 1457/1457 1458/1458 1496/1496 1495/1495
f 1458/1458 1459/1459 1497/1497 1496/1496
f 1459/1459 1460/1460 1498/1498 1497/1497
f 1460/1460 1461/1461 1499/1499 1498/1498
f 1461/1461 1462/1462 1500/1500 1499/1499
f 1462/1462 1463/1463 1501/1501 1500/1500
f 1463/1463 1464/1464 1502/1502 1501/1501
f 1464/1464 1465/1465 1503/1503 1502/1502
f 1465/1465 1466/1466 1504/1504 1503/1503
f 1466/1466 1467/1467 1505/1505 1504/1504
f 1467/1467 1468/1468 1506/1506 1505/1505
f 1468/1468 1469/1469 1507/1507 1506/1506
f 1469/1469 1470/1470 1508/1508 1507/1507
f 1470/1470 1471/1471 1509/1509 1508/1508
f 1471/1471 1472/1472 1510/1510 1509/1509
f 1472/1472 1473/1473 1511/1511 1510/1510
f 1473/1473 1474/1474 1512/1512 1511/1511
f 1474/1474 1475/1475 1513/1513 1512/1512
f 1475/1475 1476/1476 1514/1514 1513/1513
f 1476/1476 1477/1477 1515/1515 1514/1514
f 1477/1477 1478/1478 1516/1516 1515/1515
f 1478/1478 1479/1479 1517/1517 1516/1516
f 1479/1479 1480/1480 1518/1518 1517/1517
f 1480/1480 1481/1481 1519/1519 1518/1518
f 1481/1481 1482/1482 1520/1520 1519/1519
f 1482/1482 1483/1483 1521/1521 1520/1520
f 1483/1483 1484/1484 1522/1522 1521/1521
f 1484/1484 1485/1485 1523/1523 1522/1522
f 1485/1485 1486/1486 1524/1524 1523/1523
f 1486/1486 1487/1487 1525/1525 1524/1524
f 1487/1487 1488/1488 1526/1526 1525/1525
f 1488/1488 1489/1489 1527/1527 1526/1526
f 1489/1489 1490/1490 1528/1528 1527/1527
f 1491/1491 1492/1492 1530/1530 1529/1529
f 1492/1492 1493/1493 1531/1531 1530/1530
f 1493/1493 1494/1494 1532/1532 1531/1531
f 1494/1494 1495/1495 1533/1533 1532/1532
f 1495/1495 1496/1496 1534/1534 1533/1533
f 1496/1496 1497/1497 1535/1535 1534/1534
f 1497/1497 1498/1498 1536/1536 1535/1535
f 1498/1498 1499/1499 1537/1537 1536/1536
f 1499/1499 1500/1500 1538/1538 1537/1537
f 1500/1500 1501/1501 1539/1539 1538/1538
f 1501/1501 1502/1502 1540/1540 1539/1539
f 1502/1502 1503/1503 1541/1541 1540/1540
f 1503/1503 1504/1504 1542/1542 1541/1541
f 1504/1504 1505/1505 1543/1543 1542/1542
f 1505/1505 1506/1506 1544/1544 1543/1543
f 1506/1506 1507/1507 1545/1545 1544/1544
f 1507/1507 1508/1508 1546/1546 1545/1545
f 1508/1508 1509/1509 1547/1547 1546/1546
f 1509/1509 1510/1510 1548/1548 1547/1547
f 1510/1510 1511/1511 1549/1549 1548/1548
f 1511/1511 1512/1512 1550/1550 1549/1549
f 1512/1512 1513/1513 1551/1551 1550/1550
f 1513/1513 1514/1514 1552/1552 1551/1551
f 1514/1514 1515/1515 1553/1553 1552/1552
f 1515/1515 1516/1516 1554/1554 1553/1553
f 1516/1516 1517/1517 1555/1555 1554/1554
f 1517/1517 1518/1518 1556/1556 1555/1555
f 1518/1518 1519/1519 1557/1557 1556/1556
f 1519/1519 1520/1520 1558/1558 1557/1557
f 1520/1520 1521/1521 1559/1559 1558/1558
f 1521/1521 1522/1522 1560/1560 1559/1559
f 1522/1522 1523/1523 1561/1561 1560/1560
f 1523/1523 1524/1524 1562/1562 1561/1561
f 1524/1524 1525/1525 1563/1563 1562/1562
f 1525/1525 1526/1526 1564/1564 1563/1563
f 1526/1526 1527/1527 1565/1565 1564/1564
f 1527/1527 1528/1528 1566/1566 1565/1565
f 1567/1567 1568/1568 1606/1606 1605/1605
f 1568/1568 1569/1569 1607/1607 1606/1606
f 1569/1569 1570/1570 1608/1608 1607/1607
f 1570/1570 1571/1571 1609/1609 1608/1608
f 1571/1571 1572/1572 1610/1610 1609/1609
f 1572/1572 1573/1573 1611/1611 1610/1610
f 1573/1573 1574/1574 1612/1612 1611/1611
f 1574/1574 1575/1575 1613/1613 1612/1612
f 1575/1575 1576/1576 1614/1614 1613/1613
f 1576/1576 1577/1577 1615/1615 1614/1614
f 1577/1577 1578/1578 1616/1616 1615/1615
f 1578/1578 1579/1579 1617/1617 1616/1616
f 1579/1579 1580/1580 1618/1618 1617/1617
f 1580/1580 1581/1581 1619/1619 1618/1618
f 1581/1581 1582/1582 1620/1620 1619/1619
f 1582/1582 1583/1583 1621/1621 1620/1620
f 1583/1583 1584/1584 1622/1622 1621/1621
f 1584/1584 1585/1585 1623/1623 1622/1622
f 1585/1585 1586/1586 1624/1624 1623/1623
f 1586/1586 1587/1587 1625/1625 1624/1624
f 1587/1587 1588/1588 1626/1626 1625/1625
f 1588/1588 1589/1589 1627/1627 1626/1626
f 1589/1589 1590/1590 1628/1628 1627/1627
f 1590/1590 1591/1591 1629/1629 1628/1628
f 1591/1591 1592/1592 1630/1630 1629/1629
f 1592/1592 1593/1593 1631/1631 1630/1630
f 1593/1593 1594/1594 1632/1632 1631/1631
f 1594/1594 1595/1595 1633/1633 1632/1632
f 1595/1595 1596/1596 1634/1634 1633/1633
f 1596/1596 1597/1597 1635/1635 1634/1634
f 1597/1597 1598/1598 1636/1636 1635/1635
f 1598/1598 1599/1599 1637/1637 1636/1636
f 1599/1599 1600/1600 1638/1638 1637/1637
f 1600/1600 1601/1601 1639/1639 1638/1638
f 1601/1601 1602/1602 1640/1640 1639/1639
f 1602/1602 1603/1603 1641/1641 1640/1640
f 1603/1603 1604/1604 1642/1642 1641/1641
f 1605/1605 1606/1606 1416/1416 1415/1415
f 1606/1606 1607/1607 1417/1417 1416/1416
f 1607/1607 1608/1608 1418/1418 1417/1417
f 1608/1608 1609/1609 1419/1419 1418/1418
f 1609/1609 1610/1610 1420/1420 1419/1419
f 1610/1610 1611/1611 1421/1421 1420/1420
f 1611/1611 1612/1612 1422/1422 1421/1421
f 1612/1612 1613/1613 1423/1423 1422/1422
f 1613/1613 1614/1614 1424/1424 1423/1423
f 1614/1614 1615/1615 1425/1425 1424/1424
f 1615/1615 1616/1616 1426/1426 1425/1425
f 1616/1616 1617/1617 1427/1427 1426/1426
f 1617/1617 1618/1618 1428/1428 1427/1427
f 1618/1618 1619/1619 1429/1429 1428/1428
f 1619/1619 1620/1620 1430/1430 1429/1429
f 1620/1620 1621/1621 1431/1431 1430/1430
f 1621/1621 1622/1622 1432/1432 1431/1431
f 1622/1622 1623/1623 1433/1433 1432/1432
f 1623/1623 1624/1624 1434/1434 1433/1433
f 1624/1624 1625/1625 1435/1435 1434/1434
f 1625/1625 1626/1626 1436/1436 1435/1435
f 1626/1626 1627/1627 1437/1437 1436/1436
f 1627/1627 1628/1628 1438/1438 1437/1437
f 1628/1628 1629/1629 1439/1439 1438/1438
f 1629/1629 1630/1630 1440/1440 1439/1439
f 1630/1630 1631/1631 1441/1441 1440/1440
f 1631/1631 1632/1632 1442/1442 1441/1441
f 1632/1632 1633/1633 1443/1443 1442/1442
f 1633/1633 1634/1634 1444/1444 1443/1443
f 1634/1634 1635/1635 1445/1445 1444/1444
f 1635/1635 1636/1636 1446/1446 1445/1445
f 1636/1636 1637/1637 1447/1447 1446/1446
f 1637/1637 1638/1638 1448/1448 1447/1447
f 1638/1638 1639/1639 1449/1449 1448/1448
f 1639/1639 1640/1640 1450/1450 1449/1449
f 1640/1640 1641/1641 1451/1451 1450/1450
f 1641/1641 1642/1642 1452/1452 1451/1451
f 1643/1643 1644/1644 1645/1645
f 1643/1643 1645/1645 1646/1646
f 1647/1647 1648/1648 1649/1649
f 1647/1647 1649/1649 1650/1650
f 1690/1690 1691/1691 1730/1730 1729/1729
f 1691/1691 1692/1692 1731/1731 1730/1730
f 1692/1692 1693/1693 1732/1732 1731/1731
f 1693/1693 1694/1694 1733/1733 1732/1732
f 1694/1694 1695/1695 1734/1734 1733/1733
f 1695/1695 1696/1696 1735/1735 1734/1734
f 1696/1696 1697/1697 1736/1736 1735/1735
f 1697/1697 1698/1698 1737/1737 1736/1736
f 1698/1698 1699/1699 1738/1738 1737/1737
f 1699/1699 1700/1700 1739/1739 1738/1738
f 1700/1700 1701/1701 1740/1740 1739/1739
f 1701/1701 1702/1702 1741/1741 1740/1740
f 1702/1702 1703/1703 1742/1742 1741/1741
f 1703/1703 1704/1704 1743/1743 1742/1742
f 1704/1704 1705/1705 1744/1744 1743/1743
f 1705/1705 1706/1706 1745/1745 1744/1744
f 1706/1706 1707/1707 1746/1746 1745/1745
f 1707/1707 1708/1708 1747/1747 1746/1746
f 1708/1708 1709/1709 1748/1748 1747/1747
f 1709/1709 1710/1710 1749/1749 1748/1748
f 1710/1710 1711/1711 1750/1750 1749/1749
f 1711/1711 1712/1712 1751/1751 1750/1750
f 1712/1712 1713/1713 1752/1752 1751/1751
f 1713/1713 1714/1714 1753/1753 1752/1752
f 1714/1714 1715/1715 1754/1754 1753/1753
f 1715/1715 1716/1716 1755/1755 1754/1754
f 1716/1716 1717/1717 1756/1756 1755/1755
f 1717/1717 1718/1718 1757/1757 1756/1756
f 1718/1718 1719/1719 1758/1758 1757/1757
f 1719/1719 1720/1720 1759/1759 1758/1758
f 1720/1720 1721/1721 1760/1760 1759/1759
f 1721/1721 1722/1722 1761/1761 1760/1760
f 1722/1722 1723/1723 1762/1762 1761/1761
f 1723/1723 1724/1724 1763/1763 1762/1762
f 1724/1724 1725/1725 1764/1764 1763/1763
f 1725/1725 1726/1726 1765/1765 1764/1764
f 1726/1726 1727/1727 1766/1766 1765/1765
f 1727/1727 1728/1728 1767/1767 1766/1766
f 1729/1729 1730/1730 1769/1769 1768/1768
f 1730/1730 1731/1731 1770/1770 1769/1769
f 1731/1731 1732/1732 1771/1771 1770/1770
f 1732/1732 1733/1733 1772/1772 1771/1771
f 1733/1733 1734/1734 1773/1773 1772/1772
f 1734/1734 1735/1735 1774/1774 1773/1773
f 1735/1735 1736/1736 1775/1775 1774/1774
f 1736/1736 1737/1737 1776/1776 1775/1775
f 1737/1737 1738/1738 1777/1777 1776/1776
f 1738/1738 1739/1739 1778/1778 1777/1777
f 1739/1739 1740/1740 1779/1779 1778/1778
f 1740/1740 1741/1741 1780/1780 1779/1779
f 1741/1741 1742/1742 1781/1781 1780/1780
f 1742/1742 1743/1743 1782/1782 1781/1781
f 1743/1743 1744/1744 1783/1783 1782/1782
f 1744/1744 1745/1745 1784/1784 1783/1783
f 1745/1745 1746/1746 1785/1785 1784/1784
f 1746/1746 1747/1747 1786/1786 1785/1785
f 1747/1747 1748/1748 1787/1787 1786/1786
f 1748/1748 1749/1749 1788/1788 1787/1787
f 1749/1749 1750/1750 1789/1789 1788/1788
f 1750/1750 1751/1751 1790/1790 1789/1789
f 1751/1751 1752/1752 1791/1791 1790/1790
f 1752/1752 1753/1753 1792/1792 1791/1791
f 1753/1753 1754/1754 1793/1793 1792/1792
f 1754/1754 1755/1755 1794/1794 1793/1793
f 1755/1755 1756/1756 1795/1795 1794/1794
f 1756/1756 1757/1757 1796/1796 1795/1795
f 1757/1757 1758/1758 1797/1797 1796/1796
f 1758/1758 1759/1759 1798/1798 1797/1797
f 1759/1759 1760/1760 1799/1799 1798/1798
f 1760/1760 1761/1761 1800/1800 1799/1799
f 1761/1761 1762/1762 1801/1801 1800/1800
f 1762/1762 1763/1763 1802/1802 1801/1801
f 1763/1763 1764/1764 1803/1803 1802/1802
f 1764/1764 1765/1765 1804/1804 1803/1803
f 1765/1765 1766/1766 1805/1805 1804/1804
f 1766/1766 1767/1767 1806/1806 1805/1805
f 1807/1807 1808/1808 1847/1847 1846/1846
f 1808/1808 1809/1809 1848/1848 1847/1847
f 1809/1809 1810/1810 1849/1849 1848/1848
f 1810/1810 1811/1811 1850/1850 1849/1849
f 1811/1811 1812/1812 1851/1851 1850/1850
f 1812/1812 1813/1813 1852/1852 1851/1851
f 1813/1813 1814/1814 1853/1853 1852/1852
f 1814/1814 1815/1815 1854/1854 1853/1853
f 1815/1815 1816/1816 1855/1855 1854/1854
f 1816/1816 1817/1817 1856/1856 1855/1855
f 1817/1817 1818/1818 1857/1857 1856/1856
f 1818/1818 1819/1819 1858/1858 1857/1857
f 1819/1819 1820/1820 1859/1859 1858/1858
f 1820/1820 1821/1821 1860/1860 1859/1859
f 1821/1821 1822/1822 1861/1861 1860/1860
f 1822/1822 1823/1823 1862/1862 1861/1861
f 1823/1823 1824/1824 1863/1863 1862/1862
f 1824/1824 1825/1825 1864/1864 1863/1863
f 1825/1825 1826/1826 1865/1865 1864/1864
f 1826/1826 1827/1827 1866/1866 1865/1865
f 1827/1827 1828/1828 1867/1867 1866/1866
f 1828/1828 1829/1829 1868/1868 1867/1867
f 1829/1829 1830/1830 1869/1869 1868/1868
f 1830/1830 1831/1831 1870/1870 1869/1869
f 1831/1831 1832/1832 1871/1871 1870/1870
f 1832/1832 1833/1833 1872/1872 1871/1871
f 1833/1833 1834/1834 1873/1873 1872/1872
f 1834/1834 1835/1835 1874/1874 1873/1873
f 1835/1835 1836/1836 1875/1875 1874/1874
f 1836/1836 1837/1837 1876/1876 1875/1875
f 1837/1837 1838/1838 1877/1877 1876/1876
f 1838/1838 1839/1839 1878/1878 1877/1877
f 1839/1839 1840/1840 1879/1879 1878/1878
f 1840/1840 1841/1841 1880/1880 1879/1879
f 1841/1841 1842/1842 1881/1881 1880/1880
f 1842/1842 1843/1843 1882/1882 1881/1881
f 1843/1843 1844/1844 1883/1883 1882/1882
f 1844/1844 1845/1845 1884/1884 1883/1883
f 1846/1846 1847/1847 1652/1652 1651/1651
f 1847/1847 1848/1848 1653/1653 1652/1652
f 1848/1848 1849/1849 1654/1654 1653/1653
f 1849/1849 1850/1850 1655/1655 1654/1654
f 1850/1850 1851/1851 1656/1656 1655/1655
f 1851/1851 1852/1852 1657/1657 1656/1656
f 1852/1852 1853/1853 1658/1658 1657/1657
f 1853/1853 1854/1854 1659/1659 1658/1658
f 1854/1854 1855/1855 1660/1660 1659/1659
f 1855/1855 1856/1856 1661/1661 1660/1660
f 1856/1856 1857/1857 1662/1662 1661/1661
f 1857/1857 1858/1858 1663/1663 1662/1662
f 1858/1858 1859/1859 1664/1664 1663/1663
f 1859/1859 1860/1860 1665/1665 1664/1664
f 1860/1860 1861/1861 1666/1666 1665/1665
f 1861/1861 1862/1862 1667/1667 1666/1666
f 1862/1862 1863/1863 1668/1668 1667/1667
f 1863/1863 1864/1864 1669/1669 1668/1668
f 1864/1864 1865/1865 1670/1670 1669/1669
f 1865/1865 1866/1866 1671/1671 1670/1670
f 1866/1866 1867/1867 1672/1672 1671/1671
f 1867/1867 1868/1868 1673/1673 1672/1672
f 1868/1868 1869/1869 1674/1674 1673/1673
f 1869/1869 1870/1870 1675/1675 1674/1674
f 1870/1870 1871/1871 1676/1676 1675/1675
f 1871/1871 1872/1872 1677/1677 1676/1676
f 1872/1872 1873/1873 1678/1678 1677/1677
f 1873/1873 1874/1874 1679/1679 1678/1678
f 1874/1874 1875/1875 1680/1680 1679/1679
f 1875/1875 1876/1876 1681/1681 1680/1680
f 1876/1876 1877/1877 1682/1682 1681/1681
f 1877/1877 1878/1878 1683/1683 1682/1682
f 1878/1878 1879/1879 1684/1684 1683/1683
f 1879/1879 1880/1880 1685/1685 1684/1684
f 1880/1880 1881/1881 1686/1686 1685/1685
f 1881/1881 1882/1882 1687/1687 1686/1686
f 1882/1882 1883/1883 1688/1688 1687/1687
f 1883/1883 1884/1884 1689/1689 1688/1688
f 1885/1885 1886/1886 1887/1887
f 1885/1885 1887/1887 1888/1888
f 1889/1889 1890/1890 1891/1891
f 1889/1889 1891/1891 1892/1892
f 1932/1932 1933/1933 1972/1972 1971/1971
f 1933/1933 1934/1934 1973/1973 1972/1972
f 1934/1934 1935/1935 1974/1974 1973/1973
f 1935/1935 1936/1936 1975/1975 1974/1974
f 1936/1936 1937/1937 1976/1976 1975/1975
f 1937/1937 1938/1938 1977/1977 1976/1976
f 1938/1938 1939/1939 1978/1978 1977/1977
f 1939/1939 1940/1940 1979/1979 1978/1978
f 1940/1940 1941/1941 1980/1980 1979/1979
f 1941/1941 1942/1942 1981/1981 1980/1980
f 1942/1942 1943/1943 1982/1982 1981/1981
f 1943/1943 1944/1944 1983/1983 1982/1982
f 1944/1944 1945/1945 1984/1984 1983/1983
f 1945/1945 1946/1946 1985/1985 1984/1984
f 1946/1946 1947/1947 1986/1986 1985/1985
f 1947/1947 1948/1948 1987/1987 1986/1986
f 1948/1948 1949/1949 1988/1988 1987/1987
f 1949/1949 1950/1950 1989/1989 1988/1988
f 1950/1950 1951/1951 1990/1990 1989/1989
f 1951/1951 1952/1952 1991/1991 1990/1990
f 1952/1952 1953/1953 1992/1992 1991/1991
f 1953/1953 1954/1954 1993/1993 1992/1992
f 1954/1954 1955/1955 1994/1994 1993/1993
f 1955/1955 1956/1956 1995/1995 1994/1994
f 1956/1956 1957/1957 1996/1996 1995/1995
f 1957/1957 1958/1958 1997/1997 1996/1996
f 1958/1958 1959/1959 1998/1998 1997/1997
f 1959/1959 1960/1960 1999/1999 1998/1998
f 1960/1960 1961/1961 2000/2000 1999/1999
f 1961/1961 1962/1962 2001/2001 2000/2000
f 1962/1962 1963/1963 2002/2002 2001/2001
f 1963/1963 1964/1964 2003/2003 2002/2002
f 1964/1964 1965/1965 2004/2004 2003/2003
f 1965/1965 1966/1966 2005/2005 2004/2004
f 1966/1966 1967/1967 2006/2006 2005/2005
f 1967/1967 1968/1968 2007/2007 2006/2006
f 1968/1968 1969/1969 2008/2008 2007/2007
f 1969/1969 1970/1970 2009/2009 2008/2008
f 1971/1971 1972/1972 2011/2011 2010/2010
f 1972/1972 1973/1973 2012/2012 2011/2011
f 1973/1973 1974/1974 2013/2013 2012/2012
f 1974/1974 1975/1975 2014/2014 2013/2013
f 1975/1975 1976/1976 2015/2015 2014/2014
f 1976/1976 1977/1977 2016/2016 2015/2015
f 1977/1977 1978/1978 2017/2017 2016/2016
f 1978/1978 1979/1979 2018/2018 2017/2017
f 1979/1979 1980/1980 2019/2019 2018/2018
f 1980/1980 1981/1981 2020/2020 2019/2019
f 1981/1981 1982/1982 2021/2021 2020/2020
f 1982/1982 1983/1983 2022/2022 2021/2021
f 1983/1983 1984/1984 2023/2023 2022/2022
f 1984/1984 1985/1985 2024/2024 2023/2023
f 1985/1985 1986/1986 2025/2025 2024/2024
f 1986/1986 1987/1987 2026/2026 2025/2025
f 1987/1987 1988/1988 2027/2027 2026/2026
f 1988/1988 1989/1989 2028/2028 2027/2027
f 1989/1989 1990/1990 2029/2029 2028/2028
f 1990/1990 1991/1991 2030/2030 2029/2029
f 1991/1991 1992/1992 2031/2031 2030/2030
f 1992/1992 1993/1993 2032/2032 2031/2031
f 1993/1993 1994/1994 2033/2033 2032/2032
f 1994/1994 1995/1995 2034/2034 2033/2033
f 1995/1995 1996/1996 2035/2035 2034/2034
f 1996/1996 1997/1997 2036/2036 2035/2035
f 1997/1997 1998/1998 2037/2037 2036/2036
f 1998/1998 1999/1999 2038/2038 2037/2037
f 1999/1999 2000/2000 2039/2039 2038/2038
f 2000/2000 2001/2001 2040/2040 2039/2039
f 2001/2001 2002/2002 2041/2041 2040/2040
f 2002/2002 2003/2003 2042/2042 2041/2041
f 2003/2003 2004/2004 2043/2043 2042/2042
f 2004/2004 2005/2005 2044/2044 2043/2043
f 2005/2005 2006/2006 2045/2045 2044/2044
f 2006/2006 2007/2007 2046/2046 2045/2045
f 2007/2007 2008/2008 2047/2047 2046/2046
f 2008/2008 2009/2009 2048/2048 2047/2047
f 2049/2049 2050/2050 2089/2089 2088/2088
f 2050/2050 2051/2051 2090/2090 2089/2089
f 2051/2051 2052/2052 2091/2091 2090/2090
f 2052/2052 2053/2053 2092/2092 2091/2091
f 2053/2053 2054/2054 2093/2093 2092/2092
f 2054/2054 2055/2055 2094/2094 2093/2093
f 2055/2055 2056/2056 2095/2095 2094/2094
f 2056/2056 2057/2057 2096/2096 2095/2095
f 2057/2057 2058/2058 2097/2097 2096/2096
f 2058/2058 2059/2059 2098/2098 2097/2097
f 2059/2059 2060/2060 2099/2099 2098/2098
f 2060/2060 2061/2061 2100/2100 2099/2099
f 2061/2061 2062/2062 2101/2101 2100/2100
f 2062/2062 2063/2063 2102/2102 2101/2101
f 2063/2063 2064/2064 2103/2103 2102/2102
f 2064/2064 2065/2065 2104/2104 2103/2103
f 2065/2065 2066/2066 2105/2105 2104/2104
f 2066/2066 2067/2067 2106/2106 2105/2105
f 2067/2067 2068/2068 2107/2107 2106/2106
f 2068/2068 2069/2069 2108/2108 2107/2107
f 2069/2069 2070/2070 2109/2109 2108/2108
f 2070/2070 2071/2071 2110/2110 2109/2109
f 2071/2071 2072/2072 2111/2111 2110/2110
f 2072/2072 2073/2073 2112/2112 2111/2111
f 2073/2073 2074/2074 2113/2113 2112/2112
f 2074/2074 2075/2075 2114/2114 2113/2113
f 2075/2075 2076/2076 2115/2115 2114/2114
f 2076/2076 2077/2077 2116/2116 2115/2115
f 2077/2077 2078/2078 2117/2117 2116/2116
f 2078/2078 2079/2079 2118/2118 2117/2117
f 2079/2079 2080/2080 2119/2119 2118/2118
f 2080/2080 2081/2081 2120/2120 2119/2119
f 2081/2081 2082/2082 2121/2121 2120/2120
f 2082/2082 2083/2083 2122/2122 2121/2121
f 2083/2083 2084/2084 2123/2123 2122/2122
f 2084/2084 2085/2085 2124/2124 2123/2123
f 2085/2085 2086/2086 2125/2125 2124/2124
f 2086/2086 2087/2087 2126/2126 2125/2125
f 2088/2088 2089/2089 1894/1894 1893/1893
f 2089/2089 2090/2090 1895/1895 1894/1894
f 2090/2090 2091/2091 1896/1896 1895/1895
f 2091/2091 2092/2092 1897/1897 1896/1896
f 2092/2092 2093/2093 1898/1898 1897/1897
f 2093/2093 2094/2094 1899/1899 1898/1898
f 2094/2094 2095/2095 1900/1900 1899/1899
f 2095/2095 2096/2096 1901/1901 1900/1900
f 2096/2096 2097/2097 1902/1902 1901/1901
f 2097/2097 2098/2098 1903/1903 1902/1902
f 2098/2098 2099/2099 1904/1904 1903/1903
f 2099/2099 2100/2100 1905/1905 1904/1904
f 2100/2100 2101/2101 1906/1906 1905/1905
f 2101/2101 2102/2102 1907/1907 1906/1906
f 2102/2102 2103/2103 1908/1908 1907/1907
f 2103/2103 2104/2104 1909/1909 1908/1908
f 2104/2104 2105/2105 1910/1910 1909/1909
f 2105/2105 2106/2106 1911/1911 1910/1910
f 2106/2106 2107/2107 1912/1912 1911/1911
f 2107/2107 2108/2108 1913/1913 1912/1912
f 2108/2108 2109/2109 1914/1914 1913/1913
f 2109/2109 2110/2110 1915/1915 1914/1914
f 2110/2110 2111/2111 1916/1916 1915/1915
f 2111/2111 2112/2112 1917/1917 1916/1916
f 2112/2112 2113/2113 1918/1918 1917/1917
f 2113/2113 2114/2114 1919/1919 1918/1918
f 2114/2114 2115/2115 1920/1920 1919/1919
f 2115/2115 2116/2116 1921/1921 1920/1920
f 2116/2116 2117/2117 1922/1922 1921/1921
f 2117/2117 2118/2118 1923/1923 1922/1922
f 2118/2118 2119/2119 1924/1924 1923/1923
f 2119/2119 2120/2120 1925/1925 1924/1924
f 2120/2120 2121/2121 1926/1926 1925/1925
f 2121/2121 2122/2122 1927/1927 1926/1926
f 2122/2122 2123/2123 1928/1928 1927/1927
f 2123/2123 2124/2124 1929/1929 1928/1928
f 2124/2124 2125/2125 1930/1930 1929/1929
f 2125/2125 2126/2126 1931/1931 1930/1930
f 2127/2127 2128/2128 2129/2129
f 2127/2127 2129/2129 2130/2130
f 2131/2131 2132/2132 2133/2133
f 2131/2131 2133/2133 2134/2134
f 2172/2172 2173/2173 2210/2210 2209/2209
f 2173/2173 2174/2174 2211/2211 2210/2210
f 2174/2174 2175/2175 2212/2212 2211/2211
f 2175/2175 2176/2176 2213/2213 2212/2212
f 2176/2176 2177/2177 2214/2214 2213/2213
f 2177/2177 2178/2178 2215/2215 2214/2214
f 2178/2178 2179/2179 2216/2216 2215/2215
f 2179/2179 2180/2180 2217/2217 2216/2216
f 2180/2180 2181/2181 2218/2218 2217/2217
f 2181/2181 2182/2182 2219/2219 2218/2218
f 2182/2182 2183/2183 2220/2220 2219/2219
f 2183/2183 2184/2184 2221/2221 2220/2220
f 2184/2184 2185/2185 2222/2222 2221/2221
f 2185/2185 2186/2186 2223/2223 2222/2222
f 2186/2186 2187/2187 2224/2224 2223/2223
f 2187/2187 2188/2188 2225/2225 2224/2224
f 2188/2188 2189/2189 2226/2226 2225/2225
f 2189/2189 2190/2190 2227/2227 2226/2226
f 2190/2190 2191/2191 2228/2228 2227/2227
f 2191/2191 2192/2192 2229/2229 2228/2228
f 2192/2192 2193/2193 2230/2230 2229/2229
f 2193/2193 2194/2194 2231/2231 2230/2230
f 2194/2194 2195/2195 2232/2232 2231/2231
f 2195/2195 2196/2196 2233/2233 2232/2232
f 2196/2196 2197/2197 2234/2234 2233/2233
f 2197/2197 2198/2198 2235/2235 2234/2234
f 2198/2198 2199/2199 2236/2236 2235/2235
f 2199/2199 2200/2200 2237/2237 2236/2236
f 2200/2200 2201/2201 2238/2238 2237/2237
f 2201/2201 2202/2202 2239/2239 2238/2238
f 2202/2202 2203/2203 2240/2240 2239/2239
f 2203/2203 2204/2204 2241/2241 2240/2240
f 2204/2204 2205/2205 2242/2242 2241/2241
f 2205/2205 2206/2206 2243/2243 2242/2242
f 2206/2206 2207/2207 2244/2244 2243/2243
f 2207/2207 2208/2208 2245/2245 2244/2244
f 2209/2209 2210/2210 2247/2247 2246/2246
f 2210/2210 2211/2211 2248/2248 2247/2247
f 2211/2211 2212/2212 2249/2249 2248/2248
f 2212/2212 2213/2213 2250/2250 2249/2249
f 2213/2213 2214/2214 2251/2251 2250/2250
f 2214/2214 2215/2215 2252/2252 2251/2251
f 2215/2215 2216/2216 2253/2253 2252/2252
f 2216/2216 2217/2217 2254/2254 2253/2253
f 2217/2217 2218/2218 2255/2255 2254/2254
f 2218/2218 2219/2219 2256/2256 2255/2255
f 2219/2219 2220/2220 2257/2257 2256/2256
f 2220/2220 2221/2221 2258/2258 2257/2257
f 2221/2221 2222/2222 2259/2259 2258/2258
f 2222/2222 2223/2223 2260/2260 2259/2259
f 2223/2223 2224/2224 2261/2261 2260/2260
f 2224/2224 2225/2225 2262/2262 2261/2261
f 2225/2225 2226/2226 2263/2263 2262/2262
f 2226/2226 2227/2227 2264/2264 2263/2263
f 2227/2227 2228/2228 2265/2265 2264/2264
f 2228/2228 2229/2229 2266/2266 2265/2265
f 2229/2229 2230/2230 2267/2267 2266/2266
f 2230/2230 2231/2231 2268/2268 2267/2267
f 2231/2231 2232/2232 2269/2269 2268/2268
f 2232/2232 2233/2233 2270/2270 2269/2269
f 2233/2233 2234/2234 2271/2271 2270/2270
f 2234/2234 2235/2235 2272/2272 2271/2271
f 2235/2235 2236/2236 2273/2273 2272/2272
f 2236/2236 2237/2237 2274/2274 2273/2273
f 2237/2237 2238/2238 2275/2275 2274/2274
f 2238/2238 2239/2239 2276/2276 2275/2275
f 2239/2239 2240/2240 2277/2277 2276/2276
f 2240/2240 2241/2241 2278/2278 2277/2277
f 2241/2241 2242/2242 2279/2279 2278/2278
f 2242/2242 2243/2243 2280/2280 2279/2279
f 2243/2243 2244/2244 2281/2281 2280/2280
f 2244/2244 2245/2245 2282/2282 2281/2281
f 2283/2283 2284/2284 2321/2321 2320/2320
f 2284/2284 2285/2285 2322/2322 2321/2321
f 2285/2285 2286/2286 2323/2323 2322/2322
f 2286/2286 2287/2287 2324/2324 2323/2323
f 2287/2287 2288/2288 2325/2325 2324/2324
f 2288/2288 2289/2289 2326/2326 2325/2325
f 2289/2289 2290/2290 2327/2327 2326/2326
f 2290/2290 2291/2291 2328/2328 2327/2327
f 2291/2291 2292/2292 2329/2329 2328/2328
f 2292/2292 2293/2293 2330/2330 2329/2329
f 2293/2293 2294/2294 2331/2331 2330/2330
f 2294/2294 2295/2295 2332/2332 2331/2331
f 2295/2295 2296/2296 2333/2333 2332/2332
f 2296/2296 2297/2297 2334/2334 2333/2333
f 2297/2297 2298/2298 2335/2335 2334/2334
f 2298/2298 2299/2299 2336/2336 2335/2335
f 2299/2299 2300/2300 2337/2337 2336/2336
f 2300/2300 2301/2301 2338/2338 2337/2337
f 2301/2301 2302/2302 2339/2339 2338/2338
f 2302/2302 2303/2303 2340/2340 2339/2339
f 2303/2303 2304/2304 2341/2341 2340/2340
f 2304/2304 2305/2305 2342/2342 2341/2341
f 2305/2305 2306/2306 2343/2343 2342/2342
f 2306/2306 2307/2307 2344/2344 2343/2343
f 2307/2307 2308/2308 2345/2345 2344/2344
f 2308/2308 2309/2309 2346/2346 2345/2345
f 2309/2309 2310/2310 2347/2347 2346/2346
f 2310/2310 2311/2311 2348/2348 2347/2347
f 2311/2311 2312/2312 2349/2349 2348/2348
f 2312/2312 2313/2313 2350/2350 2349/2349
f 2313/2313 2314/2314 2351/2351 2350/2350
f 2314/2314 2315/2315 2352/2352 2351/2351
f 2315/2315 2316/2316 2353/2353 2352/2352
f 2316/2316 2317/2317 2354/2354 2353/2353
f 2317/2317 2318/2318 2355/2355 2354/2354
f 2318/2318 2319/2319 2356/2356 2355/2355
f 2320/2320 2321/2321 2136/2136 2135/2135
f 2321/2321 2322/2322 2137/2137 2136/2136
f 2322/2322 2323/2323 2138/2138 2137/2137
f 2323/2323 2324/2324 2139/2139 2138/2138
f 2324/2324 2325/2325 2140/2140 2139/2139
f 2325/2325 2326/2326 2141/2141 2140/2140
f 2326/2326 2327/2327 2142/2142 2141/2141
f 2327/2327 2328/2328 2143/2143 2142/2142
f 2328/2328 2329/2329 2144/2144 2143/2143
f 2329/2329 2330/2330 2145/2145 2144/2144
f 2330/2330 2331/2331 2146/2146 2145/2145
f 2331/2331 2332/2332 2147/2147 2146/2146
f 2332/2332 2333/2333 2148/2148 2147/2147
f 2333/2333 2334/2334 2149/2149 2148/2148
f 2334/2334 2335/2335 2150/2150 2149/2149
f 2335/2335 2336/2336 2151/2151 2150/2150
f 2336/2336 2337/2337 2152/2152 2151/2151
f 2337/2337 2338/2338 2153/2153 2152/2152
f 2338/2338 2339/2339 2154/2154 2153/2153
f 2339/2339 2340/2340 2155/2155 2154/2154
f 2340/2340 2341/2341 2156/2156 2155/2155
f 2341/2341 2342/2342 2157/2157 2156/2156
f 2342/2342 2343/2343 2158/2158 2157/2157
f 2343/2343 2344/2344 2159/2159 2158/2158
f 2344/2344 2345/2345 2160/2160 2159/2159
f 2345/2345 2346/2346 2161/2161 2160/2160
f 2346/2346 2347/2347 2162/2162 2161/2161
f 2347/2347 2348/2348 2163/2163 2162/2162
f 2348/2348 2349/2349 2164/2164 2163/2163
f 2349/2349 2350/2350 2165/2165 2164/2164
f 2350/2350 2351/2351 2166/2166 2165/2165
f 2351/2351 2352/2352 2167/2167 2166/2166
f 2352/2352 2353/2353 2168/2168 2167/2167
f 2353/2353 2354/2354 2169/2169 2168/2168
f 2354/2354 2355/2355 2170/2170 2169/2169
f 2355/2355 2356/2356 2171/2171 2170/2170
f 2357/2357 2358/2358 2359/2359
f 2357/2357 2359/2359 2360/2360
f 2361/2361 2362/2362 2363/2363
f 2361/2361 2363/2363 2364/2364
f 2402/2402 2403/2403 2440/2440 2439/2439
f 2403/2403 2404/2404 2441/2441 2440/2440
f 2404/2404 2405/2405 2442/2442 2441/2441
f 2405/2405 2406/2406 2443/2443 2442/2442
f 2406/2406 2407/2407 2444/2444 2443/2443
f 2407/2407 2408/2408 2445/2445 2444/2444
f 2408/2408 2409/2409 2446/2446 2445/2445
f 2409/2409 2410/2410 2447/2447 2446/2446
f 2410/2410 2411/2411 2448/2448 2447/2447
f 2411/2411 2412/2412 2449/2449 2448/2448
f 2412/2412 2413/2413 2450/2450 2449/2449
f 2413/2413 2414/2414 2451/2451 2450/2450
f 2414/2414 2415/2415 2452/2452 2451/2451
f 2415/2415 2416/2416 2453/2453 2452/2452
f 2416/2416 2417/2417 2454/2454 2453/2453
f 2417/2417 2418/2418 2455/2455 2454/2454
f 2418/2418 2419/2419 2456/2456 2455/2455
f 2419/2419 2420/2420 2457/2457 2456/2456
f 2420/2420 2421/2421 2458/2458 2457/2457
f 2421/2421 2422/2422 2459/2459 2458/2458
f 2422/2422 2423/2423 2460/2460 2459/2459
f 2423/2423 2424/2424 2461/2461 2460/2460
f 2424/2424 2425/2425 2462/2462 2461/2461
f 2425/2425 2426/2426 2463/2463 2462/2462
f 2426/2426 2427/2427 2464/2464 2463/2463
f 2427/2427 2428/2428 2465/2465 2464/2464
f 2428/2428 2429/2429 2466/2466 2465/2465
f 2429/2429 2430/2430 2467/2467 2466/2466
f 2430/2430 2431/2431 2468/2468 2467/2467
f 2431/2431 2432/2432 2469/2469 2468/2468
f 2432/2432 2433/2433 2470/2470 2469/2469
f 2433/2433 2434/2434 2471/2471 2470/2470
f 2434/2434 2435/2435 2472/2472 2471/2471
f 2435/2435 2436/2436 2473/2473 2472/2472
f 2436/2436 2437/2437 2474/2474 2473/2473
f 2437/2437 2438/2438 2475/2475 2474/2474
f 2439/2439 2440/2440 2477/2477 2476/2476
f 2440/2440 2441/2441 2478/2478 2477/2477
f 2441/2441 2442/2442 2479/2479 2478/2478
f 2442/2442 2443/2443 2480/2480 2479/2479
f 2443/2443 2444/2444 2481/2481 2480/2480
f 2444/2444 2445/2445 2482/2482 2481/2481
f 2445/2445 2446/2446 2483/2483 2482/2482
f 2446/2446 2447/2447 2484/2484 2483/2483
f 2447/2447 2448/2448 2485/2485 2484/2484
f 2448/2448 2449/2449 2486/2486 2485/2485
f 2449/2449 2450/2450 2487/2487 2486/2486
f 2450/2450 2451/2451 2488/2488 2487/2487
f 2451/2451 2452/2452 2489/2489 2488/2488
f 2452/2452 2453/2453 2490/2490 2489/2489
f 2453/2453 2454/2454 2491/2491 2490/2490
f 2454/2454 2455/2455 2492/2492 2491/2491
f 2455/2455 2456/2456 2493/2493 2492/2492
f 2456/2456 2457/2457 2494/2494 2493/2493
f 2457/2457 2458/2458 2495/2495 2494/2494
f 2458/2458 2459/2459 2496/2496 2495/2495
f 2459/2459 2460/2460 2497/2497 2496/2496
f 2460/2460 2461/2461 2498/2498 2497/2497
f 2461/2461 2462/2462 2499/2499 2498/2498
f 2462/2462 2463/2463 2500/2500 2499/2499
f 2463/2463 2464/2464 2501/2501 2500/2500
f 2464/2464 2465/2465 2502/2502 2501/2501
f 2465/2465 2466/2466 2503/2503 2502/2502
f 2466/2466 2467/2467 2504/2504 2503/2503
f 2467/2467 2468/2468 2505/2505 2504/2504
f 2468/2468 2469/2469 2506/2506 2505/2505
f 2469/2469 2470/2470 2507/2507 2506/2506
f 2470/2470 2471/2471 2508/2508 2507/2507
f 2471/2471 2472/2472 2509/2509 2508/2508
f 2472/2472 2473/2473 2510/2510 2509/2509
f 2473/2473 2474/2474 2511/2511 2510/2510
f 2474/2474 2475/2475 2512/2512 2511/2511
f 2513/2513 2514/2514 2551/2551 2550/2550
f 2514/2514 2515/2515 2552/2552 2551/2551
f 2515/2515 2516/2516 2553/2553 2552/2552
f 2516/2516 2517/2517 2554/2554 2553/2553
f 2517/2517 2518/2518 2555/2555 2554/2554
f 2518/2518 2519/2519 2556/2556 2555/2555
f 2519/2519 2520/2520 2557/2557 2556/2556
f 2520/2520 2521/2521 2558/2558 2557/2557
f 2521/2521 2522/2522 2559/2559 2558/2558
f 2522/2522 2523/2523 2560/2560 2559/2559
f 2523/2523 2524/2524 2561/2561 2560/2560
f 2524/2524 2525/2525 2562/2562 2561/2561
f 2525/2525 2526/2526 2563/2563 2562/2562
f 2526/2526 2527/2527 2564/2564 2563/2563
f 2527/2527 2528/2528 2565/2565 2564/2564
f 2528/2528 2529/2529 2566/2566 2565/2565
f 2529/2529 2530/2530 2567/2567 2566/2566
f 2530/2530 2531/2531 2568/2568 2567/2567
f 2531/2531 2532/2532 2569/2569 2568/2568
f 2532/2532 2533/2533 2570/2570 2569/2569
f 2533/2533 2534/2534 2571/2571 2570/2570
f 2534/2534 2535/2535 2572/2572 2571/2571
f 2535/2535 2536/2536 2573/2573 2572/2572
f 2536/2536 2537/2537 2574/2574 2573/2573
f 2537/2537 2538/2538 2575/2575 2574/2574
f 2538/2538 2539/2539 2576/2576 2575/2575
f 2539/2539 2540/2540 2577/2577 2576/2576
f 2540/2540 2541/2541 2578/2578 2577/2577
f 2541/2541 2542/2542 2579/2579 2578/2578
f 2542/2542 2543/2543 2580/2580 2579/2579
f 2543/2543 2544/2544 2581/2581 2580/2580
f 2544/2544 2545/2545 2582/2582 2581/2581
f 2545/2545 2546/2546 2583/2583 2582/2582
f 2546/2546 2547/2547 2584/2584 2583/2583
f 2547/2547 2548/2548 2585/2585 2584/2584
f 2548/2548 2549/2549 2586/2586 2585/2585
f 2550/2550 2551/2551 2366/2366 2365/2365
f 2551/2551 2552/2552 2367/2367 2366/2366
f 2552/2552 2553/2553 2368/2368 2367/2367
f 2553/2553 2554/2554 2369/2369 2368/2368
f 2554/2554 2555/2555 2370/2370 2369/2369
f 2555/2555 2556/2556 2371/2371 2370/2370
f 2556/2556 2557/2557 2372/2372 2371/2371
f 2557/2557 2558/2558 2373/2373 2372/2372
f 2558/2558 2559/2559 2374/2374 2373/2373
f 2559/2559 2560/2560 2375/2375 2374/2374
f 2560/2560 2561/2561 2376/2376 2375/2375
f 2561/2561 2562/2562 2377/2377 2376/2376
f 2562/2562 2563/2563 2378/2378 2377/2377
f 2563/2563 2564/2564 2379/2379 2378/2378
f 2564/2564 2565/2565 2380/2380 2379/2379
f 2565/2565 2566/2566 2381/2381 2380/2380
f 2566/2566 2567/2567 2382/2382 2381/2381
f 2567/2567 2568/2568 2383/2383 2382/2382
f 2568/2568 2569/2569 2384/2384 2383/2383
f 2569/2569 2570/2570 2385/2385 2384/2384
f 2570/2570 2571/2571 2386/2386 2385/2385
f 2571/2571 2572/2572 2387/2387 2386/2386
f 2572/2572 2573/2573 2388/2388 2387/2387
f 2573/2573 2574/2574 2389/2389 2388/2388
f 2574/2574 2575/2575 2390/2390 2389/2389
f 2575/2575 2576/2576 2391/2391 2390/2390
f 2576/2576 2577/2577 2392/2392 2391/2391
f 2577/2577 2578/2578 2393/2393 2392/2392
f 2578/2578 2579/2579 2394/2394 2393/2393
f 2579/2579 2580/2580 2395/2395 2394/2394
f 2580/2580 2581/2581 2396/2396 2395/2395
f 2581/2581 2582/2582 2397/2397 2396/2396
f 2582/2582 2583/2583 2398/2398 2397/2397
f 2583/2583 2584/2584 2399/2399 2398/2398
f 2584/2584 2585/2585 2400/2400 2399/2399
f 2585/2585 2586/2586 2401/2401 2400/2400
f 2587/2587 2588/2588 2589/2589
f 2587/2587 2589/2589 2590/2590
f 2591/2591 2592/2592 2593/2593
f 2591/2591 2593/2593 2594/2594
f 2638/2638 2639/2639 2682/2682 2681/2681
f 2639/2639 2640/2640 2683/2683 2682/2682
f 2640/2640 2641/2641 2684/2684 2683/2683
f 2641/2641 2642/2642 2685/2685 2684/2684
f 2642/2642 2643/2643 2686/2686 2685/2685
f 2643/2643 2644/2644 2687/2687 2686/2686
f 2644/2644 2645/2645 2688/2688 2687/2687
f 2645/2645 2646/2646 2689/2689 2688/2688
f 2646/2646 2647/2647 2690/2690 2689/2689
f 2647/2647 2648/2648 2691/2691 2690/2690
f 2648/2648 2649/2649 2692/2692 2691/2691
f 2649/2649 2650/2650 2693/2693 2692/2692
f 2650/2650 2651/2651 2694/2694 2693/2693
f 2651/2651 2652/2652 2695/2695 2694/2694
f 2652/2652 2653/2653 2696/2696 2695/2695
f 2653/2653 2654/2654 2697/2697 2696/2696
f 2654/2654 2655/2655 2698/2698 2697/2697
f 2655/2655 2656/2656 2699/2699 2698/2698
f 2656/2656 2657/2657 2700/2700 2699/2699
f 2657/2657 2658/2658 2701/2701 2700/2700
f 2658/2658 2659/2659 2702/2702 2701/2701
f 2659/2659 2660/2660 2703/2703 2702/2702
f 2660/2660 2661/2661 2704/2704 2703/2703
f 2661/2661 2662/2662 2705/2705 2704/2704
f 2662/2662 2663/2663 2706/2706 2705/2705
f 2663/2663 2664/2664 2707/2707 2706/2706
f 2664/2664 2665/2665 2708/2708 2707/2707
f 2665/2665 2666/2666 2709/2709 2708/2708
f 2666/2666 2667/2667 2710/2710 2709/2709
f 2667/2667 2668/2668 2711/2711 2710/2710
f 2668/2668 2669/2669 2712/2712 2711/2711
f 2669/2669 2670/2670 2713/2713 2712/2712
f 2670/2670 2671/2671 2714/2714 2713/2713
f 2671/2671 2672/2672 2715/2715 2714/2714
f 2672/2672 2673/2673 2716/2716 2715/2715
f 2673/2673 2674/2674 2717/2717 2716/2716
f 2674/2674 2675/2675 2718/2718 2717/2717
f 2675/2675 2676/2676 2719/2719 2718/2718
f 2676/2676 2677/2677 2720/2720 2719/2719
f 2677/2677 2678/2678 2721/2721 2720/2720
f 2678/2678 2679/2679 2722/2722 2721/2721
f 2679/2679 2680/2680 2723/2723 2722/2722
f 2681/2681 2682/2682 2725/2725 2724/2724
f 2682/2682 2683/2683 2726/2726 2725/2725
f 2683/2683 2684/2684 2727/2727 2726/2726
f 2684/2684 2685/2685 2728/2728 2727/2727
f 2685/2685 2686/2686 2729/2729 2728/2728
f 2686/2686 2687/2687 2730/2730 2729/2729
f 2687/2687 2688/2688 2731/2731 2730/2730
f 2688/2688 2689/2689 2732/2732 2731/2731
f 2689/2689 2690/2690 2733/2733 2732/2732
f 2690/2690 2691/2691 2734/2734 2733/2733
f 2691/2691 2692/2692 2735/2735 2734/2734
f 2692/2692 2693/2693 2736/2736 2735/2735
f 2693/2693 2694/2694 2737/2737 2736/2736
f 2694/2694 2695/2695 2738/2738 2737/2737
f 2695/2695 2696/2696 2739/2739 2738/2738
f 2696/2696 2697/2697 2740/2740 2739/2739
f 2697/2697 2698/2698 2741/2741 2740/2740
f 2698/2698 2699/2699 2742/2742 2741/2741
f 2699/2699 2700/2700 2743/2743 2742/2742
f 2700/2700 2701/2701 2744/2744 2743/2743
f 2701/2701 2702/2702 2745/2745 2744/2744
f 2702/2702 2703/2703 2746/2746 2745/2745
f 2703/2703 2704/2704 2747/2747 2746/2746
f 2704/2704 2705/2705 2748/2748 2747/2747
f 2705/2705 2706/2706 2749/2749 2748/2748
f 2706/2706 2707/2707 2750/2750 2749/2749
f 2707/2707 2708/2708 2751/2751 2750/2750
f 2708/2708 2709/2709 2752/2752 2751/2751
f 2709/2709 2710/2710 2753/2753 2752/2752
f 2710/2710 2711/2711 2754/2754 2753/2753
f 2711/2711 2712/2712 2755/2755 2754/2754
f 2712/2712 2713/2713 2756/2756 2755/2755
f 2713/2713 2714/2714 2757/2757 2756/2756
f 2714/2714 2715/2715 2758/2758 2757/2757
f 2715/2715 2716/2716 2759/2759 2758/2758
f 2716/2716 2717/2717 2760/2760 2759/2759
f 2717/2717 2718/2718 2761/2761 2760/2760
f 2718/2718 2719/2719 2762/2762 2761/2761
f 2719/2719 2720/2720 2763/2763 2762/2762
f 2720/2720 2721/2721 2764/2764 2763/2763
f 2721/2721 2722/2722 2765/2765 2764/2764
f 2722/2722 2723/2723 2766/2766 2765/2765
f 2767/2767 2768/2768 2811/2811 2810/2810
f 2768/2768 2769/2769 2812/2812 2811/2811
f 2769/2769 2770/2770 2813/2813 2812/2812
f 2770/2770 2771/2771 2814/2814 2813/2813
f 2771/2771 2772/2772 2815/2815 2814/2814
f 2772/2772 2773/2773 2816/2816 2815/2815
f 2773/2773 2774/2774 2817/2817 2816/2816
f 2774/2774 2775/2775 2818/2818 2817/2817
f 2775/2775 2776/2776 2819/2819 2818/2818
f 2776/2776 2777/2777 2820/2820 2819/2819
f 2777/2777 2778/2778 2821/2821 2820/2820
f 2778/2778 2779/2779 2822/2822 2821/2821
f 2779/2779 2780/2780 2823/2823 2822/2822
f 2780/2780 2781/2781 2824/2824 2823/2823
f 2781/2781 2782/2782 2825/2825 2824/2824
f 2782/2782 2783/2783 2826/2826 2825/2825
f 2783/2783 2784/2784 2827/2827 2826/2826
f 2784/2784 2785/2785 2828/2828 2827/2827
f 2785/2785 2786/2786 2829/2829 2828/2828
f 2786/2786 2787/2787 2830/2830 2829/2829
f 2787/2787 2788/2788 2831/2831 2830/2830
f 2788/2788 2789/2789 2832/2832 2831/2831
f 2789/2789 2790/2790 2833/2833 2832/2832
f 2790/2790 2791/2791 2834/2834 2833/2833
f 2791/2791 2792/2792 2835/2835 2834/2834
f 2792/2792 2793/2793 2836/2836 2835/2835
f 2793/2793 2794/2794 2837/2837 2836/2836
f 2794/2794 2795/2795 2838/2838 2837/2837
f 2795/2795 2796/2796 2839/2839 2838/2838
f 2796/2796 2797/2797 2840/2840 2839/2839
f 2797/2797 2798/2798 2841/2841 2840/2840
f 2798/2798 2799/2799 2842/2842 2841/2841
f 2799/2799 2800/2800 2843/2843 2842/2842
f 2800/2800 2801/2801 2844/2844 2843/2843
f 2801/2801 2802/2802 2845/2845 2844/2844
f 2802/2802 2803/2803 2846/2846 2845/2845
f 2803/2803 2804/2804 2847/2847 2846/2846
f 2804/2804 2805/2805 2848/2848 2847/2847
f 2805/2805 2806/2806 2849/2849 2848/2848
f 2806/2806 2807/2807 2850/2850 2849/2849
f 2807/2807 2808/2808 2851/2851 2850/2850
f 2808/2808 2809/2809 2852/2852 2851/2851
f 2810/2810 2811/2811 2596/2596 2595/2595
f 2811/2811 2812/2812 2597/2597 2596/2596
f 2812/2812 2813/2813 2598/2598 2597/2597
f 2813/2813 2814/2814 2599/2599 2598/2598
f 2814/2814 2815/2815 2600/2600 2599/2599
f 2815/2815 2816/2816 2601/2601 2600/2600
f 2816/2816 2817/2817 2602/2602 2601/2601
f 2817/2817 2818/2818 2603/2603 2602/2602
f 2818/2818 2819/2819 2604/2604 2603/2603
f 2819/2819 2820/2820 2605/2605 2604/2604
f 2820/2820 2821/2821 2606/2606 2605/2605
f 2821/2821 2822/2822 2607/2607 2606/2606
f 2822/2822 2823/2823 2608/2608 2607/2607
f 2823/2823 2824/2824 2609/2609 2608/2608
f 2824/2824 2825/2825 2610/2610 2609/2609
f 2825/2825 2826/2826 2611/2611 2610/2610
f 2826/2826 2827/2827 2612/2612 2611/2611
f 2827/2827 2828/2828 2613/2613 2612/2612
f 2828/2828 2829/2829 2614/2614 2613/2613
f 2829/2829 2830/2830 2615/2615 2614/2614
f 2830/2830 2831/2831 2616/2616 2615/2615
f 2831/2831 2832/2832 2617/2617 2616/2616
f 2832/2832 2833/2833 2618/2618 2617/2617
f 2833/2833 2834/2834 2619/2619 2618/2618
f 2834/2834 2835/2835 2620/2620 2619/2619
f 2835/2835 2836/2836 2621/2621 2620/2620
f 2836/2836 2837/2837 2622/2622 2621/2621
f 2837/2837 2838/2838 2623/2623 2622/2622
f 2838/2838 2839/2839 2624/2624 2623/2623
f 2839/2839 2840/2840 2625/2625 2624/2624
f 2840/2840 2841/2841 2626/2626 2625/2625
f 2841/2841 2842/2842 2627/2627 2626/2626
f 2842/2842 2843/2843 2628/2628 2627/2627
f 2843/2843 2844/2844 2629/2629 2628/2628
f 2844/2844 2845/2845 2630/2630 2629/2629
f 2845/2845 2846/2846 2631/2631 2630/2630
f 2846/2846 2847/2847 2632/2632 2631/2631
f 2847/2847 2848/2848 2633/2633 2632/2632
f 2848/2848 2849/2849 2634/2634 2633/2633
f 2849/2849 2850/2850 2635/2635 2634/2634
f 2850/2850 2851/2851 2636/2636 2635/2635
f 2851/2851 2852/2852 2637/2637 2636/2636
f 2853/2853 2854/2854 2855/2855
f 2853/2853 2855/2855 2856/2856
f 2857/2857 2858/2858 2859/2859
f 2857/2857 2859/2859 2860/2860
f 2904/2904 2905/2905 2948/2948 2947/2947
f 2905/2905 2906/2906 2949/2949 2948/2948
f 2906/2906 2907/2907 2950/2950 2949/2949
f 2907/2907 2908/2908 2951/2951 2950/2950
f 2908/2908 2909/2909 2952/2952 2951/2951
f 2909/2909 2910/2910 2953/2953 2952/2952
f 2910/2910 2911/2911 2954/2954 2953/2953
f 2911/2911 2912/2912 2955/2955 2954/2954
f 2912/2912 2913/2913 2956/2956 2955/2955
f 2913/2913 2914/2914 2957/2957 2956/2956
f 2914/2914 2915/2915 2958/2958 2957/2957
f 2915/2915 2916/2916 2959/2959 2958/2958
f 2916/2916 2917/2917 2960/2960 2959/2959
f 2917/2917 2918/2918 2961/2961 2960/2960
f 2918/2918 2919/2919 2962/2962 2961/2961
f 2919/2919 2920/2920 2963/2963 2962/2962
f 2920/2920 2921/2921 2964/2964 2963/2963
f 2921/2921 2922/2922 2965/2965 2964/2964
f 2922/2922 2923/2923 2966/2966 2965/2965
f 2923/2923 2924/2924 2967/2967 2966/2966
f 2924/2924 2925/2925 2968/2968 2967/2967
f 2925/2925 2926/2926 2969/2969 2968/2968
f 2926/2926 2927/2927 2970/2970 2969/2969
f 2927/2927 2928/2928 2971/2971 2970/2970
f 2928/2928 2929/2929 2972/2972 2971/2971
f 2929/2929 2930/2930 2973/2973 2972/2972
f 2930/2930 2931/2931 2974/2974 2973/2973
f 2931/2931 2932/2932 2975/2975 2974/2974
f 2932/2932 2933/2933 2976/2976 2975/2975
f 2933/2933 2934/2934 2977/2977 2976/2976
f 2934/2934 2935/2935 2978/2978 2977/2977
f 2935/2935 2936/2936 2979/2979 2978/2978
f 2936/2936 2937/2937 2980/2980 2979/2979
f 2937/2937 2938/2938 2981/2981 2980/2980
f 2938/2938 2939/2939 2982/2982 2981/2981
f 2939/2939 2940/2940 2983/2983 2982/2982
f 2940/2940 2941/2941 2984/2984 2983/2983
f 2941/2941 2942/2942 2985/2985 2984/2984
f 2942/2942 2943/2943 2986/2986 2985/2985
f 2943/2943 2944/2944 2987/2987 2986/2986
f 2944/2944 2945/2945 2988/2988 2987/2987
f 2945/2945 2946/2946 2989/2989 2988/2988
f 2947/2947 2948/2948 2991/2991 2990/2990
f 2948/2948 2949/2949 2992/2992 2991/2991
f 2949/2949 2950/2950 2993/2993 2992/2992
f 2950/2950 2951/2951 2994/2994 2993/2993
f 2951/2951 2952/2952 2995/2995 2994/2994
f 2952/2952 2953/2953 2996/2996 2995/2995
f 2953/2953 2954/2954 2997/2997 2996/2996
f 2954/2954 2955/2955 2998/2998 2997/2997
f 2955/2955 2956/2956 2999/2999 2998/2998
f 2956/2956 2957/2957 3000/3000 2999/2999
f 2957/2957 2958/2958 3001/3001 3000/3000
f 2958/2958 2959/2959 3002/3002 3001/3001
f 2959/2959 2960/2960 3003/3003 3002/3002
f 2960/2960 2961/2961 3004/3004 3003/3003
f 2961/2961 2962/2962 3005/3005 3004/3004
f 2962/2962 2963/2963 3006/3006 3005/3005
f 2963/2963 2964/2964 3007/3007 3006/3006
f 2964/2964 2965/2965 3008/3008 3007/3007
f 2965/2965 2966/2966 3009/3009 3008/3008
f 2966/2966 2967/2967 3010/3010 3009/3009
f 2967/2967 2968/2968 3011/3011 3010/3010
f 2968/2968 2969/2969 3012/3012 3011/3011
f 2969/2969 2970/2970 3013/3013 3012/3012
f 2970/2970 2971/2971 3014/3014 3013/3013
f 2971/2971 2972/2972 3015/3015 3014/3014
f 2972/2972 2973/2973 3016/3016 3015/3015
f 2973/2973 2974/2974 3017/3017 3016/3016
f 2974/2974 2975/2975 3018/3018 3017/3017
f 2975/2975 2976/2976 3019/3019 3018/3018
f 2976/2976 2977/2977 3020/3020 3019/3019
f 2977/2977 2978/2978 3021/3021 3020/3020
f 2978/2978 2979/2979 3022/3022 3021/3021
f 2979/2979 2980/2980 3023/3023 3022/3022
f 2980/2980 2981/2981 3024/3024 3023/3023
f 2981/2981 2982/2982 3025/3025 3024/3024
f 2982/2982 2983/2983 3026/3026 3025/3025
f 2983/2983 2984/2984 3027/3027 3026/3026
f 2984/2984 2985/2985 3028/3028 3027/3027
f 2985/2985 2986/2986 3029/3029 3028/3028
f 2986/2986 2987/2987 3030/3030 3029/3029
f 2987/2987 2988/2988 3031/3031 3030/3030
f 2988/2988 2989/2989 3032/3032 3031/3031
f 3033/3033 3034/3034 3077/3077 3076/3076
f 3034/3034 3035/3035 3078/3078 3077/3077
f 3035/3035 3036/3036 3079/3079 3078/3078
f 3036/3036 3037/3037 3080/3080 3079/3079
f 3037/3037 3038/3038 3081/3081 3080/3080
f 3038/3038 3039/3039 3082/3082 3081/3081
f 3039/3039 3040/3040 3083/3083 3082/3082
f 3040/3040 3041/3041 3084/3084 3083/3083
f 3041/3041 3042/3042 3085/3085 3084/3084
f 3042/3042 3043/3043 3086/3086 3085/3085
f 3043/3043 3044/3044 3087/3087 3086/3086
f 3044/3044 3045/3045 3088/3088 3087/3087
f 3045/3045 3046/3046 3089/3089 3088/3088
f 3046/3046 3047/3047 3090/3090 3089/3089
f 3047/3047 3048/3048 3091/3091 3090/3090
f 3048/3048 3049/3049 3092/3092 3091/3091
f 3049/3049 3050/3050 3093/3093 3092/3092
f 3050/3050 3051/3051 3094/3094 3093/3093
f 3051/3051 3052/3052 3095/3095 3094/3094
f 3052/3052 3053/3053 3096/3096 3095/3095
f 3053/3053 3054/3054 3097/3097 3096/3096
f 3054/3054 3055/3055 3098/3098 3097/3097
f 3055/3055 3056/3056 3099/3099 3098/3098
f 3056/3056 3057/3057 3100/3100 3099/3099
f 3057/3057 3058/3058 3101/3101 3100/3100
f 3058/3058 3059/3059 3102/3102 3101/3101
f 3059/3059 3060/3060 3103/3103 3102/3102
f 3060/3060 3061/3061 3104/3104 3103/3103
f 3061/3061 3062/3062 3105/3105 3104/3104
f 3062/3062 3063/3063 3106/3106 3105/3105
f 3063/3063 3064/3064 3107/3107 3106/3106
f 3064/3064 3065/3065 3108/3108 3107/3107
f 3065/3065 3066/3066 3109/3109 3108/3108
f 3066/3066 3067/3067 3110/3110 3109/3109
f 3067/3067 3068/3068 3111/3111 3110/3110
f 3068/3068 3069/3069 3112/3112 3111/3111
f 3069/3069 3070/3070 3113/3113 3112/3112
f 3070/3070 3071/3071 3114/3114 3113/3113
f 3071/3071 3072/3072 3115/3115 3114/3114
f 3072/3072 3073/3073 3116/3116 3115/3115
f 3073/3073 3074/3074 3117/3117 3116/3116
f 3074/3074 3075/3075 3118/3118 3117/3117
f 3076/3076 3077/3077 2862/2862 2861/2861
f 3077/3077 3078/3078 2863/2863 2862/2862
f 3078/3078 3079/3079 2864/2864 2863/2863
f 3079/3079 3080/3080 2865/2865 2864/2864
f 3080/3080 3081/3081 2866/2866 2865/2865
f 3081/3081 3082/3082 2867/2867 2866/2866
f 3082/3082 3083/3083 2868/2868 2867/2867
f 3083/3083 3084/3084 2869/2869 2868/2868
f 3084/3084 3085/3085 2870/2870 2869/2869
f 3085/3085 3086/3086 2871/2871 2870/2870
f 3086/3086 3087/3087 2872/2872 2871/2871
f 3087/3087 3088/3088 2873/2873 2872/2872
f 3088/3088 3089/3089 2874/2874 2873/2873
f 3089/3089 3090/3090 2875/2875 2874/2874
f 3090/3090 3091/3091 2876/2876 2875/2875
f 3091/3091 3092/3092 2877/2877 2876/2876
f 3092/3092 3093/3093 2878/2878 2877/2877
f 3093/3093 3094/3094 2879/2879 2878/2878
f 3094/3094 3095/3095 2880/2880 2879/2879
f 3095/3095 3096/3096 2881/2881 2880/2880
f 3096/3096 3097/3097 2882/2882 2881/2881
f 3097/3097 3098/3098 2883/2883 2882/2882
f 3098/3098 3099/3099 2884/2884 2883/2883
f 3099/3099 3100/3100 2885/2885 2884/2884
f 3100/3100 3101/3101 2886/2886 2885/2885
f 3101/3101 3102/3102 2887/2887 2886/2886
f 3102/3102 3103/3103 2888/2888 2887/2887
f 3103/3103 3104/3104 2889/2889 2888/2888
f 3104/3104 3105/3105 2890/2890 2889/2889
f 3105/3105 3106/3106 2891/2891 2890/2890
f 3106/3106 3107/3107 2892/2892 2891/2891
f 3107/3107 3108/3108 2893/2893 2892/2892
f 3108/3108 3109/3109 2894/2894 2893/2893
f 3109/3109 3110/3110 2895/2895 2894/2894
f 3110/3110 3111/3111 2896/2896 2895/2895
f 3111/3111 3112/3112 2897/2897 2896/2896
f 3112/3112 3113/3113 2898/2898 2897/2897
f 3113/3113 3114/3114 2899/2899 2898/2898
f 3114/3114 3115/3115 2900/2900 2899/2899
f 3115/3115 3116/3116 2901/2901 2900/2900
f 3116/3116 3117/3117 2902/2902 2901/2901
f 3117/3117 3118/3118 2903/2903 2902/2902
f 3119/3119 3120/3120 3121/3121
f 3119/3119 3121/3121 3122/3122
f 3123/3123 3124/3124 3125/3125
f 3123/3123 3125/3125 3126/3126
f 3169/3169 3170/3170 3212/3212 3211/3211
f 3170/3170 3171/3171 3213/3213 3212/3212
f 3171/3171 3172/3172 3214/3214 3213/3213
f 3172/3172 3173/3173 3215/3215 3214/3214
f 3173/3173 3174/3174 3216/3216 3215/3215
f 3174/3174 3175/3175 3217/3217 3216/3216
f 3175/3175 3176/3176 3218/3218 3217/3217
f 3176/3176 3177/3177 3219/3219 3218/3218
f 3177/3177 3178/3178 3220/3220 3219/3219
f 3178/3178 3179/3179 3221/3221 3220/3220
f 3179/3179 3180/3180 3222/3222 3221/3221
f 3180/3180 3181/3181 3223/3223 3222/3222
f 3181/3181 3182/3182 3224/3224 3223/3223
f 3182/3182 3183/3183 3225/3225 3224/3224
f 3183/3183 3184/3184 3226/3226 3225/3225
f 3184/3184 3185/3185 3227/3227 3226/3226
f 3185/3185 3186/3186 3228/3228 3227/3227
f 3186/3186 3187/3187 3229/3229 3228/3228
f 3187/3187 3188/3188 3230/3230 3229/3229
f 3188/3188 3189/3189 3231/3231 3230/3230
f 3189/3189 3190/3190 3232/3232 3231/3231
f 3190/3190 3191/3191 3233/3233 3232/3232
f 3191/3191 3192/3192 3234/3234 3233/3233
f 3192/3192 3193/3193 3235/3235 3234/3234
f 3193/3193 3194/3194 3236/3236 3235/3235
f 3194/3194 3195/3195 3237/3237 3236/3236
f 3195/3195 3196/3196 3238/3238 3237/3237
f 3196/3196 3197/3197 3239/3239 3238/3238
f 3197/3197 3198/3198 3240/3240 3239/3239
f 3198/3198 3199/3199 3241/3241 3240/3240
f 3199/3199 3200/3200 3242/3242 3241/3241
f 3200/3200 3201/3201 3243/3243 3242/3242
f 3201/3201 3202/3202 3244/3244 3243/3243
f 3202/3202 3203/3203 3245/3245 3244/3244
f 3203/3203 3204/3204 3246/3246 3245/3245
f 3204/3204 3205/3205 3247/3247 3246/3246
f 3205/3205 3206/3206 3248/3248 3247/3247
f 3206/3206 3207/3207 3249/3249 3248/3248
f 3207/3207 3208/3208 3250/3250 3249/3249
f 3208/3208 3209/3209 3251/3251 3250/3250
f 3209/3209 3210/3210 3252/3252 3251/3251
f 3211/3211 3212/3212 3254/3254 3253/3253
f 3212/3212 3213/3213 3255/3255 3254/3254
f 3213/3213 3214/3214 3256/3256 3255/3255
f 3214/3214 3215/3215 3257/3257 3256/3256
f 3215/3215 3216/3216 3258/3258 3257/3257
f 3216/3216 3217/3217 3259/3259 3258/3258
f 3217/3217 3218/3218 3260/3260 3259/3259
f 3218/3218 3219/3219 3261/3261 3260/3260
f 3219/3219 3220/3220 3262/3262 3261/3261
f 3220/3220 3221/3221 3263/3263 3262/3262
f 3221/3221 3222/3222 3264/3264 3263/3263
f 3222/3222 3223/3223 3265/3265 3264/3264
f 3223/3223 3224/3224 3266/3266 3265/3265
f 3224/3224 3225/3225 3267/3267 3266/3266
f 3225/3225 3226/3226 3268/3268 3267/3267
f 3226/3226 3227/3227 3269/3269 3268/3268
f 3227/3227 3228/3228 3270/3270 3269/3269
f 3228/3228 3229/3229 3271/3271 3270/3270
f 3229/3229 3230/3230 3272/3272 3271/3271
f 3230/3230 3231/3231 3273/3273 3272/3272
f 3231/3231 3232/3232 3274/3274 3273/3273
f 3232/3232 3233/3233 3275/3275 3274/3274
f 3233/3233 3234/3234 3276/3276 3275/3275
f 3234/3234 3235/3235 3277/3277 3276/3276
f 3235/3235 3236/3236 3278/3278 3277/3277
f 3236/3236 3237/3237 3279/3279 3278/3278
f 3237/3237 3238/3238 3280/3280 3279/3279
f 3238/3238 3239/3239 3281/3281 3280/3280
f 3239/3239 3240/3240 3282/3282 3281/3281
f 3240/3240 3241/3241 3283/3283 3282/3282
f 3241/3241 3242/3242 3284/3284 3283/3283
f 3242/3242 3243/3243 3285/3285 3284/3284
f 3243/3243 3244/3244 3286/3286 3285/3285
f 3244/3244 3245/3245 3287/3287 3286/3286
f 3245/3245 3246/3246 3288/3288 3287/3287
f 3246/3246 3247/3247 3289/3289 3288/3288
f 3247/3247 3248/3248 3290/3290 3289/3289
f 3248/3248 3249/3249 3291/3291 3290/3290
f 3249/3249 3250/3250 3292/3292 3291/3291
f 3250/3250 3251/3251 3293/3293 3292/3292
f 3251/3251 3252/3252 3294/3294 3293/3293
f 3295/3295 3296/3296 3338/3338 3337/3337
f 3296/3296 3297/3297 3339/3339 3338/3338
f 3297/3297 3298/3298 3340/3340 3339/3339
f 3298/3298 3299/3299 3341/3341 3340/3340
f 3299/3299 3300/3300 3342/3342 3341/3341
f 3300/3300 3301/3301 3343/3343 3342/3342
f 3301/3301 3302/3302 3344/3344 3343/3343
f 3302/3302 3303/3303 3345/3345 3344/3344
f 3303/3303 3304/3304 3346/3346 3345/3345
f 3304/3304 3305/3305 3347/3347 3346/3346
f 3305/3305 3306/3306 3348/3348 3347/3347
f 3306/3306 3307/3307 3349/3349 3348/3348
f 3307/3307 3308/3308 3350/3350 3349/3349
f 3308/3308 3309/3309 3351/3351 3350/3350
f 3309/3309 3310/3310 3352/3352 3351/3351
f 3310/3310 3311/3311 3353/3353 3352/3352
f 3311/3311 3312/3312 3354/3354 3353/3353
f 3312/3312 3313/3313 3355/3355 3354/3354
f 3313/3313 3314/3314 3356/3356 3355/3355
f 3314/3314 3315/3315 3357/3357 3356/3356
f 3315/3315 3316/3316 3358/3358 3357/3357
f 3316/3316 3317/3317 3359/3359 3358/3358
f 3317/3317 3318/3318 3360/3360 3359/3359
f 3318/3318 3319/3319 3361/3361 3360/3360
f 3319/3319 3320/3320 3362/3362 3361/3361
f 3320/3320 3321/3321 3363/3363 3362/3362
f 3321/3321 3322/3322 3364/3364 3363/3363
f 3322/3322 3323/3323 3365/3365 3364/3364
f 3323/3323 3324/3324 3366/3366 3365/3365
f 3324/3324 3325/3325 3367/3367 3366/3366
f 3325/3325 3326/3326 3368/3368 3367/3367
f 3326/3326 3327/3327 3369/3369 3368/3368
f 3327/3327 3328/3328 3370/3370 3369/3369
f 3328/3328 3329/3329 3371/3371 3370/3370
f 3329/3329 3330/3330 3372/3372 3371/3371
f 3330/3330 3331/3331 3373/3373 3372/3372
f 3331/3331 3332/3332 3374/3374 3373/3373
f 3332/3332 3333/3333 3375/3375 3374/3374
f 3333/3333 3334/3334 3376/3376 3375/3375
f 3334/3334 3335/3335 3377/3377 3376/3376
f 3335/3335 3336/3336 3378/3378 3377/3377
f 3337/3337 3338/3338 3128/3128 3127/3127
f 3338/3338 3339/3339 3129/3129 3128/3128
f 3339/3339 3340/3340 3130/3130 3129/3129
f 3340/3340 3341/3341 3131/3131 3130/3130
f 3341/3341 3342/3342 3132/3132 3131/3131
f 3342/3342 3343/3343 3133/3133 3132/3132
f 3343/3343 3344/3344 3134/3134 3133/3133
f 3344/3344 3345/3345 3135/3135 3134/3134
f 3345/3345 3346/3346 3136/3136 3135/3135
f 3346/3346 3347/3347 3137/3137 3136/3136
f 3347/3347 3348/3348 3138/3138 3137/3137
f 3348/3348 3349/3349 3139/3139 3138/3138
f 3349/3349 3350/3350 3140/3140 3139/3139
f 3350/3350 3351/3351 3141/3141 3140/3140
f 3351/3351 3352/3352 3142/3142 3141/3141
f 3352/3352 3353/3353 3143/3143 3142/3142
f 3353/3353 3354/3354 3144/3144 3143/3143
f 3354/3354 3355/3355 3145/3145 3144/3144
f 3355/3355 3356/3356 3146/3146 3145/3145
f 3356/3356 3357/3357 3147/3147 3146/3146
f 3357/3357 3358/3358 3148/3148 3147/3147
f 3358/3358 3359/3359 3149/3149 3148/3148
f 3359/3359 3360/3360 3150/3150 3149/3149
f 3360/3360 3361/3361 3151/3151 3150/3150
f 3361/3361 3362/3362 3152/3152 3151/3151
f 3362/3362 3363/3363 3153/3153 3152/3152
f 3363/3363 3364/3364 3154/3154 3153/3153
f 3364/3364 3365/3365 3155/3155 3154/3154
f 3365/3365 3366/3366 3156/3156 3155/3155
f 3366/3366 3367/3367 3157/3157 3156/3156
f 3367/3367 3368/3368 3158/3158 3157/3157
f 3368/3368 3369/3369 3159/3159 3158/3158
f 3369/3369 3370/3370 3160/3160 3159/3159
f 3370/3370 3371/3371 3161/3161 3160/3160
f 3371/3371 3372/3372 3162/3162 3161/3161
f 3372/3372 3373/3373 3163/3163 3162/3162
f 3373/3373 3374/3374 3164/3164 3163/3163
f 3374/3374 3375/3375 3165/3165 3164/3164
f 3375/3375 3376/3376 3166/3166 3165/3165
f 3376/3376 3377/3377 3167/3167 3166/3166
f 3377/3377 3378/3378 3168/3168 3167/3167
f 3379/3379 3380/3380 3381/3381
f 3379/3379 3381/3381 3382/3382
f 3383/3383 3384/3384 3385/3385
f 3383/3383 3385/3385 3386/3386
f 3429/3429 3430/3430 3472/3472 3471/3471
f 3430/3430 3431/3431 3473/3473 3472/3472
f 3431/3431 3432/3432 3474/3474 3473/3473
f 3432/3432 3433/3433 3475/3475 3474/3474
f 3433/3433 3434/3434 3476/3476 3475/3475
f 3434/3434 3435/3435 3477/3477 3476/3476
f 3435/3435 3436/3436 3478/3478 3477/3477
f 3436/3436 3437/3437 3479/3479 3478/3478
f 3437/3437 3438/3438 3480/3480 3479/3479
f 3438/3438 3439/3439 3481/3481 3480/3480
f 3439/3439 3440/3440 3482/3482 3481/3481
f 3440/3440 3441/3441 3483/3483 3482/3482
f 3441/3441 3442/3442 3484/3484 3483/3483
f 3442/3442 3443/3443 3485/3485 3484/3484
f 3443/3443 3444/3444 3486/3486 3485/3485
f 3444/3444 3445/3445 3487/3487 3486/3486
f 3445/3445 3446/3446 3488/3488 3487/3487
f 3446/3446 3447/3447 3489/3489 3488/3488
f 3447/3447 3448/3448 3490/3490 3489/3489
f 3448/3448 3449/3449 3491/3491 3490/3490
f 3449/3449 3450/3450 3492/3492 3491/3491
f 3450/3450 3451/3451 3493/3493 3492/3492
f 3451/3451 3452/3452 3494/3494 3493/3493
f 3452/3452 3453/3453 3495/3495 3494/3494
f 3453/3453 3454/3454 3496/3496 3495/3495
f 3454/3454 3455/3455 3497/3497 3496/3496
f 3455/3455 3456/3456 3498/3498 3497/3497
f 3456/3456 3457/3457 3499/3499 3498/3498
f 3457/3457 3458/3458 3500/3500 3499/3499
f 3458/3458 3459/3459 3501/3501 3500/3500
f 3459/3459 3460/3460 3502/3502 3501/3501
f 3460/3460 3461/3461 3503/3503 3502/3502
f 3461/3461 3462/3462 3504/3504 3503/3503
f 3462/3462 3463/3463 3505/3505 3504/3504
f 3463/3463 3464/3464 3506/3506 3505/3505
f 3464/3464 3465/3465 3507/3507 3506/3506
f 3465/3465 3466/3466 3508/3508 3507/3507
f 3466/3466 3467/3467 3509/3509 3508/3508
f 3467/3467 3468/3468 3510/3510 3509/3509
f 3468/3468 3469/3469 3511/3511 3510/3510
f 3469/3469 3470/3470 3512/3512 3511/3511
f 3471/3471 3472/3472 3514/3514 3513/3513
f 3472/3472 3473/3473 3515/3515 3514/3514
f 3473/3473 3474/3474 3516/3516 3515/3515
f 3474/3474 3475/3475 3517/3517 3516/3516
f 3475/3475 3476/3476 3518/3518 3517/3517
f 3476/3476 3477/3477 3519/3519 3518/3518
f 3477/3477 3478/3478 3520/3520 3519/3519
f 3478/3478 3479/3479 3521/3521 3520/3520
f 3479/3479 3480/3480 3522/3522 3521/3521
f 3480/3480 3481/3481 3523/3523 3522/3522
f 3481/3481 3482/3482 3524/3524 3523/3523
f 3482/3482 3483/3483 3525/3525 3524/3524
f 3483/3483 3484/3484 3526/3526 3525/3525
f 3484/3484 3485/3485 3527/3527 3526/3526
f 3485/3485 3486/3486 3528/3528 3527/3527
f 3486/3486 3487/3487 3529/3529 3528/3528
f 3487/3487 3488/3488 3530/3530 3529/3529
f 3488/3488 3489/3489 3531/3531 3530/3530
f 3489/3489 3490/3490 3532/3532 3531/3531
f 3490/3490 3491/3491 3533/3533 3532/3532
f 3491/3491 3492/3492 3534/3534 3533/3533
f 3492/3492 3493/3493 3535/3535 3534/3534
f 3493/3493 3494/3494 3536/3536 3535/3535
f 3494/3494 3495/3495 3537/3537 3536/3536
f 3495/3495 3496/3496 3538/3538 3537/3537
f 3496/3496 3497/3497 3539/3539 3538/3538
f 3497/3497 3498/3498 3540/3540 3539/3539
f 3498/3498 3499/3499 3541/3541 3540/3540
f 3499/3499 3500/3500 3542/3542 3541/3541
f 3500/3500 3501/3501 3543/3543 3542/3542
f 3501/3501 3502/3502 3544/3544 3543/3543
f 3502/3502 3503/3503 3545/3545 3544/3544
f 3503/3503 3504/3504 3546/3546 3545/3545
f 3504/3504 3505/3505 3547/3547 3546/3546
f 3505/3505 3506/3506 3548/3548 3547/3547
f 3506/3506 3507/3507 3549/3549 3548/3548
f 3507/3507 3508/3508 3550/3550 3549/3549
f 3508/3508 3509/3509 3551/3551 3550/3550
f 3509/3509 3510/3510 3552/3552 3551/3551
f 3510/3510 3511/3511 3553/3553 3552/3552
f 3511/3511 3512/3512 3554/3554 3553/3553
f 3555/3555 3556/3556 3598/3598 3597/3597
f 3556/3556 3557/3557 3599/3599 3598/3598
f 3557/3557 3558/3558 3600/3600 3599/3599
f 3558/3558 3559/3559 3601/3601 3600/3600
f 3559/3559 3560/3560 3602/3602 3601/3601
f 3560/3560 3561/3561 3603/3603 3602/3602
f 3561/3561 3562/3562 3604/3604 3603/3603
f 3562/3562 3563/3563 3605/3605 3604/3604
f 3563/3563 3564/3564 3606/3606 3605/3605
f 3564/3564 3565/3565 3607/3607 3606/3606
f 3565/3565 3566/3566 3608/3608 3607/3607
f 3566/3566 3567/3567 3609/3609 3608/3608
f 3567/3567 3568/3568 3610/3610 3609/3609
f 3568/3568 3569/3569 3611/3611 3610/3610
f 3569/3569 3570/3570 3612/3612 3611/3611
f 3570/3570 3571/3571 3613/3613 3612/3612
f 3571/3571 3572/3572 3614/3614 3613/3613
f 3572/3572 3573/3573 3615/3615 3614/3614
f 3573/3573 3574/3574 3616/3616 3615/3615
f 3574/3574 3575/3575 3617/3617 3616/3616
f 3575/3575 3576/3576 3618/3618 3617/3617
f 3576/3576 3577/3577 3619/3619 3618/3618
f 3577/3577 3578/3578 3620/3620 3619/3619
f 3578/3578 3579/3579 3621/3621 3620/3620
f 3579/3579 3580/3580 3622/3622 3621/3621
f 3580/3580 3581/3581 3623/3623 3622/3622
f 3581/3581 3582/3582 3624/3624 3623/3623
f 3582/3582 3583/3583 3625/3625 3624/3624
f 3583/3583 3584/3584 3626/3626 3625/3625
f 3584/3584 3585/3585 3627/3627 3626/3626
f 3585/3585 3586/3586 3628/3628 3627/3627
f 3586/3586 3587/3587 3629/3629 3628/3628
f 3587/3587 3588/3588 3630/3630 3629/3629
f 3588/3588 3589/3589 3631/3631 3630/3630
f 3589/3589 3590/3590 3632/3632 3631/3631
f 3590/3590 3591/3591 3633/3633 3632/3632
f 3591/3591 3592/3592 3634/3634 3633/3633
f 3592/3592 3593/3593 3635/3635 3634/3634
f 3593/3593 3594/3594 3636/3636 3635/3635
f 3594/3594 3595/3595 3637/3637 3636/3636
f 3595/3595 3596/3596 3638/3638 3637/3637
f 3597/3597 3598/3598 3388/3388 3387/3387
f 3598/3598 3599/3599 3389/3389 3388/3388
f 3599/3599 3600/3600 3390/3390 3389/3389
f 3600/3600 3601/3601 3391/3391 3390/3390
f 3601/3601 3602/3602 3392/3392 3391/3391
f 3602/3602 3603/3603 3393/3393 3392/3392
f 3603/3603 3604/3604 3394/3394 3393/3393
f 3604/3604 3605/3605 3395/3395 3394/3394
f 3605/3605 3606/3606 3396/3396 3395/3395
f 3606/3606 3607/3607 3397/3397 3396/3396
f 3607/3607 3608/3608 3398/3398 3397/3397
f 3608/3608 3609/3609 3399/3399 3398/3398
f 3609/3609 3610/3610 3400/3400 3399/3399
f 3610/3610 3611/3611 3401/3401 3400/3400
f 3611/3611 3612/3612 3402/3402 3401/3401
f 3612/3612 3613/3613 3403/3403 3402/3402
f 3613/3613 3614/3614 3404/3404 3403/3403
f 3614/3614 3615/3615 3405/3405 3404/3404
f 3615/3615 3616/3616 3406/3406 3405/3405
f 3616/3616 3617/3617 3407/3407 3406/3406
f 3617/3617 3618/3618 3408/3408 3407/3407
f 3618/3618 3619/3619 3409/3409 3408/3408
f 3619/3619 3620/3620 3410/3410 3409/3409
f 3620/3620 3621/3621 3411/3411 3410/3410
f 3621/3621 3622/3622 3412/3412 3411/3411
f 3622/3622 3623/3623 3413/3413 3412/3412
f 3623/3623 3624/3624 3414/3414 3413/3413
f 3624/3624 3625/3625 3415/3415 3414/3414
f 3625/3625 3626/3626 3416/3416 3415/3415
f 3626/3626 3627/3627 3417/3417 3416/3416
f 3627/3627 3628/3628 3418/3418 3417/3417
f 3628/3628 3629/3629 3419/3419 3418/3418
f 3629/3629 3630/3630 3420/3420 3419/3419
f 3630/3630 3631/3631 3421/3421 3420/3420
f 3631/3631 3632/3632 3422/3422 3421/3421
f 3632/3632 3633/3633 3423/3423 3422/3422
f 3633/3633 3634/3634 3424/3424 3423/3423
f 3634/3634 3635/3635 3425/3425 3424/3424
f 3635/3635 3636/3636 3426/3426 3425/3425
f 3636/3636 3637/3637 3427/3427 3426/3426
f 3637/3637 3638/3638 3428/3428 3427/3427
f 3639/3639 3640/3640 3641/3641
f 3639/3639 3641/3641 3642/3642
f 3643/3643 3644/3644 3645/3645
f 3643/3643 3645/3645 3646/3646
f 3689/3689 3690/3690 3732/3732 3731/3731
f 3690/3690 3691/3691 3733/3733 3732/3732
f 3691/3691 3692/3692 3734/3734 3733/3733
f 3692/3692 3693/3693 3735/3735 3734/3734
f 3693/3693 3694/3694 3736/3736 3735/3735
f 3694/3694 3695/3695 3737/3737 3736/3736
f 3695/3695 3696/3696 3738/3738 3737/3737
f 3696/3696 3697/3697 3739/3739 3738/3738
f 3697/3697 3698/3698 3740/3740 3739/3739
f 3698/3698 3699/3699 3741/3741 3740/3740
f 3699/3699 3700/3700 3742/3742 3741/3741
f 3700/3700 3701/3701 3743/3743 3742/3742
f 3701/3701 3702/3702 3744/3744 3743/3743
f 3702/3702 3703/3703 3745/3745 3744/3744
f 3703/3703 3704/3704 3746/3746 3745/3745
f 3704/3704 3705/3705 3747/3747 3746/3746
f 3705/3705 3706/3706 3748/3748 3747/3747
f 3706/3706 3707/3707 3749/3749 3748/3748
f 3707/3707 3708/3708 3750/3750 3749/3749
f 3708/3708 3709/3709 3751/3751 3750/3750
f 3709/3709 3710/3710 3752/3752 3751/3751
f 3710/3710 3711/3711 3753/3753 3752/3752
f 3711/3711 3712/3712 3754/3754 3753/3753
f 3712/3712 3713/3713 3755/3755 3754/3754
f 3713/3713 3714/3714 3756/3756 3755/3755
f 3714/3714 3715/3715 3757/3757 3756/3756
f 3715/3715 3716/3716 3758/3758 3757/3757
f 3716/3716 3717/3717 3759/3759 3758/3758
f 3717/3717 3718/3718 3760/3760 3759/3759
f 3718/3718 3719/3719 3761/3761 3760/3760
f 3719/3719 3720/3720 3762/3762 3761/3761
f 3720/3720 3721/3721 3763/3763 3762/3762
f 3721/3721 3722/3722 3764/3764 3763/3763
f 3722/3722 3723/3723 3765/3765 3764/3764
f 3723/3723 3724/3724 3766/3766 3765/3765
f 3724/3724 3725/3725 3767/3767 3766/3766
f 3725/3725 3726/3726 3768/3768 3767/3767
f 3726/3726 3727/3727 3769/3769 3768/3768
f 3727/3727 3728/3728 3770/3770 3769/3769
f 3728/3728 3729/3729 3771/3771 3770/3770
f 3729/3729 3730/3730 3772/3772 3771/3771
f 3731/3731 3732/3732 3774/3774 3773/3773
f 3732/3732 3733/3733 3775/3775 3774/3774
f 3733/3733 3734/3734 3776/3776 3775/3775
f 3734/3734 3735/3735 3777/3777 3776/3776
f 3735/3735 3736/3736 3778/3778 3777/3777
f 3736/3736 3737/3737 3779/3779 3778/3778
f 3737/3737 3738/3738 3780/3780 3779/3779
f 3738/3738 3739/3739 3781/3781 3780/3780
f 3739/3739 3740/3740 3782/3782 3781/3781
f 3740/3740 3741/3741 3783/3783 3782/3782
f 3741/3741 3742/3742 3784/3784 3783/3783
f 3742/3742 3743/3743 3785/3785 3784/3784
f 3743/3743 3744/3744 3786/3786 3785/3785
f 3744/3744 3745/3745 3787/3787 3786/3786
f 3745/3745 3746/3746 3788/3788 3787/3787
f 3746/3746 3747/3747 3789/3789 3788/3788
f 3747/3747 3748/3748 3790/3790 3789/3789
f 3748/3748 3749/3749 3791/3791 3790/3790
f 3749/3749 3750/3750 3792/3792 3791/3791
f 3750/3750 3751/3751 3793/3793 3792/3792
f 3751/3751 3752/3752 3794/3794 3793/3793
f 3752/3752 3753/3753 3795/3795 3794/3794
f 3753/3753 3754/3754 3796/3796 3795/3795
f 3754/3754 3755/3755 3797/3797 3796/3796
f 3755/3755 3756/3756 3798/3798 3797/3797
f 3756/3756 3757/3757 3799/3799 3798/3798
f 3757/3757 3758/3758 3800/3800 3799/3799
f 3758/3758 3759/3759 3801/3801 3800/3800
f 3759/3759 3760/3760 3802/3802 3801/3801
f 3760/3760 3761/3761 3803/3803 3802/3802
f 3761/3761 3762/3762 3804/3804 3803/3803
f 3762/3762 3763/3763 3805/3805 3804/3804
f 3763/3763 3764/3764 3806/3806 3805/3805
f 3764/3764 3765/3765 3807/3807 3806/3806
f 3765/3765 3766/3766 3808/3808 3807/3807
f 3766/3766 3767/3767 3809/3809 3808/3808
f 3767/3767 3768/3768 3810/3810 3809/3809
f 3768/3768 3769/3769 3811/3811 3810/3810
f 3769/3769 3770/3770 3812/3812 3811/3811
f 3770/3770 3771/3771 3813/3813 3812/3812
f 3771/3771 3772/3772 3814/3814 3813/3813
f 3815/3815 3816/3816 3858/3858 3857/3857
f 3816/3816 3817/3817 3859/3859 3858/3858
f 3817/3817 3818/3818 3860/3860 3859/3859
f 3818/3818 3819/3819 3861/3861 3860/3860
f 3819/3819 3820/3820 3862/3862 3861/3861
f 3820/3820 3821/3821 3863/3863 3862/3862
f 3821/3821 3822/3822 3864/3864 3863/3863
f 3822/3822 3823/3823 3865/3865 3864/3864
f 3823/3823 3824/3824 3866/3866 3865/3865
f 3824/3824 3825/3825 3867/3867 3866/3866
f 3825/3825 3826/3826 3868/3868 3867/3867
f 3826/3826 3827/3827 3869/3869 3868/3868
f 3827/3827 3828/3828 3870/3870 3869/3869
f 3828/3828 3829/3829 3871/3871 3870/3870
f 3829/3829 3830/3830 3872/3872 3871/3871
f 3830/3830 3831/3831 3873/3873 3872/3872
f 3831/3831 3832/3832 3874/3874 3873/3873
f 3832/3832 3833/3833 3875/3875 3874/3874
f 3833/3833 3834/3834 3876/3876 3875/3875
f 3834/3834 3835/3835 3877/3877 3876/3876
f 3835/3835 3836/3836 3878/3878 3877/3877
f 3836/3836 3837/3837 3879/3879 3878/3878
f 3837/3837 3838/3838 3880/3880 3879/3879
f 3838/3838 3839/3839 3881/3881 3880/3880
f 3839/3839 3840/3840 3882/3882 3881/3881
f 3840/3840 3841/3841 3883/3883 3882/3882
f 3841/3841 3842/3842 3884/3884 3883/3883
f 3842/3842 3843/3843 3885/3885 3884/3884
f 3843/3843 3844/3844 3886/3886 3885/3885
f 3844/3844 3845/3845 3887/3887 3886/3886
f 3845/3845 3846/3846 3888/3888 3887/3887
f 3846/3846 3847/3847 3889/3889 3888/3888
f 3847/3847 3848/3848 3890/3890 3889/3889
f 3848/3848 3849/3849 3891/3891 3890/3890
f 3849/3849 3850/3850 3892/3892 3891/3891
f 3850/3850 3851/3851 3893/3893 3892/3892
f 3851/3851 3852/3852 3894/3894 3893/3893
f 3852/3852 3853/3853 3895/3895 3894/3894
f 3853/3853 3854/3854 3896/3896 3895/3895
f 3854/3854 3855/3855 3897/3897 3896/3896
f 3855/3855 3856/3856 3898/3898 3897/3897
f 3857/3857 3858/3858 3648/3648 3647/3647
f 3858/3858 3859/3859 3649/3649 3648/3648
f 3859/3859 3860/3860 3650/3650 3649/3649
f 3860/3860 3861/3861 3651/3651 3650/3650
f 3861/3861 3862/3862 3652/3652 3651/3651
f 3862/3862 3863/3863 3653/3653 3652/3652
f 3863/3863 3864/3864 3654/3654 3653/3653
f 3864/3864 3865/3865 3655/3655 3654/3654
f 3865/3865 3866/3866 3656/3656 3655/3655
f 3866/3866 3867/3867 3657/3657 3656/3656
f 3867/3867 3868/3868 3658/3658 3657/3657
f 3868/3868 3869/3869 3659/3659 3658/3658
f 3869/3869 3870/3870 3660/3660 3659/3659
f 3870/3870 3871/3871 3661/3661 3660/3660
f 3871/3871 3872/3872 3662/3662 3661/3661
f 3872/3872 3873/3873 3663/3663 3662/3662
f 3873/3873 3874/3874 3664/3664 3663/3663
f 3874/3874 3875/3875 3665/3665 3664/3664
f 3875/3875 3876/3876 3666/3666 3665/3665
f 3876/3876 3877/3877 3667/3667 3666/3666
f 3877/3877 3878/3878 3668/3668 3667/3667
f 3878/3878 3879/3879 3669/3669 3668/3668
f 3879/3879 3880/3880 3670/3670 3669/3669
f 3880/3880 3881/3881 3671/3671 3670/3670
f 3881/3881 3882/3882 3672/3672 3671/3671
f 3882/3882 3883/3883 3673/3673 3672/3672
f 3883/3883 3884/3884 3674/3674 3673/3673
f 3884/3884 3885/3885 3675/3675 3674/3674
f 3885/3885 3886/3886 3676/3676 3675/3675
f 3886/3886 3887/3887 3677/3677 3676/3676
f 3887/3887 3888/3888 3678/3678 3677/3677
f 3888/3888 3889/3889 3679/3679 3678/3678
f 3889/3889 3890/3890 3680/3680 3679/3679
f 3890/3890 3891/3891 3681/3681 3680/3680
f 3891/3891 3892/3892 3682/3682 3681/3681
f 3892/3892 3893/3893 3683/3683 3682/3682
f 3893/3893 3894/3894 3684/3684 3683/3683
f 3894/3894 3895/3895 3685/3685 3684/3684
f 3895/3895 3896/3896 3686/3686 3685/3685
f 3896/3896 3897/3897 3687/3687 3686/3686
f 3897/3897 3898/3898 3688/3688 3687/3687
f 3899/3899 3900/3900 3901/3901
f 3899/3899 3901/3901 3902/3902
f 3903/3903 3904/3904 3905/3905
f 3903/3903 3905/3905 3906/3906
f 3949/3949 3950/3950 3992/3992 3991/3991
f 3950/3950 3951/3951 3993/3993 3992/3992
f 3951/3951 3952/3952 3994/3994 3993/3993
f 3952/3952 3953/3953 3995/3995 3994/3994
f 3953/3953 3954/3954 3996/3996 3995/3995
f 3954/3954 3955/3955 3997/3997 3996/3996
f 3955/3955 3956/3956 3998/3998 3997/3997
f 3956/3956 3957/3957 3999/3999 3998/3998
f 3957/3957 3958/3958 4000/4000 3999/3999
f 3958/3958 3959/3959 4001/4001 4000/4000
f 3959/3959 3960/3960 4002/4002 4001/4001
f 3960/3960 3961/3961 4003/4003 4002/4002
f 3961/3961 3962/3962 4004/4004 4003/4003
f 3962/3962 3963/3963 4005/4005 4004/4004
f 3963/3963 3964/3964 4006/4006 4005/4005
f 3964/3964 3965/3965 4007/4007 4006/4006
f 3965/3965 3966/3966 4008/4008 4007/4007
f 3966/3966 3967/3967 4009/4009 4008/4008
f 3967/3967 3968/3968 4010/4010 4009/4009
f 3968/3968 3969/3969 4011/4011 4010/4010
f 3969/3969 3970/3970 4012/4012 4011/4011
f 3970/3970 3971/3971 4013/4013 4012/4012
f 3971/3971 3972/3972 4014/4014 4013/4013
f 3972/3972 3973/3973 4015/4015 4014/4014
f 3973/3973 3974/3974 4016/4016 4015/4015
f 3974/3974 3975/3975 4017/4017 4016/4016
f 3975/3975 3976/3976 4018/4018 4017/4017
f 3976/3976 3977/3977 4019/4019 4018/4018
f 3977/3977 3978/3978 4020/4020 4019/4019
f 3978/3978 3979/3979 4021/4021 4020/4020
f 3979/3979 3980/3980 4022/4022 4021/4021
f 3980/3980 3981/3981 4023/4023 4022/4022
f 3981/3981 3982/3982 4024/4024 4023/4023
f 3982/3982 3983/3983 4025/4025 4024/4024
f 3983/3983 3984/3984 4026/4026 4025/4025
f 3984/3984 3985/3985 4027/4027 4026/4026
f 3985/3985 3986/3986 4028/4028 4027/4027
f 3986/3986 3987/3987 4029/4029 4028/4028
f 3987/3987 3988/3988 4030/4030 4029/4029
f 3988/3988 3989/3989 4031/4031 4030/4030
f 3989/3989 3990/3990 4032/4032 4031/4031
f 3991/3991 3992/3992 4034/4034 4033/4033
f 3992/3992 3993/3993 4035/4035 4034/4034
f 3993/3993 3994/3994 4036/4036 4035/4035
f 3994/3994 3995/3995 4037/4037 4036/4036
f 3995/3995 3996/3996 4038/4038 4037/4037
f 3996/3996 3997/3997 4039/4039 4038/4038
f 3997/3997 3998/3998 4040/4040 4039/4039
f 3998/3998 3999/3999 4041/4041 4040/4040
f 3999/3999 4000/4000 4042/4042 4041/4041
f 4000/4000 4001/4001 4043/4043 4042/4042
f 4001/4001 4002/4002 4044/4044 4043/4043
f 4002/4002 4003/4003 4045/4045 4044/4044
f 4003/4003 4004/4004 4046/4046 4045/4045
f 4004/4004 4005/4005 4047/4047 4046/4046
f 4005/4005 4006/4006 4048/4048 4047/4047
f 4006/4006 4007/4007 4049/4049 4048/4048
f 4007/4007 4008/4008 4050/4050 4049/4049
f 4008/4008 4009/4009 4051/4051 4050/4050
f 4009/4009 4010/4010 4052/4052 4051/4051
f 4010/4010 4011/4011 4053/4053 4052/4052
f 4011/4011 4012/4012 4054/4054 4053/4053
f 4012/4012 4013/4013 4055/4055 4054/4054
f 4013/4013 4014/4014 4056/4056 4055/4055
f 4014/4014 4015/4015 4057/4057 4056/4056
f 4015/4015 4016/4016 4058/4058 4057/4057
f 4016/4016 4017/4017 4059/4059 4058/4058
f 4017/4017 4018/4018 4060/4060 4059/4059
f 4018/4018 4019/4019 4061/4061 4060/4060
f 4019/4019 4020/4020 4062/4062 4061/4061
f 4020/4020 4021/4021 4063/4063 4062/4062
f 4021/4021 4022/4022 4064/4064 4063/4063
f 4022/4022 4023/4023 4065/4065 4064/4064
f 4023/4023 4024/4024 4066/4066 4065/4065
f 4024/4024 4025/4025 4067/4067 4066/4066
f 4025/4025 4026/4026 4068/4068 4067/4067
f 4026/4026 4027/4027 4069/4069 4068/4068
f 4027/4027 4028/4028 4070/4070 4069/4069
f 4028/4028 4029/4029 4071/4071 4070/4070
f 4029/4029 4030/4030 4072/4072 4071/4071
f 4030/4030 4031/4031 4073/4073 4072/4072
f 4031/4031 4032/4032 4074/4074 4073/4073
f 4075/4075 4076/4076 4118/4118 4117/4117
f 4076/4076 4077/4077 4119/4119 4118/4118
f 4077/4077 4078/4078 4120/4120 4119/4119
f 4078/4078 4079/4079 4121/4121 4120/4120
f 4079/4079 4080/4080 4122/4122 4121/4121
f 4080/4080 4081/4081 4123/4123 4122/4122
f 4081/4081 4082/4082 4124/4124 4123/4123
f 4082/4082 4083/4083 4125/4125 4124/4124
f 4083/4083 4084/4084 4126/4126 4125/4125
f 4084/4084 4085/4085 4127/4127 4126/4126
f 4085/4085 4086/4086 4128/4128 4127/4127
f 4086/4086 4087/4087 4129/4129 4128/4128
f 4087/4087 4088/4088 4130/4130 4129/4129
f 4088/4088 4089/4089 4131/4131 4130/4130
f 4089/4089 4090/4090 4132/4132 4131/4131
f 4090/4090 4091/4091 4133/4133 4132/4132
f 4091/4091 4092/4092 4134/4134 4133/4133
f 4092/4092 4093/4093 4135/4135 4134/4134
f 4093/4093 4094/4094 4136/4136 4135/4135
f 4094/4094 4095/4095 4137/4137 4136/4136
f 4095/4095 4096/4096 4138/4138 4137/4137
f 4096/4096 4097/4097 4139/4139 4138/4138
f 4097/4097 4098/4098 4140/4140 4139/4139
f 4098/4098 4099/4099 4141/4141 4140/4140
f 4099/4099 4100/4100 4142/4142 4141/4141
f 4100/4100 4101/4101 4143/4143 4142/4142
f 4101/4101 4102/4102 4144/4144 4143/4143
f 4102/4102 4103/4103 4145/4145 4144/4144
f 4103/4103 4104/4104 4146/4146 4145/4145
f 4104/4104 4105/4105 4147/4147 4146/4146
f 4105/4105 4106/4106 4148/4148 4147/4147
f 4106/4106 4107/4107 4149/4149 4148/4148
f 4107/4107 4108/4108 4150/4150 4149/4149
f 4108/4108 4109/4109 4151/4151 4150/4150
f 4109/4109 4110/4110 4152/4152 4151/4151
f 4110/4110 4111/4111 4153/4153 4152/4152
f 4111/4111 4112/4112 4154/4154 4153/4153
f 4112/4112 4113/4113 4155/4155 4154/4154
f 4113/4113 4114/4114 4156/4156 4155/4155
f 4114/4114 4115/4115 4157/4157 4156/4156
f 4115/4115 4116/4116 4158/4158 4157/4157
f 4117/4117 4118/4118 3908/3908 3907/3907
f 4118/4118 4119/4119 3909/3909 3908/3908
f 4119/4119 4120/4120 3910/3910 3909/3909
f 4120/4120 4121/4121 3911/3911 3910/3910
f 4121/4121 4122/4122 3912/3912 3911/3911
f 4122/4122 4123/4123 3913/3913 3912/3912
f 4123/4123 4124/4124 3914/3914 3913/3913
f 4124/4124 4125/4125 3915/3915 3914/3914
f 4125/4125 4126/4126 3916/3916 3915/3915
f 4126/4126 4127/4127 3917/3917 3916/3916
f 4127/4127 4128/4128 3918/3918 3917/3917
f 4128/4128 4129/4129 3919/3919 3918/3918
f 4129/4129 4130/4130 3920/3920 3919/3919
f 4130/4130 4131/4131 3921/3921 3920/3920
f 4131/4131 4132/4132 3922/3922 3921/3921
f 4132/4132 4133/4133 3923/3923 3922/3922
f 4133/4133 4134/4134 3924/3924 3923/3923
f 4134/4134 4135/4135 3925/3925 3924/3924
f 4135/4135 4136/4136 3926/3926 3925/3925
f 4136/4136 4137/4137 3927/3927 3926/3926
f 4137/4137 4138/4138 3928/3928 3927/3927
f 4138/4138 4139/4139 3929/3929 3928/3928
f 4139/4139 4140/4140 3930/3930 3929/3929
f 4140/4140 4141/4141 3931/3931 3930/3930
f 4141/4141 4142/4142 3932/3932 3931/3931
f 4142/4142 4143/4143 3933/3933 3932/3932
f 4143/4143 4144/4144 3934/3934 3933/3933
f 4144/4144 4145/4145 3935/3935 3934/3934
f 4145/4145 4146/4146 3936/3936 3935/3935
f 4146/4146 4147/4147 3937/3937 3936/3936
f 4147/4147 4148/4148 3938/3938 3937/3937
f 4148/4148 4149/4149 3939/3939 3938/3938
f 4149/4149 4150/4150 3940/3940 3939/3939
f 4150/4150 4151/4151 3941/3941 3940/3940
f 4151/4151 4152/4152 3942/3942 3941/3941
f 4152/4152 4153/4153 3943/3943 3942/3942
f 4153/4153 4154/4154 3944/3944 3943/3943
f 4154/4154 4155/4155 3945/3945 3944/3944
f 4155/4155 4156/4156 3946/3946 3945/3945
f 4156/4156 4157/4157 3947/3947 3946/3946
f 4157/4157 4158/4158 3948/3948 3947/3947
f 4159/4159 4160/4160 4161/4161
f 4159/4159 4161/4161 4162/4162
f 4163/4163 4164/4164 4165/4165
f 4163/4163 4165/4165 4166/4166
f 4210/4210 4211/4211 4254/4254 4253/4253
f 4211/4211 4212/4212 4255/4255 4254/4254
f 4212/4212 4213/4213 4256/4256 4255/4255
f 4213/4213 4214/4214 4257/4257 4256/4256
f 4214/4214 4215/4215 4258/4258 4257/4257
f 4215/4215 4216/4216 4259/4259 4258/4258
f 4216/4216 4217/4217 4260/4260 4259/4259
f 4217/4217 4218/4218 4261/4261 4260/4260
f 4218/4218 4219/4219 4262/4262 4261/4261
f 4219/4219 4220/4220 4263/4263 4262/4262
f 4220/4220 4221/4221 4264/4264 4263/4263
f 4221/4221 4222/4222 4265/4265 4264/4264
f 4222/4222 4223/4223 4266/4266 4265/4265
f 4223/4223 4224/4224 4267/4267 4266/4266
f 4224/4224 4225/4225 4268/4268 4267/4267
f 4225/4225 4226/4226 4269/4269 4268/4268
f 4226/4226 4227/4227 4270/4270 4269/4269
f 4227/4227 4228/4228 4271/4271 4270/4270
f 4228/4228 4229/4229 4272/4272 4271/4271
f 4229/4229 4230/4230 4273/4273 4272/4272
f 4230/4230 4231/4231 4274/4274 4273/4273
f 4231/4231 4232/4232 4275/4275 4274/4274
f 4232/4232 4233/4233 4276/4276 4275/4275
f 4233/4233 4234/4234 4277/4277 4276/4276
f 4234/4234 4235/4235 4278/4278 4277/4277
f 4235/4235 4236/4236 4279/4279 4278/4278
f 4236/4236 4237/4237 4280/4280 4279/4279
f 4237/4237 4238/4238 4281/4281 4280/4280
f 4238/4238 4239/4239 4282/4282 4281/4281
f 4239/4239 4240/4240 4283/4283 4282/4282
f 4240/4240 4241/4241 4284/4284 4283/4283
f 4241/4241 4242/4242 4285/4285 4284/4284
f 4242/4242 4243/4243 4286/4286 4285/4285
f 4243/4243 4244/4244 4287/4287 4286/4286
f 4244/4244 4245/4245 4288/4288 4287/4287
f 4245/4245 4246/4246 4289/4289 4288/4288
f 4246/4246 4247/4247 4290/4290 4289/4289
f 4247/4247 4248/4248 4291/4291 4290/4290
f 4248/4248 4249/4249 4292/4292 4291/4291
f 4249/4249 4250/4250 4293/4293 4292/4292
f 4250/4250 4251/4251 4294/4294 4293/4293
f 4251/4251 4252/4252 4295/4295 4294/4294
f 4253/4253 4254/4254 4297/4297 4296/4296
f 4254/4254 4255/4255 4298/4298 4297/4297
f 4255/4255 4256/4256 4299/4299 4298/4298
f 4256/4256 4257/4257 4300/4300 4299/4299
f 4257/4257 4258/4258 4301/4301 4300/4300
f 4258/4258 4259/4259 4302/4302 4301/4301
f 4259/4259 4260/4260 4303/4303 4302/4302
f 4260/4260 4261/4261 4304/4304 4303/4303
f 4261/4261 4262/4262 4305/4305 4304/4304
f 4262/4262 4263/4263 4306/4306 4305/4305
f 4263/4263 4264/4264 4307/4307 4306/4306
f 4264/4264 4265/4265 4308/4308 4307/4307
f 4265/4265 4266/4266 4309/4309 4308/4308
f 4266/4266 4267/4267 4310/4310 4309/4309
f 4267/4267 4268/4268 4311/4311 4310/4310
f 4268/4268 4269/4269 4312/4312 4311/4311
f 4269/4269 4270/4270 4313/4313 4312/4312
f 4270/4270 4271/4271 4314/4314 4313/4313
f 4271/4271 4272/4272 4315/4315 4314/4314
f 4272/4272 4273/4273 4316/4316 4315/4315
f 4273/4273 4274/4274 4317/4317 4316/4316
f 4274/4274 4275/4275 4318/4318 4317/4317
f 4275/4275 4276/4276 4319/4319 4318/4318
f 4276/4276 4277/4277 4320/4320 4319/4319
f 4277/4277 4278/4278 4321/4321 4320/4320
f 4278/4278 4279/4279 4322/4322 4321/4321
f 4279/4279 4280/4280 4323/4323 4322/4322
f 4280/4280 4281/4281 4324/4324 4323/4323
f 4281/4281 4282/4282 4325/4325 4324/4324
f 4282/4282 4283/4283 4326/4326 4325/4325
f 4283/4283 4284/4284 4327/4327 4326/4326
f 4284/4284 4285/4285 4328/4328 4327/4327
f 4285/4285 4286/4286 4329/4329 4328/4328
f 4286/4286 4287/4287 4330/4330 4329/4329
f 4287/4287 4288/4288 4331/4331 4330/4330
f 4288/4288 4289/4289 4332/4332 4331/4331
f 4289/4289 4290/4290 4333/4333 4332/4332
f 4290/4290 4291/4291 4334/4334 4333/4333
f 4291/4291 4292/4292 4335/4335 4334/4334
f 4292/4292 4293/4293 4336/4336 4335/4335
f 4293/4293 4294/4294 4337/4337 4336/4336
f 4294/4294 4295/4295 4338/4338 4337/4337
f 4339/4339 4340/4340 4383/4383 4382/4382
f 4340/4340 4341/4341 4384/4384 4383/4383
f 4341/4341 4342/4342 4385/4385 4384/4384
f 4342/4342 4343/4343 4386/4386 4385/4385
f 4343/4343 4344/4344 4387/4387 4386/4386
f 4344/4344 4345/4345 4388/4388 4387/4387
f 4345/4345 4346/4346 4389/4389 4388/4388
f 4346/4346 4347/4347 4390/4390 4389/4389
f 4347/4347 4348/4348 4391/4391 4390/4390
f 4348/4348 4349/4349 4392/4392 4391/4391
f 4349/4349 4350/4350 4393/4393 4392/4392
f 4350/4350 4351/4351 4394/4394 4393/4393
f 4351/4351 4352/4352 4395/4395 4394/4394
f 4352/4352 4353/4353 4396/4396 4395/4395
f 4353/4353 4354/4354 4397/4397 4396/4396
f 4354/4354 4355/4355 4398/4398 4397/4397
f 4355/4355 4356/4356 4399/4399 4398/4398
f 4356/4356 4357/4357 4400/4400 4399/4399
f 4357/4357 4358/4358 4401/4401 4400/4400
f 4358/4358 4359/4359 4402/4402 4401/4401
f 4359/4359 4360/4360 4403/4403 4402/4402
f 4360/4360 4361/4361 4404/4404 4403/4403
f 4361/4361 4362/4362 4405/4405 4404/4404
f 4362/4362 4363/4363 4406/4406 4405/4405
f 4363/4363 4364/4364 4407/4407 4406/4406
f 4364/4364 4365/4365 4408/4408 4407/4407
f 4365/4365 4366/4366 4409/4409 4408/4408
f 4366/4366 4367/4367 4410/4410 4409/4409
f 4367/4367 4368/4368 4411/4411 4410/4410
f 4368/4368 4369/4369 4412/4412 4411/4411
f 4369/4369 4370/4370 4413/4413 4412/4412
f 4370/4370 4371/4371 4414/4414 4413/4413
f 4371/4371 4372/4372 4415/4415 4414/4414
f 4372/4372 4373/4373 4416/4416 4415/4415
f 4373/4373 4374/4374 4417/4417 4416/4416
f 4374/4374 4375/4375 4418/4418 4417/4417
f 4375/4375 4376/4376 4419/4419 4418/4418
f 4376/4376 4377/4377 4420/4420 4419/4419
f 4377/4377 4378/4378 4421/4421 4420/4420
f 4378/4378 4379/4379 4422/4422 4421/4421
f 4379/4379 4380/4380 4423/4423 4422/4422
f 4380/4380 4381/4381 4424/4424 4423/4423
f 4382/4382 4383/4383 4168/4168 4167/4167
f 4383/4383 4384/4384 4169/4169 4168/4168
f 4384/4384 4385/4385 4170/4170 4169/4169
f 4385/4385 4386/4386 4171/4171 4170/4170
f 4386/4386 4387/4387 4172/4172 4171/4171
f 4387/4387 4388/4388 4173/4173 4172/4172
f 4388/4388 4389/4389 4174/4174 4173/4173
f 4389/4389 4390/4390 4175/4175 4174/4174
f 4390/4390 4391/4391 4176/4176 4175/4175
f 4391/4391 4392/4392 4177/4177 4176/4176
f 4392/4392 4393/4393 4178/4178 4177/4177
f 4393/4393 4394/4394 4179/4179 4178/4178
f 4394/4394 4395/4395 4180/4180 4179/4179
f 4395/4395 4396/4396 4181/4181 4180/4180
f 4396/4396 4397/4397 4182/4182 4181/4181
f 4397/4397 4398/4398 4183/4183 4182/4182
f 4398/4398 4399/4399 4184/4184 4183/4183
f 4399/4399 4400/4400 4185/4185 4184/4184
f 4400/4400 4401/4401 4186/4186 4185/4185
f 4401/4401 4402/4402 4187/4187 4186/4186
f 4402/4402 4403/4403 4188/4188 4187/4187
f 4403/4403 4404/4404 4189/4189 4188/4188
f 4404/4404 4405/4405 4190/4190 4189/4189
f 4405/4405 4406/4406 4191/4191 4190/4190
f 4406/4406 4407/4407 4192/4192 4191/4191
f 4407/4407 4408/4408 4193/4193 4192/4192
f 4408/4408 4409/4409 4194/4194 4193/4193
f 4409/4409 4410/4410 4195/4195 4194/4194
f 4410/4410 4411/4411 4196/4196 4195/4195
f 4411/4411 4412/4412 4197/4197 4196/4196
f 4412/4412 4413/4413 4198/4198 4197/4197
f 4413/4413 4414/4414 4199/4199 4198/4198
f 4414/4414 4415/4415 4200/4200 4199/4199
f 4415/4415 4416/4416 4201/4201 4200/4200
f 4416/4416 4417/4417 4202/4202 4201/4201
f 4417/4417 4418/4418 4203/4203 4202/4202
f 4418/4418 4419/4419 4204/4204 4203/4203
f 4419/4419 4420/4420 4205/4205 4204/4204
f 4420/4420 4421/4421 4206/4206 4205/4205
f 4421/4421 4422/4422 4207/4207 4206/4206
f 4422/4422 4423/4423 4208/4208 4207/4207
f 4423/4423 4424/4424 4209/4209 4208/4208
f 4425/4425 4426/4426 4427/4427
f 4425/4425 4427/4427 4428/4428
f 4429/4429 4430/4430 4431/4431
f 4429/4429 4431/4431 4432/4432
f 4476/4476 4477/4477 4520/4520 4519/4519
f 4477/4477 4478/4478 4521/4521 4520/4520
f 4478/4478 4479/4479 4522/4522 4521/4521
f 4479/4479 4480/4480 4523/4523 4522/4522
f 4480/4480 4481/4481 4524/4524 4523/4523
f 4481/4481 4482/4482 4525/4525 4524/4524
f 4482/4482 4483/4483 4526/4526 4525/4525
f 4483/4483 4484/4484 4527/4527 4526/4526
f 4484/4484 4485/4485 4528/4528 4527/4527
f 4485/4485 4486/4486 4529/4529 4528/4528
f 4486/4486 4487/4487 4530/4530 4529/4529
f 4487/4487 4488/4488 4531/4531 4530/4530
f 4488/4488 4489/4489 4532/4532 4531/4531
f 4489/4489 4490/4490 4533/4533 4532/4532
f 4490/4490 4491/4491 4534/4534 4533/4533
f 4491/4491 4492/4492 4535/4535 4534/4534
f 4492/4492 4493/4493 4536/4536 4535/4535
f 4493/4493 4494/4494 4537/4537 4536/4536
f 4494/4494 4495/4495 4538/4538 4537/4537
f 4495/4495 4496/4496 4539/4539 4538/4538
f 4496/4496 4497/4497 4540/4540 4539/4539
f 4497/4497 4498/4498 4541/4541 4540/4540
f 4498/4498 4499/4499 4542/4542 4541/4541
f 4499/4499 4500/4500 4543/4543 4542/4542
f 4500/4500 4501/4501 4544/4544 4543/4543
f 4501/4501 4502/4502 4545/4545 4544/4544
f 4502/4502 4503/4503 4546/4546 4545/4545
f 4503/4503 4504/4504 4547/4547 4546/4546
f 4504/4504 4505/4505 4548/4548 4547/4547
f 4505/4505 4506/4506 4549/4549 4548/4548
f 4506/4506 4507/4507 4550/4550 4549/4549
f 4507/4507 4508/4508 4551/4551 4550/4550
f 4508/4508 4509/4509 4552/4552 4551/4551
f 4509/4509 4510/4510 4553/4553 4552/4552
f 4510/4510 4511/4511 4554/4554 4553/4553
f 4511/4511 4512/4512 4555/4555 4554/4554
f 4512/4512 4513/4513 4556/4556 4555/4555
f 4513/4513 4514/4514 4557/4557 4556/4556
f 4514/4514 4515/4515 4558/4558 4557/4557
f 4515/4515 4516/4516 4559/4559 4558/4558
f 4516/4516 4517/4517 4560/4560 4559/4559
f 4517/4517 4518/4518 4561/4561 4560/4560
f 4519/4519 4520/4520 4563/4563 4562/4562
f 4520/4520 4521/4521 4564/4564 4563/4563
f 4521/4521 4522/4522 4565/4565 4564/4564
f 4522/4522 4523/4523 4566/4566 4565/4565
f 4523/4523 4524/4524 4567/4567 4566/4566
f 4524/4524 4525/4525 4568/4568 4567/4567
f 4525/4525 4526/4526 4569/4569 4568/4568
f 4526/4526 4527/4527 4570/4570 4569/4569
f 4527/4527 4528/4528 4571/4571 4570/4570
f 4528/4528 4529/4529 4572/4572 4571/4571
f 4529/4529 4530/4530 4573/4573 4572/4572
f 4530/4530 4531/4531 4574/4574 4573/4573
f 4531/4531 4532/4532 4575/4575 4574/4574
f 4532/4532 4533/4533 4576/4576 4575/4575
f 4533/4533 4534/4534 4577/4577 4576/4576
f 4534/4534 4535/4535 4578/4578 4577/4577
f 4535/4535 4536/4536 4579/4579 4578/4578
f 4536/4536 4537/4537 4580/4580 4579/4579
f 4537/4537 4538/4538 4581/4581 4580/4580
f 4538/4538 4539/4539 4582/4582 4581/4581
f 4539/4539 4540/4540 4583/4583 4582/4582
f 4540/4540 4541/4541 4584/4584 4583/4583
f 4541/4541 4542/4542 4585/4585 4584/4584
f 4542/4542 4543/4543 4586/4586 4585/4585
f 4543/4543 4544/4544 4587/4587 4586/4586
f 4544/4544 4545/4545 4588/4588 4587/4587
f 4545/4545 4546/4546 4589/4589 4588/4588
f 4546/4546 4547/4547 4590/4590 4589/4589
f 4547/4547 4548/4548 4591/4591 4590/4590
f 4548/4548 4549/4549 4592/4592 4591/4591
f 4549/4549 4550/4550 4593/4593 4592/4592
f 4550/4550 4551/4551 4594/4594 4593/4593
f 4551/4551 4552/4552 4595/4595 4594/4594
f 4552/4552 4553/4553 4596/4596 4595/4595
f 4553/4553 4554/4554 4597/4597 4596/4596
f 4554/4554 4555/4555 4598/4598 4597/4597
f 4555/4555 4556/4556 4599/4599 4598/4598
f 4556/4556 4557/4557 4600/4600 4599/4599
f 4557/4557 4558/4558 4601/4601 4600/4600
f 4558/4558 4559/4559 4602/4602 4601/4601
f 4559/4559 4560/4560 4603/4603 4602/4602
f 4560/4560 4561/4561 4604/4604 4603/4603
f 4605/4605 4606/4606 4649/4649 4648/4648
f 4606/4606 4607/4607 4650/4650 4649/4649
f 4607/4607 4608/4608 4651/4651 4650/4650
f 4608/4608 4609/4609 4652/4652 4651/4651
f 4609/4609 4610/4610 4653/4653 4652/4652
f 4610/4610 4611/4611 4654/4654 4653/4653
f 4611/4611 4612/4612 4655/4655 4654/4654
f 4612/4612 4613/4613 4656/4656 4655/4655
f 4613/4613 4614/4614 4657/4657 4656/4656
f 4614/4614 4615/4615 4658/4658 4657/4657
f 4615/4615 4616/4616 4659/4659 4658/4658
f 4616/4616 4617/4617 4660/4660 4659/4659
f 4617/4617 4618/4618 4661/4661 4660/4660
f 4618/4618 4619/4619 4662/4662 4661/4661
f 4619/4619 4620/4620 4663/4663 4662/4662
f 4620/4620 4621/4621 4664/4664 4663/4663
f 4621/4621 4622/4622 4665/4665 4664/4664
f 4622/4622 4623/4623 4666/4666 4665/4665
f 4623/4623 4624/4624 4667/4667 4666/4666
f 4624/4624 4625/4625 4668/4668 4667/4667
f 4625/4625 4626/4626 4669/4669 4668/4668
f 4626/4626 4627/4627 4670/4670 4669/4669
f 4627/4627 4628/4628 4671/4671 4670/4670
f 4628/4628 4629/4629 4672/4672 4671/4671
f 4629/4629 4630/4630 4673/4673 4672/4672
f 4630/4630 4631/4631 4674/4674 4673/4673
f 4631/4631 4632/4632 4675/4675 4674/4674
f 4632/4632 4633/4633 4676/4676 4675/4675
f 4633/4633 4634/4634 4677/4677 4676/4676
f 4634/4634 4635/4635 4678/4678 4677/4677
f 4635/4635 4636/4636 4679/4679 4678/4678
f 4636/4636 4637/4637 4680/4680 4679/4679
f 4637/4637 4638/4638 4681/4681 4680/4680
f 4638/4638 4639/4639 4682/4682 4681/4681
f 4639/4639 4640/4640 4683/4683 4682/4682
f 4640/4640 4641/4641 4684/4684 4683/4683
f 4641/4641 4642/4642 4685/4685 4684/4684
f 4642/4642 4643/4643 4686/4686 4685/4685
f 4643/4643 4644/4644 4687/4687 4686/4686
f 4644/4644 4645/4645 4688/4688 4687/4687
f 4645/4645 4646/4646 4689/4689 4688/4688
f 4646/4646 4647/4647 4690/4690 4689/4689
f 4648/4648 4649/4649 4434/4434 4433/4433
f 4649/4649 4650/4650 4435/4435 4434/4434
f 4650/4650 4651/4651 4436/4436 4435/4435
f 4651/4651 4652/4652 4437/4437 4436/4436
f 4652/4652 4653/4653 4438/4438 4437/4437
f 4653/4653 4654/4654 4439/4439 4438/4438
f 4654/4654 4655/4655 4440/4440 4439/4439
f 4655/4655 4656/4656 4441/4441 4440/4440
f 4656/4656 4657/4657 4442/4442 4441/4441
f 4657/4657 4658/4658 4443/4443 4442/4442
f 4658/4658 4659/4659 4444/4444 4443/4443
f 4659/4659 4660/4660 4445/4445 4444/4444
f 4660/4660 4661/4661 4446/4446 4445/4445
f 4661/4661 4662/4662 4447/4447 4446/4446
f 4662/4662 4663/4663 4448/4448 4447/4447
f 4663/4663 4664/4664 4449/4449 4448/4448
f 4664/4664 4665/4665 4450/4450 4449/4449
f 4665/4665 4666/4666 4451/4451 4450/4450
f 4666/4666 4667/4667 4452/4452 4451/4451
f 4667/4667 4668/4668 4453/4453 4452/4452
f 4668/4668 4669/4669 4454/4454 4453/4453
f 4669/4669 4670/4670 4455/4455 4454/4454
f 4670/4670 4671/4671 4456/4456 4455/4455
f 4671/4671 4672/4672 4457/4457 4456/4456
f 4672/4672 4673/4673 4458/4458 4457/4457
f 4673/4673 4674/4674 4459/4459 4458/4458
f 4674/4674 4675/4675 4460/4460 4459/4459
f 4675/4675 4676/4676 4461/4461 4460/4460
f 4676/4676 4677/4677 4462/4462 4461/4461
f 4677/4677 4678/4678 4463/4463 4462/4462
f 4678/4678 4679/4679 4464/4464 4463/4463
f 4679/4679 4680/4680 4465/4465 4464/4464
f 4680/4680 4681/4681 4466/4466 4465/4465
f 4681/4681 4682/4682 4467/4467 4466/4466
f 4682/4682 4683/4683 4468/4468 4467/4467
f 4683/4683 4684/4684 4469/4469 4468/4468
f 4684/4684 4685/4685 4470/4470 4469/4469
f 4685/4685 4686/4686 4471/4471 4470/4470
f 4686/4686 4687/4687 4472/4472 4471/4471
f 4687/4687 4688/4688 4473/4473 4472/4472
f 4688/4688 4689/4689 4474/4474 4473/4473
f 4689/4689 4690/4690 4475/4475 4474/4474
f 4691/4691 4692/4692 4693/4693
f 4691/4691 4693/4693 4694/4694
f 4695/4695 4696/4696 4697/4697
f 4695/4695 4697/4697 4698/4698
f 4742/4742 4743/4743 4786/4786 4785/4785
f 4743/4743 4744/4744 4787/4787 4786/4786
f 4744/4744 4745/4745 4788/4788 4787/4787
f 4745/4745 4746/4746 4789/4789 4788/4788
f 4746/4746 4747/4747 4790/4790 4789/4789
f 4747/4747 4748/4748 4791/4791 4790/4790
f 4748/4748 4749/4749 4792/4792 4791/4791
f 4749/4749 4750/4750 4793/4793 4792/4792
f 4750/4750 4751/4751 4794/4794 4793/4793
f 4751/4751 4752/4752 4795/4795 4794/4794
f 4752/4752 4753/4753 4796/4796 4795/4795
f 4753/4753 4754/4754 4797/4797 4796/4796
f 4754/4754 4755/4755 4798/4798 4797/4797
f 4755/4755 4756/4756 4799/4799 4798/4798
f 4756/4756 4757/4757 4800/4800 4799/4799
f 4757/4757 4758/4758 4801/4801 4800/4800
f 4758/4758 4759/4759 4802/4802 4801/4801
f 4759/4759 4760/4760 4803/4803 4802/4802
f 4760/4760 4761/4761 4804/4804 4803/4803
f 4761/4761 4762/4762 4805/4805 4804/4804
f 4762/4762 4763/4763 4806/4806 4805/4805
f 4763/4763 4764/4764 4807/4807 4806/4806
f 4764/4764 4765/4765 4808/4808 4807/4807
f 4765/4765 4766/4766 4809/4809 4808/4808
f 4766/4766 4767/4767 4810/4810 4809/4809
f 4767/4767 4768/4768 4811/4811 4810/4810
f 4768/4768 4769/4769 4812/4812 4811/4811
f 4769/4769 4770/4770 4813/4813 4812/4812
f 4770/4770 4771/4771 4814/4814 4813/4813
f 4771/4771 4772/4772 4815/4815 4814/4814
f 4772/4772 4773/4773 4816/4816 4815/4815
f 4773/4773 4774/4774 4817/4817 4816/4816
f 4774/4774 4775/4775 4818/4818 4817/4817
f 4775/4775 4776/4776 4819/4819 4818/4818
f 4776/4776 4777/4777 4820/4820 4819/4819
f 4777/4777 4778/4778 4821/4821 4820/4820
f 4778/4778 4779/4779 4822/4822 4821/4821
f 4779/4779 4780/4780 4823/4823 4822/4822
f 4780/4780 4781/4781 4824/4824 4823/4823
f 4781/4781 4782/4782 4825/4825 4824/4824
f 4782/4782 4783/4783 4826/4826 4825/4825
f 4783/4783 4784/4784 4827/4827 4826/4826
f 4785/4785 4786/4786 4829/4829 4828/4828
f 4786/4786 4787/4787 4830/4830 4829/4829
f 4787/4787 4788/4788 4831/4831 4830/4830
f 4788/4788 4789/4789 4832/4832 4831/4831
f 4789/4789 4790/4790 4833/4833 4832/4832
f 4790/4790 4791/4791 4834/4834 4833/4833
f 4791/4791 4792/4792 4835/4835 4834/4834
f 4792/4792 4793/4793 4836/4836 4835/4835
f 4793/4793 4794/4794 4837/4837 4836/4836
f 4794/4794 4795/4795 4838/4838 4837/4837
f 4795/4795 4796/4796 4839/4839 4838/4838
f 4796/4796 4797/4797 4840/4840 4839/4839
f 4797/4797 4798/4798 4841/4841 4840/4840
f 4798/4798 4799/4799 4842/4842 4841/4841
f 4799/4799 4800/4800 4843/4843 4842/4842
f 4800/4800 4801/4801 4844/4844 4843/4843
f 4801/4801 4802/4802 4845/4845 4844/4844
f 4802/4802 4803/4803 4846/4846 4845/4845
f 4803/4803 4804/4804 4847/4847 4846/4846
f 4804/4804 4805/4805 4848/4848 4847/4847
f 4805/4805 4806/4806 4849/4849 4848/4848
f 4806/4806 4807/4807 4850/4850 4849/4849
f 4807/4807 4808/4808 4851/4851 4850/4850
f 4808/4808 4809/4809 4852/4852 4851/4851
f 4809/4809 4810/4810 4853/4853 4852/4852
f 4810/4810 4811/4811 4854/4854 4853/4853
f 4811/4811 4812/4812 4855/4855 4854/4854
f 4812/4812 4813/4813 4856/4856 4855/4855
f 4813/4813 4814/4814 4857/4857 4856/4856
f 4814/4814 4815/4815 4858/4858 4857/4857
f 4815/4815 4816/4816 4859/4859 4858/4858
f 4816/4816 4817/4817 4860/4860 4859/4859
f 4817/4817 4818/4818 4861/4861 4860/4860
f 4818/4818 4819/4819 4862/4862 4861/4861
f 4819/4819 4820/4820 4863/4863 4862/4862
f 4820/4820 4821/4821 4864/4864 4863/4863
f 4821/4821 4822/4822 4865/4865 4864/4864
f 4822/4822 4823/4823 4866/4866 4865/4865
f 4823/4823 4824/4824 4867/4867 4866/4866
f 4824/4824 4825/4825 4868/4868 4867/4867
f 4825/4825 4826/4826 4869/4869 4868/4868
f 4826/4826 4827/4827 4870/4870 4869/4869
f 4871/4871 4872/4872 4915/4915 4914/4914
f 4872/4872 4873/4873 4916/4916 4915/4915
f 4873/4873 4874/4874 4917/4917 4916/4916
f 4874/4874 4875/4875 4918/4918 4917/4917
f 4875/4875 4876/4876 4919/4919 4918/4918
f 4876/4876 4877/4877 4920/4920 4919/4919
f 4877/4877 4878/4878 4921/4921 4920/4920
f 4878/4878 4879/4879 4922/4922 4921/4921
f 4879/4879 4880/4880 4923/4923 4922/4922
f 4880/4880 4881/4881 4924/4924 4923/4923
f 4881/4881 4882/4882 4925/4925 4924/4924
f 4882/4882 4883/4883 4926/4926 4925/4925
f 4883/4883 4884/4884 4927/4927 4926/4926
f 4884/4884 4885/4885 4928/4928 4927/4927
f 4885/4885 4886/4886 4929/4929 4928/4928
f 4886/4886 4887/4887 4930/4930 4929/4929
f 4887/4887 4888/4888 4931/4931 4930/4930
f 4888/4888 4889/4889 4932/4932 4931/4931
f 4889/4889 4890/4890 4933/4933 4932/4932
f 4890/4890 4891/4891 4934/4934 4933/4933
f 4891/4891 4892/4892 4935/4935 4934/4934
f 4892/4892 4893/4893 4936/4936 4935/4935
f 4893/4893 4894/4894 4937/4937 4936/4936
f 4894/4894 4895/4895 4938/4938 4937/4937
f 4895/4895 4896/4896 4939/4939 4938/4938
f 4896/4896 4897/4897 4940/4940 4939/4939
f 4897/4897 4898/4898 4941/4941 4940/4940
f 4898/4898 4899/4899 4942/4942 4941/4941
f 4899/4899 4900/4900 4943/4943 4942/4942
f 4900/4900 4901/4901 4944/4944 4943/4943
f 4901/4901 4902/4902 4945/4945 4944/4944
f 4902/4902 4903/4903 4946/4946 4945/4945
f 4903/4903 4904/4904 4947/4947 4946/4946
f 4904/4904 4905/4905 4948/4948 4947/4947
f 4905/4905 4906/4906 4949/4949 4948/4948
f 4906/4906 4907/4907 4950/4950 4949/4949
f 4907/4907 4908/4908 4951/4951 4950/4950
f 4908/4908 4909/4909 4952/4952 4951/4951
f 4909/4909 4910/4910 4953/4953 4952/4952
f 4910/4910 4911/4911 4954/4954 4953/4953
f 4911/4911 4912/4912 4955/4955 4954/4954
f 4912/4912 4913/4913 4956/4956 4955/4955
f 4914/4914 4915/4915 4700/4700 4699/4699
f 4915/4915 4916/4916 4701/4701 4700/4700
f 4916/4916 4917/4917 4702/4702 4701/4701
f 4917/4917 4918/4918 4703/4703 4702/4702
f 4918/4918 4919/4919 4704/4704 4703/4703
f 4919/4919 4920/4920 4705/4705 4704/4704
f 4920/4920 4921/4921 4706/4706 4705/4705
f 4921/4921 4922/4922 4707/4707 4706/4706
f 4922/4922 4923/4923 4708/4708 4707/4707
f 4923/4923 4924/4924 4709/4709 4708/4708
f 4924/4924 4925/4925 4710/4710 4709/4709
f 4925/4925 4926/4926 4711/4711 4710/4710
f 4926/4926 4927/4927 4712/4712 4711/4711
f 4927/4927 4928/4928 4713/4713 4712/4712
f 4928/4928 4929/4929 4714/4714 4713/4713
f 4929/4929 4930/4930 4715/4715 4714/4714
f 4930/4930 4931/4931 4716/4716 4715/4715
f 4931/4931 4932/4932 4717/4717 4716/4716
f 4932/4932 4933/4933 4718/4718 4717/4717
f 4933/4933 4934/4934 4719/4719 4718/4718
f 4934/4934 4935/4935 4720/4720 4719/4719
f 4935/4935 4936/4936 4721/4721 4720/4720
f 4936/4936 4937/4937 4722/4722 4721/4721
f 4937/4937 4938/4938 4723/4723 4722/4722
f 4938/4938 4939/4939 4724/4724 4723/4723
f 4939/4939 4940/4940 4725/4725 4724/4724
f 4940/4940 4941/4941 4726/4726 4725/4725
f 4941/4941 4942/4942 4727/4727 4726/4726
f 4942/4942 4943/4943 4728/4728 4727/4727
f 4943/4943 4944/4944 4729/4729 4728/4728
f 4944/4944 4945/4945 4730/4730 4729/4729
f 4945/4945 4946/4946 4731/4731 4730/4730
f 4946/4946 4947/4947 4732/4732 4731/4731
f 4947/4947 4948/4948 4733/4733 4732/4732
f 4948/4948 4949/4949 4734/4734 4733/4733
f 4949/4949 4950/4950 4735/4735 4734/4734
f 4950/4950 4951/4951 4736/4736 4735/4735
f 4951/4951 4952/4952 4737/4737 4736/4736
f 4952/4952 4953/4953 4738/4738 4737/4737
f 4953/4953 4954/4954 4739/4739 4738/4738
f 4954/4954 4955/4955 4740/4740 4739/4739
f 4955/4955 4956/4956 4741/4741 4740/4740
f 4957/4957 4958/4958 4959/4959
f 4957/4957 4959/4959 4960/4960
f 4961/4961 4962/4962 4963/4963
f 4961/4961 4963/4963 4964/4964
f 5008/5008 5009/5009 5052/5052 5051/5051
f 5009/5009 5010/5010 5053/5053 5052/5052
f 5010/5010 5011/5011 5054/5054 5053/5053
f 5011/5011 5012/5012 5055/5055 5054/5054
f 5012/5012 5013/5013 5056/5056 5055/5055
f 5013/5013 5014/5014 5057/5057 5056/5056
f 5014/5014 5015/5015 5058/5058 5057/5057
f 5015/5015 5016/5016 5059/5059 5058/5058
f 5016/5016 5017/5017 5060/5060 5059/5059
f 5017/5017 5018/5018 5061/5061 5060/5060
f 5018/5018 5019/5019 5062/5062 5061/5061
f 5019/5019 5020/5020 5063/5063 5062/5062
f 5020/5020 5021/5021 5064/5064 5063/5063
f 5021/5021 5022/5022 5065/5065 5064/5064
f 5022/5022 5023/5023 5066/5066 5065/5065
f 5023/5023 5024/5024 5067/5067 5066/5066
f 5024/5024 5025/5025 5068/5068 5067/5067
f 5025/5025 5026/5026 5069/5069 5068/5068
f 5026/5026 5027/5027 5070/5070 5069/5069
f 5027/5027 5028/5028 5071/5071 5070/5070
f 5028/5028 5029/5029 5072/5072 5071/5071
f 5029/5029 5030/5030 5073/5073 5072/5072
f 5030/5030 5031/5031 5074/5074 5073/5073
f 5031/5031 5032/5032 5075/5075 5074/5074
f 5032/5032 5033/5033 5076/5076 5075/5075
f 5033/5033 5034/5034 5077/5077 5076/5076
f 5034/5034 5035/5035 5078/5078 5077/5077
f 5035/5035 5036/5036 5079/5079 5078/5078
f 5036/5036 5037/5037 5080/5080 5079/5079
f 5037/5037 5038/5038 5081/5081 5080/5080
f 5038/5038 5039/5039 5082/5082 5081/5081
f 5039/5039 5040/5040 5083/5083 5082/5082
f 5040/5040 5041/5041 5084/5084 5083/5083
f 5041/5041 5042/5042 5085/5085 5084/5084
f 5042/5042 5043/5043 5086/5086 5085/5085
f 5043/5043 5044/5044 5087/5087 5086/5086
f 5044/5044 5045/5045 5088/5088 5087/5087
f 5045/5045 5046/5046 5089/5089 5088/5088
f 5046/5046 5047/5047 5090/5090 5089/5089
f 5047/5047 5048/5048 5091/5091 5090/5090
f 5048/5048 5049/5049 5092/5092 5091/5091
f 5049/5049 5050/5050 5093/5093 5092/5092
f 5051/5051 5052/5052 5095/5095 5094/5094
f 5052/5052 5053/5053 5096/5096 5095/5095
f 5053/5053 5054/5054 5097/5097 5096/5096
f 5054/5054 5055/5055 5098/5098 5097/5097
f 5055/5055 5056/5056 5099/5099 5098/5098
f 5056/5056 5057/5057 5100/5100 5099/5099
f 5057/5057 5058/5058 5101/5101 5100/5100
f 5058/5058 5059/5059 5102/5102 5101/5101
f 5059/5059 5060/5060 5103/5103 5102/5102
f 5060/5060 5061/5061 5104/5104 5103/5103
f 5061/5061 5062/5062 5105/5105 5104/5104
f 5062/5062 5063/5063 5106/5106 5105/5105
f 5063/5063 5064/5064 5107/5107 5106/5106
f 5064/5064 5065/5065 5108/5108 5107/5107
f 5065/5065 5066/5066 5109/5109 5108/5108
f 5066/5066 5067/5067 5110/5110 5109/5109
f 5067/5067 5068/5068 5111/5111 5110/5110
f 5068/5068 5069/5069 5112/5112 5111/5111
f 5069/5069 5070/5070 5113/5113 5112/5112
f 5070/5070 5071/5071 5114/5114 5113/5113
f 5071/5071 5072/5072 5115/5115 5114/5114
f 5072/5072 5073/5073 5116/5116 5115/5115
f 5073/5073 5074/5074 5117/5117 5116/5116
f 5074/5074 5075/5075 5118/5118 5117/5117
f 5075/5075 5076/5076 5119/5119 5118/5118
f 5076/5076 5077/5077 5120/5120 5119/5119
f 5077/5077 5078/5078 5121/5121 5120/5120
f 5078/5078 5079/5079 5122/5122 5121/5121
f 5079/5079 5080/5080 5123/5123 5122/5122
f 5080/5080 5081/5081 5124/5124 5123/5123
f 5081/5081 5082/5082 5125/5125 5124/5124
f 5082/5082 5083/5083 5126/5126 5125/5125
f 5083/5083 5084/5084 5127/5127 5126/5126
f 5084/5084 5085/5085 5128/5128 5127/5127
f 5085/5085 5086/5086 5129/5129 5128/5128
f 5086/5086 5087/5087 5130/5130 5129/5129
f 5087/5087 5088/5088 5131/5131 5130/5130
f 5088/5088 5089/5089 5132/5132 5131/5131
f 5089/5089 5090/5090 5133/5133 5132/5132
f 5090/5090 5091/5091 5134/5134 5133/5133
f 5091/5091 5092/5092 5135/5135 5134/5134
f 5092/5092 5093/5093 5136/5136 5135/5135
f 5137/5137 5138/5138 5181/5181 5180/5180
f 5138/5138 5139/5139 5182/5182 5181/5181
f 5139/5139 5140/5140 5183/5183 5182/5182
f 5140/5140 5141/5141 5184/5184 5183/5183
f 5141/5141 5142/5142 5185/5185 5184/5184
f 5142/5142 5143/5143 5186/5186 5185/5185
f 5143/5143 5144/5144 5187/5187 5186/5186
f 5144/5144 5145/5145 5188/5188 5187/5187
f 5145/5145 5146/5146 5189/5189 5188/5188
f 5146/5146 5147/5147 5190/5190 5189/5189
f 5147/5147 5148/5148 5191/5191 5190/5190
f 5148/5148 5149/5149 5192/5192 5191/5191
f 5149/5149 5150/5150 5193/5193 5192/5192
f 5150/5150 5151/5151 5194/5194 5193/5193
f 5151/5151 5152/5152 5195/5195 5194/5194
f 5152/5152 5153/5153 5196/5196 5195/5195
f 5153/5153 5154/5154 5197/5197 5196/5196
f 5154/5154 5155/5155 5198/5198 5197/5197
f 5155/5155 5156/5156 5199/5199 5198/5198
f 5156/5156 5157/5157 5200/5200 5199/5199
f 5157/5157 5158/5158 5201/5201 5200/5200
f 5158/5158 5159/5159 5202/5202 5201/5201
f 5159/5159 5160/5160 5203/5203 5202/5202
f 5160/5160 5161/5161 5204/5204 5203/5203
f 5161/5161 5162/5162 5205/5205 5204/5204
f 5162/5162 5163/5163 5206/5206 5205/5205
f 5163/5163 5164/5164 5207/5207 5206/5206
f 5164/5164 5165/5165 5208/5208 5207/5207
f 5165/5165 5166/5166 5209/5209 5208/5208
f 5166/5166 5167/5167 5210/5210 5209/5209
f 5167/5167 5168/5168 5211/5211 5210/5210
f 5168/5168 5169/5169 5212/5212 5211/5211
f 5169/5169 5170/5170 5213/5213 5212/5212
f 5170/5170 5171/5171 5214/5214 5213/5213
f 5171/5171 5172/5172 5215/5215 5214/5214
f 5172/5172 5173/5173 5216/5216 5215/5215
f 5173/5173 5174/5174 5217/5217 5216/5216
f 5174/5174 5175/5175 5218/5218 5217/5217
f 5175/5175 5176/5176 5219/5219 5218/5218
f 5176/5176 5177/5177 5220/5220 5219/5219
f 5177/5177 5178/5178 5221/5221 5220/5220
f 5178/5178 5179/5179 5222/5222 5221/5221
f 5180/5180 5181/5181 4966/4966 4965/4965
f 5181/5181 5182/5182 4967/4967 4966/4966
f 5182/5182 5183/5183 4968/4968 4967/4967
f 5183/5183 5184/5184 4969/4969 4968/4968
f 5184/5184 5185/5185 4970/4970 4969/4969
f 5185/5185 5186/5186 4971/4971 4970/4970
f 5186/5186 5187/5187 4972/4972 4971/4971
f 5187/5187 5188/5188 4973/4973 4972/4972
f 5188/5188 5189/5189 4974/4974 4973/4973
f 5189/5189 5190/5190 4975/4975 4974/4974
f 5190/5190 5191/5191 4976/4976 4975/4975
f 5191/5191 5192/5192 4977/4977 4976/4976
f 5192/5192 5193/5193 4978/4978 4977/4977
f 5193/5193 5194/5194 4979/4979 4978/4978
f 5194/5194 5195/5195 4980/4980 4979/4979
f 5195/5195 5196/5196 4981/4981 4980/4980
f 5196/5196 5197/5197 4982/4982 4981/4981
f 5197/5197 5198/5198 4983/4983 4982/4982
f 5198/5198 5199/5199 4984/4984 4983/4983
f 5199/5199 5200/5200 4985/4985 4984/4984
f 5200/5200 5201/5201 4986/4986 4985/4985
f 5201/5201 5202/5202 4987/4987 4986/4986
f 5202/5202 5203/5203 4988/4988 4987/4987
f 5203/5203 5204/5204 4989/4989 4988/4988
f 5204/5204 5205/5205 4990/4990 4989/4989
f 5205/5205 5206/5206 4991/4991 4990/4990
f 5206/5206 5207/5207 4992/4992 4991/4991
f 5207/5207 5208/5208 4993/4993 4992/4992
f 5208/5208 5209/5209 4994/4994 4993/4993
f 5209/5209 5210/5210 4995/4995 4994/4994
f 5210/5210 5211/5211 4996/4996 4995/4995
f 5211/5211 5212/5212 4997/4997 4996/4996
f 5212/5212 5213/5213 4998/4998 4997/4997
f 5213/5213 5214/5214 4999/4999 4998/4998
f 5214/5214 5215/5215 5000/5000 4999/4999
f 5215/5215 5216/5216 5001/5001 5000/5000
f 5216/5216 5217/5217 5002/5002 5001/5001
f 5217/5217 5218/5218 5003/5003 5002/5002
f 5218/5218 5219/5219 5004/5004 5003/5003
f 5219/5219 5220/5220 5005/5005 5004/5004
f 5220/5220 5221/5221 5006/5006 5005/5005
f 5221/5221 5222/5222 5007/5007 5006/5006
f 5223/5223 5224/5224 5225/5225
f 5223/5223 5225/5225 5226/5226
f 5227/5227 5228/5228 5229/5229
f 5227/5227 5229/5229 5230/5230
f 5274/5274 5275/5275 5318/5318 5317/5317
f 5275/5275 5276/5276 5319/5319 5318/5318
f 5276/5276 5277/5277 5320/5320 5319/5319
f 5277/5277 5278/5278 5321/5321 5320/5320
f 5278/5278 5279/5279 5322/5322 5321/5321
f 5279/5279 5280/5280 5323/5323 5322/5322
f 5280/5280 5281/5281 5324/5324 5323/5323
f 5281/5281 5282/5282 5325/5325 5324/5324
f 5282/5282 5283/5283 5326/5326 5325/5325
f 5283/5283 5284/5284 5327/5327 5326/5326
f 5284/5284 5285/5285 5328/5328 5327/5327
f 5285/5285 5286/5286 5329/5329 5328/5328
f 5286/5286 5287/5287 5330/5330 5329/5329
f 5287/5287 5288/5288 5331/5331 5330/5330
f 5288/5288 5289/5289 5332/5332 5331/5331
f 5289/5289 5290/5290 5333/5333 5332/5332
f 5290/5290 5291/5291 5334/5334 5333/5333
f 5291/5291 5292/5292 5335/5335 5334/5334
f 5292/5292 5293/5293 5336/5336 5335/5335
f 5293/5293 5294/5294 5337/5337 5336/5336
f 5294/5294 5295/5295 5338/5338 5337/5337
f 5295/5295 5296/5296 5339/5339 5338/5338
f 5296/5296 5297/5297 5340/5340 5339/5339
f 5297/5297 5298/5298 5341/5341 5340/5340
f 5298/5298 5299/5299 5342/5342 5341/5341
f 5299/5299 5300/5300 5343/5343 5342/5342
f 5300/5300 5301/5301 5344/5344 5343/5343
f 5301/5301 5302/5302 5345/5345 5344/5344
f 5302/5302 5303/5303 5346/5346 5345/5345
f 5303/5303 5304/5304 5347/5347 5346/5346
f 5304/5304 5305/5305 5348/5348 5347/5347
f 5305/5305 5306/5306 5349/5349 5348/5348
f 5306/5306 5307/5307 5350/5350 5349/5349
f 5307/5307 5308/5308 5351/5351 5350/5350
f 5308/5308 5309/5309 5352/5352 5351/5351
f 5309/5309 5310/5310 5353/5353 5352/5352
f 5310/5310 5311/5311 5354/5354 5353/5353
f 5311/5311 5312/5312 5355/5355 5354/5354
f 5312/5312 5313/5313 5356/5356 5355/5355
f 5313/5313 5314/5314 5357/5357 5356/5356
f 5314/5314 5315/5315 5358/5358 5357/5357
f 5315/5315 5316/5316 5359/5359 5358/5358
f 5317/5317 5318/5318 5361/5361 5360/5360
f 5318/5318 5319/5319 5362/5362 5361/5361
f 5319/5319 5320/5320 5363/5363 5362/5362
f 5320/5320 5321/5321 5364/5364 5363/5363
f 5321/5321 5322/5322 5365/5365 5364/5364
f 5322/5322 5323/5323 5366/5366 5365/5365
f 5323/5323 5324/5324 5367/5367 5366/5366
f 5324/5324 5325/5325 5368/5368 5367/5367
f 5325/5325 5326/5326 5369/5369 5368/5368
f 5326/5326 5327/5327 5370/5370 5369/5369
f 5327/5327 5328/5328 5371/5371 5370/5370
f 5328/5328 5329/5329 5372/5372 5371/5371
f 5329/5329 5330/5330 5373/5373 5372/5372
f 5330/5330 5331/5331 5374/5374 5373/5373
f 5331/5331 5332/5332 5375/5375 5374/5374
f 5332/5332 5333/5333 5376/5376 5375/5375
f 5333/5333 5334/5334 5377/5377 5376/5376
f 5334/5334 5335/5335 5378/5378 5377/5377
f 5335/5335 5336/5336 5379/5379 5378/5378
f 5336/5336 5337/5337 5380/5380 5379/5379
f 5337/5337 5338/5338 5381/5381 5380/5380
f 5338/5338 5339/5339 5382/5382 5381/5381
f 5339/5339 5340/5340 5383/5383 5382/5382
f 5340/5340 5341/5341 5384/5384 5383/5383
f 5341/5341 5342/5342 5385/5385 5384/5384
f 5342/5342 5343/5343 5386/5386 5385/5385
f 5343/5343 5344/5344 5387/5387 5386/5386
f 5344/5344 5345/5345 5388/5388 5387/5387
f 5345/5345 5346/5346 5389/5389 5388/5388
f 5346/5346 5347/5347 5390/5390 5389/5389
f 5347/5347 5348/5348 5391/5391 5390/5390
f 5348/5348 5349/5349 5392/5392 5391/5391
f 5349/5349 5350/5350 5393/5393 5392/5392
f 5350/5350 5351/5351 5394/5394 5393/5393
f 5351/5351 5352/5352 5395/5395 5394/5394
f 5352/5352 5353/5353 5396/5396 5395/5395
f 5353/5353 5354/5354 5397/5397 5396/5396
f 5354/5354 5355/5355 5398/5398 5397/5397
f 5355/5355 5356/5356 5399/5399 5398/5398
f 5356/5356 5357/5357 5400/5400 5399/5399
f 5357/5357 5358/5358 5401/5401 5400/5400
f 5358/5358 5359/5359 5402/5402 5401/5401
f 5403/5403 5404/5404 5447/5447 5446/5446
f 5404/5404 5405/5405 5448/5448 5447/5447
f 5405/5405 5406/5406 5449/5449 5448/5448
f 5406/5406 5407/5407 5450/5450 5449/5449
f 5407/5407 5408/5408 5451/5451 5450/5450
f 5408/5408 5409/5409 5452/5452 5451/5451
f 5409/5409 5410/5410 5453/5453 5452/5452
f 5410/5410 5411/5411 5454/5454 5453/5453
f 5411/5411 5412/5412 5455/5455 5454/5454
f 5412/5412 5413/5413 5456/5456 5455/5455
f 5413/5413 5414/5414 5457/5457 5456/5456
f 5414/5414 5415/5415 5458/5458 5457/5457
f 5415/5415 5416/5416 5459/5459 5458/5458
f 5416/5416 5417/5417 5460/5460 5459/5459
f 5417/5417 5418/5418 5461/5461 5460/5460
f 5418/5418 5419/5419 5462/5462 5461/5461
f 5419/5419 5420/5420 5463/5463 5462/5462
f 5420/5420 5421/5421 5464/5464 5463/5463
f 5421/5421 5422/5422 5465/5465 5464/5464
f 5422/5422 5423/5423 5466/5466 5465/5465
f 5423/5423 5424/5424 5467/5467 5466/5466
f 5424/5424 5425/5425 5468/5468 5467/5467
f 5425/5425 5426/5426 5469/5469 5468/5468
f 5426/5426 5427/5427 5470/5470 5469/5469
f 5427/5427 5428/5428 5471/5471 5470/5470
f 5428/5428 5429/5429 5472/5472 5471/5471
f 5429/5429 5430/5430 5473/5473 5472/5472
f 5430/5430 5431/5431 5474/5474 5473/5473
f 5431/5431 5432/5432 5475/5475 5474/5474
f 5432/5432 5433/5433 5476/5476 5475/5475
f 5433/5433 5434/5434 5477/5477 5476/5476
f 5434/5434 5435/5435 5478/5478 5477/5477
f 5435/5435 5436/5436 5479/5479 5478/5478
f 5436/5436 5437/5437 5480/5480 5479/5479
f 5437/5437 5438/5438 5481/5481 5480/5480
f 5438/5438 5439/5439 5482/5482 5481/5481
f 5439/5439 5440/5440 5483/5483 5482/5482
f 5440/5440 5441/5441 5484/5484 5483/5483
f 5441/5441 5442/5442 5485/5485 5484/5484
f 5442/5442 5443/5443 5486/5486 5485/5485
f 5443/5443 5444/5444 5487/5487 5486/5486
f 5444/5444 5445/5445 5488/5488 5487/5487
f 5446/5446 5447/5447 5232/5232 5231/5231
f 5447/5447 5448/5448 5233/5233 5232/5232
f 5448/5448 5449/5449 5234/5234 5233/5233
f 5449/5449 5450/5450 5235/5235 5234/5234
f 5450/5450 5451/5451 5236/5236 5235/5235
f 5451/5451 5452/5452 5237/5237 5236/5236
f 5452/5452 5453/5453 5238/5238 5237/5237
f 5453/5453 5454/5454 5239/5239 5238/5238
f 5454/5454 5455/5455 5240/5240 5239/5239
f 5455/5455 5456/5456 5241/5241 5240/5240
f 5456/5456 5457/5457 5242/5242 5241/5241
f 5457/5457 5458/5458 5243/5243 5242/5242
f 5458/5458 5459/5459 5244/5244 5243/5243
f 5459/5459 5460/5460 5245/5245 5244/5244
f 5460/5460 5461/5461 5246/5246 5245/5245
f 5461/5461 5462/5462 5247/5247 5246/5246
f 5462/5462 5463/5463 5248/5248 5247/5247
f 5463/5463 5464/5464 5249/5249 5248/5248
f 5464/5464 5465/5465 5250/5250 5249/5249
f 5465/5465 5466/5466 5251/5251 5250/5250
f 5466/5466 5467/5467 5252/5252 5251/5251
f 5467/5467 5468/5468 5253/5253 5252/5252
f 5468/5468 5469/5469 5254/5254 5253/5253
f 5469/5469 5470/5470 5255/5255 5254/5254
f 5470/5470 5471/5471 5256/5256 5255/5255
f 5471/5471 5472/5472 5257/5257 5256/5256
f 5472/5472 5473/5473 5258/5258 5257/5257
f 5473/5473 5474/5474 5259/5259 5258/5258
f 5474/5474 5475/5475 5260/5260 5259/5259
f 5475/5475 5476/5476 5261/5261 5260/5260
f 5476/5476 5477/5477 5262/5262 5261/5261
f 5477/5477 5478/5478 5263/5263 5262/5262
f 5478/5478 5479/5479 5264/5264 5263/5263
f 5479/5479 5480/5480 5265/5265 5264/5264
f 5480/5480 5481/5481 5266/5266 5265/5265
f 5481/5481 5482/5482 5267/5267 5266/5266
f 5482/5482 5483/5483 5268/5268 5267/5267
f 5483/5483 5484/5484 5269/5269 5268/5268
f 5484/5484 5485/5485 5270/5270 5269/5269
f 5485/5485 5486/5486 5271/5271 5270/5270
f 5486/5486 5487/5487 5272/5272 5271/5271
f 5487/5487 5488/5488 5273/5273 5272/5272
f 5489/5489 5490/5490 5491/5491
f 5489/5489 5491/5491 5492/5492
f 5493/5493 5494/5494 5495/5495
f 5493/5493 5495/5495 5496/5496
f 5540/5540 5541/5541 5584/5584 5583/5583
f 5541/5541 5542/5542 5585/5585 5584/5584
f 5542/5542 5543/5543 5586/5586 5585/5585
f 5543/5543 5544/5544 5587/5587 5586/5586
f 5544/5544 5545/5545 5588/5588 5587/5587
f 5545/5545 5546/5546 5589/5589 5588/5588
f 5546/5546 5547/5547 5590/5590 5589/5589
f 5547/5547 5548/5548 5591/5591 5590/5590
f 5548/5548 5549/5549 5592/5592 5591/5591
f 5549/5549 5550/5550 5593/5593 5592/5592
f 5550/5550 5551/5551 5594/5594 5593/5593
f 5551/5551 5552/5552 5595/5595 5594/5594
f 5552/5552 5553/5553 5596/5596 5595/5595
f 5553/5553 5554/5554 5597/5597 5596/5596
f 5554/5554 5555/5555 5598/5598 5597/5597
f 5555/5555 5556/5556 5599/5599 5598/5598
f 5556/5556 5557/5557 5600/5600 5599/5599
f 5557/5557 5558/5558 5601/5601 5600/5600
f 5558/5558 5559/5559 5602/5602 5601/5601
f 5559/5559 5560/5560 5603/5603 5602/5602
f 5560/5560 5561/5561 5604/5604 5603/5603
f 5561/5561 5562/5562 5605/5605 5604/5604
f 5562/5562 5563/5563 5606/5606 5605/5605
f 5563/5563 5564/5564 5607/5607 5606/5606
f 5564/5564 5565/5565 5608/5608 5607/5607
f 5565/5565 5566/5566 5609/5609 5608/5608
f 5566/5566 5567/5567 5610/5610 5609/5609
f 5567/5567 5568/5568 5611/5611 5610/5610
f 5568/5568 5569/5569 5612/5612 5611/5611
f 5569/5569 5570/5570 5613/5613 5612/5612
f 5570/5570 5571/5571 5614/5614 5613/5613
f 5571/5571 5572/5572 5615/5615 5614/5614
f 5572/5572 5573/5573 5616/5616 5615/5615
f 5573/5573 5574/5574 5617/5617 5616/5616
f 5574/5574 5575/5575 5618/5618 5617/5617
f 5575/5575 5576/5576 5619/5619 5618/5618
f 5576/5576 5577/5577 5620/5620 5619/5619
f 5577/5577 5578/5578 5621/5621 5620/5620
f 5578/5578 5579/5579 5622/5622 5621/5621
f 5579/5579 5580/5580 5623/5623 5622/5622
f 5580/5580 5581/5581 5624/5624 5623/5623
f 5581/5581 5582/5582 5625/5625 5624/5624
f 5583/5583 5584/5584 5627/5627 5626/5626
f 5584/5584 5585/5585 5628/5628 5627/5627
f 5585/5585 5586/5586 5629/5629 5628/5628
f 5586/5586 5587/5587 5630/5630 5629/5629
f 5587/5587 5588/5588 5631/5631 5630/5630
f 5588/5588 5589/5589 5632/5632 5631/5631
f 5589/5589 5590/5590 5633/5633 5632/5632
f 5590/5590 5591/5591 5634/5634 5633/5633
f 5591/5591 5592/5592 5635/5635 5634/5634
f 5592/5592 5593/5593 5636/5636 5635/5635
f 5593/5593 5594/5594 5637/5637 5636/5636
f 5594/5594 5595/5595 5638/5638 5637/5637
f 5595/5595 5596/5596 5639/5639 5638/5638
f 5596/5596 5597/5597 5640/5640 5639/5639
f 5597/5597 5598/5598 5641/5641 5640/5640
f 5598/5598 5599/5599 5642/5642 5641/5641
f 5599/5599 5600/5600 5643/5643 5642/5642
f 5600/5600 5601/5601 5644/5644 5643/5643
f 5601/5601 5602/5602 5645/5645 5644/5644
f 5602/5602 5603/5603 5646/5646 5645/5645
f 5603/5603 5604/5604 5647/5647 5646/5646
f 5604/5604 5605/5605 5648/5648 5647/5647
f 5605/5605 5606/5606 5649/5649 5648/5648
f 5606/5606 5607/5607 5650/5650 5649/5649
f 5607/5607 5608/5608 5651/5651 5650/5650
f 5608/5608 5609/5609 5652/5652 5651/5651
f 5609/5609 5610/5610 5653/5653 5652/5652
f 5610/5610 5611/5611 5654/5654 5653/5653
f 5611/5611 5612/5612 5655/5655 5654/5654
f 5612/5612 5613/5613 5656/5656 5655/5655
f 5613/5613 5614/5614 5657/5657 5656/5656
f 5614/5614 5615/5615 5658/5658 5657/5657
f 5615/5615 5616/5616 5659/5659 5658/5658
f 5616/5616 5617/5617 5660/5660 5659/5659
f 5617/5617 5618/5618 5661/5661 5660/5660
f 5618/5618 5619/5619 5662/5662 5661/5661
f 5619/5619 5620/5620 5663/5663 5662/5662
f 5620/5620 5621/5621 5664/5664 5663/5663
f 5621/5621 5622/5622 5665/5665 5664/5664
f 5622/5622 5623/5623 5666/5666 5665/5665
f 5623/5623 5624/5624 5667/5667 5666/5666
f 5624/5624 5625/5625 5668/5668 5667/5667
f 5669/5669 5670/5670 5713/5713 5712/5712
f 5670/5670 5671/5671 5714/5714 5713/5713
f 5671/5671 5672/5672 5715/5715 5714/5714
f 5672/5672 5673/5673 5716/5716 5715/5715
f 5673/5673 5674/5674 5717/5717 5716/5716
f 5674/5674 5675/5675 5718/5718 5717/5717
f 5675/5675 5676/5676 5719/5719 5718/5718
f 5676/5676 5677/5677 5720/5720 5719/5719
f 5677/5677 5678/5678 5721/5721 5720/5720
f 5678/5678 5679/5679 5722/5722 5721/5721
f 5679/5679 5680/5680 5723/5723 5722/5722
f 5680/5680 5681/5681 5724/5724 5723/5723
f 5681/5681 5682/5682 5725/5725 5724/5724
f 5682/5682 5683/5683 5726/5726 5725/5725
f 5683/5683 5684/5684 5727/5727 5726/5726
f 5684/5684 5685/5685 5728/5728 5727/5727
f 5685/5685 5686/5686 5729/5729 5728/5728
f 5686/5686 5687/5687 5730/5730 5729/5729
f 5687/5687 5688/5688 5731/5731 5730/5730
f 5688/5688 5689/5689 5732/5732 5731/5731
f 5689/5689 5690/5690 5733/5733 5732/5732
f 5690/5690 5691/5691 5734/5734 5733/5733
f 5691/5691 5692/5692 5735/5735 5734/5734
f 5692/5692 5693/5693 5736/5736 5735/5735
f 5693/5693 5694/5694 5737/5737 5736/5736
f 5694/5694 5695/5695 5738/5738 5737/5737
f 5695/5695 5696/5696 5739/5739 5738/5738
f 5696/5696 5697/5697 5740/5740 5739/5739
f 5697/5697 5698/5698 5741/5741 5740/5740
f 5698/5698 5699/5699 5742/5742 5741/5741
f 5699/5699 5700/5700 5743/5743 5742/5742
f 5700/5700 5701/5701 5744/5744 5743/5743
f 5701/5701 5702/5702 5745/5745 5744/5744
f 5702/5702 5703/5703 5746/5746 5745/5745
f 5703/5703 5704/5704 5747/5747 5746/5746
f 5704/5704 5705/5705 5748/5748 5747/5747
f 5705/5705 5706/5706 5749/5749 5748/5748
f 5706/5706 5707/5707 5750/5750 5749/5749
f 5707/5707 5708/5708 5751/5751 5750/5750
f 5708/5708 5709/5709 5752/5752 5751/5751
f 5709/5709 5710/5710 5753/5753 5752/5752
f 5710/5710 5711/5711 5754/5754 5753/5753
f 5712/5712 5713/5713 5498/5498 5497/5497
f 5713/5713 5714/5714 5499/5499 5498/5498
f 5714/5714 5715/5715 5500/5500 5499/5499
f 5715/5715 5716/5716 5501/5501 5500/5500
f 5716/5716 5717/5717 5502/5502 5501/5501
f 5717/5717 5718/5718 5503/5503 5502/5502
f 5718/5718 5719/5719 5504/5504 5503/5503
f 5719/5719 5720/5720 5505/5505 5504/5504
f 5720/5720 5721/5721 5506/5506 5505/5505
f 5721/5721 5722/5722 5507/5507 5506/5506
f 5722/5722 5723/5723 5508/5508 5507/5507
f 5723/5723 5724/5724 5509/5509 5508/5508
f 5724/5724 5725/5725 5510/5510 5509/5509
f 5725/5725 5726/5726 5511/5511 5510/5510
f 5726/5726 5727/5727 5512/5512 5511/5511
f 5727/5727 5728/5728 5513/5513 5512/5512
f 5728/5728 5729/5729 5514/5514 5513/5513
f 5729/5729 5730/5730 5515/5515 5514/5514
f 5730/5730 5731/5731 5516/5516 5515/5515
f 5731/5731 5732/5732 5517/5517 5516/5516
f 5732/5732 5733/5733 5518/5518 5517/5517
f 5733/5733 5734/5734 5519/5519 5518/5518
f 5734/5734 5735/5735 5520/5520 5519/5519
f 5735/5735 5736/5736 5521/5521 5520/5520
f 5736/5736 5737/5737 5522/5522 5521/5521
f 5737/5737 5738/5738 5523/5523 5522/5522
f 5738/5738 5739/5739 5524/5524 5523/5523
f 5739/5739 5740/5740 5525/5525 5524/5524
f 5740/5740 5741/5741 5526/5526 5525/5525
f 5741/5741 5742/5742 5527/5527 5526/5526
f 5742/5742 5743/5743 5528/5528 5527/5527
f 5743/5743 5744/5744 5529/5529 5528/5528
f 5744/5744 5745/5745 5530/5530 5529/5529
f 5745/5745 5746/5746 5531/5531 5530/5530
f 5746/5746 5747/5747 5532/5532 5531/5531
f 5747/5747 5748/5748 5533/5533 5532/5532
f 5748/5748 5749/5749 5534/5534 5533/5533
f 5749/5749 5750/5750 5535/5535 5534/5534
f 5750/5750 5751/5751 5536/5536 5535/5535
f 5751/5751 5752/5752 5537/5537 5536/5536
f 5752/5752 5753/5753 5538/5538 5537/5537
f 5753/5753 5754/5754 5539/5539 5538/5538
f 5755/5755 5756/5756 5757/5757
f 5755/5755 5757/5757 5758/5758
f 5759/5759 5760/5760 5761/5761
f 5759/5759 5761/5761 5762/5762
f 5774/5774 5775/5775 5786/5786 5785/5785
f 5775/5775 5776/5776 5787/5787 5786/5786
f 5776/5776 5777/5777 5788/5788 5787/5787
f 5777/5777 5778/5778 5789/5789 5788/5788
f 5778/5778 5779/5779 5790/5790 5789/5789
f 5779/5779 5780/5780 5791/5791 5790/5790
f 5780/5780 5781/5781 5792/5792 5791/5791
f 5781/5781 5782/5782 5793/5793 5792/5792
f 5782/5782 5783/5783 5794/5794 5793/5793
f 5783/5783 5784/5784 5795/5795 5794/5794
f 5785/5785 5786/5786 5797/5797 5796/5796
f 5786/5786 5787/5787 5798/5798 5797/5797
f 5787/5787 5788/5788 5799/5799 5798/5798
f 5788/5788 5789/5789 5800/5800 5799/5799
f 5789/5789 5790/5790 5801/5801 5800/5800
f 5790/5790 5791/5791 5802/5802 5801/5801
f 5791/5791 5792/5792 5803/5803 5802/5802
f 5792/5792 5793/5793 5804/5804 5803/5803
f 5793/5793 5794/5794 5805/5805 5804/5804
f 5794/5794 5795/5795 5806/5806 5805/5805
f 5807/5807 5808/5808 5819/5819 5818/5818
f 5808/5808 5809/5809 5820/5820 5819/5819
f 5809/5809 5810/5810 5821/5821 5820/5820
f 5810/5810 5811/5811 5822/5822 5821/5821
f 5811/5811 5812/5812 5823/5823 5822/5822
f 5812/5812 5813/5813 5824/5824 5823/5823
f 5813/5813 5814/5814 5825/5825 5824/5824
f 5814/5814 5815/5815 5826/5826 5825/5825
f 5815/5815 5816/5816 5827/5827 5826/5826
f 5816/5816 5817/5817 5828/5828 5827/5827
f 5818/5818 5819/5819 5764/5764 5763/5763
f 5819/5819 5820/5820 5765/5765 5764/5764
f 5820/5820 5821/5821 5766/5766 5765/5765
f 5821/5821 5822/5822 5767/5767 5766/5766
f 5822/5822 5823/5823 5768/5768 5767/5767
f 5823/5823 5824/5824 5769/5769 5768/5768
f 5824/5824 5825/5825 5770/5770 5769/5769
f 5825/5825 5826/5826 5771/5771 5770/5770
f 5826/5826 5827/5827 5772/5772 5771/5771
f 5827/5827 5828/5828 5773/5773 5772/5772
f 5829/5829 5830/5830 5831/5831
f 5829/5829 5831/5831 5832/5832
f 5833/5833 5834/5834 5835/5835
f 5833/5833 5835/5835 5836/5836
f 5848/5848 5849/5849 5860/5860 5859/5859
f 5849/5849 5850/5850 5861/5861 5860/5860
f 5850/5850 5851/5851 5862/5862 5861/5861
f 5851/5851 5852/5852 5863/5863 5862/5862
f 5852/5852 5853/5853 5864/5864 5863/5863
f 5853/5853 5854/5854 5865/5865 5864/5864
f 5854/5854 5855/5855 5866/5866 5865/5865
f 5855/5855 5856/5856 5867/5867 5866/5866
f 5856/5856 5857/5857 5868/5868 5867/5867
f 5857/5857 5858/5858 5869/5869 5868/5868
f 5859/5859 5860/5860 5871/5871 5870/5870
f 5860/5860 5861/5861 5872/5872 5871/5871
f 5861/5861 5862/5862 5873/5873 5872/5872
f 5862/5862 5863/5863 5874/5874 5873/5873
f 5863/5863 5864/5864 5875/5875 5874/5874
f 5864/5864 5865/5865 5876/5876 5875/5875
f 5865/5865 5866/5866 5877/5877 5876/5876
f 5866/5866 5867/5867 5878/5878 5877/5877
f 5867/5867 5868/5868 5879/5879 5878/5878
f 5868/5868 5869/5869 5880/5880 5879/5879
f 5881/5881 5882/5882 5893/5893 5892/5892
f 5882/5882 5883/5883 5894/5894 5893/5893
f 5883/5883 5884/5884 5895/5895 5894/5894
f 5884/5884 5885/5885 5896/5896 5895/5895
f 5885/5885 5886/5886 5897/5897 5896/5896
f 5886/5886 5887/5887 5898/5898 5897/5897
f 5887/5887 5888/5888 5899/5899 5898/5898
f 5888/5888 5889/5889 5900/5900 5899/5899
f 5889/5889 5890/5890 5901/5901 5900/5900
f 5890/5890 5891/5891 5902/5902 5901/5901
f 5892/5892 5893/5893 5838/5838 5837/5837
f 5893/5893 5894/5894 5839/5839 5838/5838
f 5894/5894 5895/5895 5840/5840 5839/5839
f 5895/5895 5896/5896 5841/5841 5840/5840
f 5896/5896 5897/5897 5842/5842 5841/5841
f 5897/5897 5898/5898 5843/5843 5842/5842
f 5898/5898 5899/5899 5844/5844 5843/5843
f 5899/5899 5900/5900 5845/5845 5844/5844
f 5900/5900 5901/5901 5846/5846 5845/5845
f 5901/5901 5902/5902 5847/5847 5846/5846
f 5903/5903 5904/5904 5905/5905
f 5903/5903 5905/5905 5906/5906
f 5907/5907 5908/5908 5909/5909
f 5907/5907 5909/5909 5910/5910
f 5929/5929 5930/5930 5948/5948 5947/5947
f 5930/5930 5931/5931 5949/5949 5948/5948
f 5931/5931 5932/5932 5950/5950 5949/5949
f 5932/5932 5933/5933 5951/5951 5950/5950
f 5933/5933 5934/5934 5952/5952 5951/5951
f 5934/5934 5935/5935 5953/5953 5952/5952
f 5935/5935 5936/5936 5954/5954 5953/5953
f 5936/5936 5937/5937 5955/5955 5954/5954
f 5937/5937 5938/5938 5956/5956 5955/5955
f 5938/5938 5939/5939 5957/5957 5956/5956
f 5939/5939 5940/5940 5958/5958 5957/5957
f 5940/5940 5941/5941 5959/5959 5958/5958
f 5941/5941 5942/5942 5960/5960 5959/5959
f 5942/5942 5943/5943 5961/5961 5960/5960
f 5943/5943 5944/5944 5962/5962 5961/5961
f 5944/5944 5945/5945 5963/5963 5962/5962
f 5945/5945 5946/5946 5964/5964 5963/5963
f 5947/5947 5948/5948 5966/5966 5965/5965
f 5948/5948 5949/5949 5967/5967 5966/5966
f 5949/5949 5950/5950 5968/5968 5967/5967
f 5950/5950 5951/5951 5969/5969 5968/5968
f 5951/5951 5952/5952 5970/5970 5969/5969
f 5952/5952 5953/5953 5971/5971 5970/5970
f 5953/5953 5954/5954 5972/5972 5971/5971
f 5954/5954 5955/5955 5973/5973 5972/5972
f 5955/5955 5956/5956 5974/5974 5973/5973
f 5956/5956 5957/5957 5975/5975 5974/5974
f 5957/5957 5958/5958 5976/5976 5975/5975
f 5958/5958 5959/5959 5977/5977 5976/5976
f 5959/5959 5960/5960 5978/5978 5977/5977
f 5960/5960 5961/5961 5979/5979 5978/5978
f 5961/5961 5962/5962 5980/5980 5979/5979
f 5962/5962 5963/5963 5981/5981 5980/5980
f 5963/5963 5964/5964 5982/5982 5981/5981
f 5983/5983 5984/5984 6002/6002 6001/6001
f 5984/5984 5985/5985 6003/6003 6002/6002
f 5985/5985 5986/5986 6004/6004 6003/6003
f 5986/5986 5987/5987 6005/6005 6004/6004
f 5987/5987 5988/5988 6006/6006 6005/6005
f 5988/5988 5989/5989 6007/6007 6006/6006
f 5989/5989 5990/5990 6008/6008 6007/6007
f 5990/5990 5991/5991 6009/6009 6008/6008
f 5991/5991 5992/5992 6010/6010 6009/6009
f 5992/5992 5993/5993 6011/6011 6010/6010
f 5993/5993 5994/5994 6012/6012 6011/6011
f 5994/5994 5995/5995 6013/6013 6012/6012
f 5995/5995 5996/5996 6014/6014 6013/6013
f 5996/5996 5997/5997 6015/6015 6014/6014
f 5997/5997 5998/5998 6016/6016 6015/6015
f 5998/5998 5999/5999 6017/6017 6016/6016
f 5999/5999 6000/6000 6018/6018 6017/6017
f 6001/6001 6002/6002 5912/5912 5911/5911
f 6002/6002 6003/6003 5913/5913 5912/5912
f 6003/6003 6004/6004 5914/5914 5913/5913
f 6004/6004 6005/6005 5915/5915 5914/5914
f 6005/6005 6006/6006 5916/5916 5915/5915
f 6006/6006 6007/6007 5917/5917 5916/5916
f 6007/6007 6008/6008 5918/5918 5917/5917
f 6008/6008 6009/6009 5919/5919 5918/5918
f 6009/6009 6010/6010 5920/5920 5919/5919
f 6010/6010 6011/6011 5921/5921 5920/5920
f 6011/6011 6012/6012 5922/5922 5921/5921
f 6012/6012 6013/6013 5923/5923 5922/5922
f 6013/6013 6014/6014 5924/5924 5923/5923
f 6014/6014 6015/6015 5925/5925 5924/5924
f 6015/6015 6016/6016 5926/5926 5925/5925
f 6016/6016 6017/6017 5927/5927 5926/5926
f 6017/6017 6018/6018 5928/5928 5927/5927
f 6019/6019 6020/6020 6021/6021
f 6019/6019 6021/6021 6022/6022
f 6023/6023 6024/6024 6025/6025
f 6023/6023 6025/6025 6026/6026
f 6045/6045 6046/6046 6064/6064 6063/6063
f 6046/6046 6047/6047 6065/6065 6064/6064
f 6047/6047 6048/6048 6066/6066 6065/6065
f 6048/6048 6049/6049 6067/6067 6066/6066
f 6049/6049 6050/6050 6068/6068 6067/6067
f 6050/6050 6051/6051 6069/6069 6068/6068
f 6051/6051 6052/6052 6070/6070 6069/6069
f 6052/6052 6053/6053 6071/6071 6070/6070
f 6053/6053 6054/6054 6072/6072 6071/6071
f 6054/6054 6055/6055 6073/6073 6072/6072
f 6055/6055 6056/6056 6074/6074 6073/6073
f 6056/6056 6057/6057 6075/6075 6074/6074
f 6057/6057 6058/6058 6076/6076 6075/6075
f 6058/6058 6059/6059 6077/6077 6076/6076
f 6059/6059 6060/6060 6078/6078 6077/6077
f 6060/6060 6061/6061 6079/6079 6078/6078
f 6061/6061 6062/6062 6080/6080 6079/6079
f 6063/6063 6064/6064 6082/6082 6081/6081
f 6064/6064 6065/6065 6083/6083 6082/6082
f 6065/6065 6066/6066 6084/6084 6083/6083
f 6066/6066 6067/6067 6085/6085 6084/6084
f 6067/6067 6068/6068 6086/6086 6085/6085
f 6068/6068 6069/6069 6087/6087 6086/6086
f 6069/6069 6070/6070 6088/6088 6087/6087
f 6070/6070 6071/6071 6089/6089 6088/6088
f 6071/6071 6072/6072 6090/6090 6089/6089
f 6072/6072 6073/6073 6091/6091 6090/6090
f 6073/6073 6074/6074 6092/6092 6091/6091
f 6074/6074 6075/6075 6093/6093 6092/6092
f 6075/6075 6076/6076 6094/6094 6093/6093
f 6076/6076 6077/6077 6095/6095 6094/6094
f 6077/6077 6078/6078 6096/6096 6095/6095
f 6078/6078 6079/6079 6097/6097 6096/6096
f 6079/6079 6080/6080 6098/6098 6097/6097
f 6099/6099 6100/6100 6118/6118 6117/6117
f 6100/6100 6101/6101 6119/6119 6118/6118
f 6101/6101 6102/6102 6120/6120 6119/6119
f 6102/6102 6103/6103 6121/6121 6120/6120
f 6103/6103 6104/6104 6122/6122 6121/6121
f 6104/6104 6105/6105 6123/6123 6122/6122
f 6105/6105 6106/6106 6124/6124 6123/6123
f 6106/6106 6107/6107 6125/6125 6124/6124
f 6107/6107 6108/6108 6126/6126 6125/6125
f 6108/6108 6109/6109 6127/6127 6126/6126
f 6109/6109 6110/6110 6128/6128 6127/6127
f 6110/6110 6111/6111 6129/6129 6128/6128
f 6111/6111 6112/6112 6130/6130 6129/6129
f 6112/6112 6113/6113 6131/6131 6130/6130
f 6113/6113 6114/6114 6132/6132 6131/6131
f 6114/6114 6115/6115 6133/6133 6132/6132
f 6115/6115 6116/6116 6134/6134 6133/6133
f 6117/6117 6118/6118 6028/6028 6027/6027
f 6118/6118 6119/6119 6029/6029 6028/6028
f 6119/6119 6120/6120 6030/6030 6029/6029
f 6120/6120 6121/6121 6031/6031 6030/6030
f 6121/6121 6122/6122 6032/6032 6031/6031
f 6122/6122 6123/6123 6033/6033 6032/6032
f 6123/6123 6124/6124 6034/6034 6033/6033
f 6124/6124 6125/6125 6035/6035 6034/6034
f 6125/6125 6126/6126 6036/6036 6035/6035
f 6126/6126 6127/6127 6037/6037 6036/6036
f 6127/6127 6128/6128 6038/6038 6037/6037
f 6128/6128 6129/6129 6039/6039 6038/6038
f 6129/6129 6130/6130 6040/6040 6039/6039
f 6130/6130 6131/6131 6041/6041 6040/6040
f 6131/6131 6132/6132 6042/6042 6041/6041
f 6132/6132 6133/6133 6043/6043 6042/6042
f 6133/6133 6134/6134 6044/6044 6043/6043
f 6135/6135 6136/6136 6137/6137
f 6135/6135 6137/6137 6138/6138
f 6139/6139 6140/6140 6141/6141
f 6139/6139 6141/6141 6142/6142
f 6176/6176 6177/6177 6210/6210 6209/6209
f 6177/6177 6178/6178 6211/6211 6210/6210
f 6178/6178 6179/6179 6212/6212 6211/6211
f 6179/6179 6180/6180 6213/6213 6212/6212
f 6180/6180 6181/6181 6214/6214 6213/6213
f 6181/6181 6182/6182 6215/6215 6214/6214
f 6182/6182 6183/6183 6216/6216 6215/6215
f 6183/6183 6184/6184 6217/6217 6216/6216
f 6184/6184 6185/6185 6218/6218 6217/6217
f 6185/6185 6186/6186 6219/6219 6218/6218
f 6186/6186 6187/6187 6220/6220 6219/6219
f 6187/6187 6188/6188 6221/6221 6220/6220
f 6188/6188 6189/6189 6222/6222 6221/6221
f 6189/6189 6190/6190 6223/6223 6222/6222
f 6190/6190 6191/6191 6224/6224 6223/6223
f 6191/6191 6192/6192 6225/6225 6224/6224
f 6192/6192 6193/6193 6226/6226 6225/6225
f 6193/6193 6194/6194 6227/6227 6226/6226
f 6194/6194 6195/6195 6228/6228 6227/6227
f 6195/6195 6196/6196 6229/6229 6228/6228
f 6196/6196 6197/6197 6230/6230 6229/6229
f 6197/6197 6198/6198 6231/6231 6230/6230
f 6198/6198 6199/6199 6232/6232 6231/6231
f 6199/6199 6200/6200 6233/6233 6232/6232
f 6200/6200 6201/6201 6234/6234 6233/6233
f 6201/6201 6202/6202 6235/6235 6234/6234
f 6202/6202 6203/6203 6236/6236 6235/6235
f 6203/6203 6204/6204 6237/6237 6236/6236
f 6204/6204 6205/6205 6238/6238 6237/6237
f 6205/6205 6206/6206 6239/6239 6238/6238
f 6206/6206 6207/6207 6240/6240 6239/6239
f 6207/6207 6208/6208 6241/6241 6240/6240
f 6209/6209 6210/6210 6243/6243 6242/6242
f 6210/6210 6211/6211 6244/6244 6243/6243
f 6211/6211 6212/6212 6245/6245 6244/6244
f 6212/6212 6213/6213 6246/6246 6245/6245
f 6213/6213 6214/6214 6247/6247 6246/6246
f 6214/6214 6215/6215 6248/6248 6247/6247
f 6215/6215 6216/6216 6249/6249 6248/6248
f 6216/6216 6217/6217 6250/6250 6249/6249
f 6217/6217 6218/6218 6251/6251 6250/6250
f 6218/6218 6219/6219 6252/6252 6251/6251
f 6219/6219 6220/6220 6253/6253 6252/6252
f 6220/6220 6221/6221 6254/6254 6253/6253
f 6221/6221 6222/6222 6255/6255 6254/6254
f 6222/6222 6223/6223 6256/6256 6255/6255
f 6223/6223 6224/6224 6257/6257 6256/6256
f 6224/6224 6225/6225 6258/6258 6257/6257
f 6225/6225 6226/6226 6259/6259 6258/6258
f 6226/6226 6227/6227 6260/6260 6259/6259
f 6227/6227 6228/6228 6261/6261 6260/6260
f 6228/6228 6229/6229 6262/6262 6261/6261
f 6229/6229 6230/6230 6263/6263 6262/6262
f 6230/6230 6231/6231 6264/6264 6263/6263
f 6231/6231 6232/6232 6265/6265 6264/6264
f 6232/6232 6233/6233 6266/6266 6265/6265
f 6233/6233 6234/6234 6267/6267 6266/6266
f 6234/6234 6235/6235 6268/6268 6267/6267
f 6235/6235 6236/6236 6269/6269 6268/6268
f 6236/6236 6237/6237 6270/6270 6269/6269
f 6237/6237 6238/6238 6271/6271 6270/6270
f 6238/6238 6239/6239 6272/6272 6271/6271
f 6239/6239 6240/6240 6273/6273 6272/6272
f 6240/6240 6241/6241 6274/6274 6273/6273
f 6275/6275 6276/6276 6309/6309 6308/6308
f 6276/6276 6277/6277 6310/6310 6309/6309
f 6277/6277 6278/6278 6311/6311 6310/6310
f 6278/6278 6279/6279 6312/6312 6311/6311
f 6279/6279 6280/6280 6313/6313 6312/6312
f 6280/6280 6281/6281 6314/6314 6313/6313
f 6281/6281 6282/6282 6315/6315 6314/6314
f 6282/6282 6283/6283 6316/6316 6315/6315
f 6283/6283 6284/6284 6317/6317 6316/6316
f 6284/6284 6285/6285 6318/6318 6317/6317
f 6285/6285 6286/6286 6319/6319 6318/6318
f 6286/6286 6287/6287 6320/6320 6319/6319
f 6287/6287 6288/6288 6321/6321 6320/6320
f 6288/6288 6289/6289 6322/6322 6321/6321
f 6289/6289 6290/6290 6323/6323 6322/6322
f 6290/6290 6291/6291 6324/6324 6323/6323
f 6291/6291 6292/6292 6325/6325 6324/6324
f 6292/6292 6293/6293 6326/6326 6325/6325
f 6293/6293 6294/6294 6327/6327 6326/6326
f 6294/6294 6295/6295 6328/6328 6327/6327
f 6295/6295 6296/6296 6329/6329 6328/6328
f 6296/6296 6297/6297 6330/6330 6329/6329
f 6297/6297 6298/6298 6331/6331 6330/6330
f 6298/6298 6299/6299 6332/6332 6331/6331
f 6299/6299 6300/6300 6333/6333 6332/6332
f 6300/6300 6301/6301 6334/6334 6333/6333
f 6301/6301 6302/6302 6335/6335 6334/6334
f 6302/6302 6303/6303 6336/6336 6335/6335
f 6303/6303 6304/6304 6337/6337 6336/6336
f 6304/6304 6305/6305 6338/6338 6337/6337
f 6305/6305 6306/6306 6339/6339 6338/6338
f 6306/6306 6307/6307 6340/6340 6339/6339
f 6308/6308 6309/6309 6144/6144 6143/6143
f 6309/6309 6310/6310 6145/6145 6144/6144
f 6310/6310 6311/6311 6146/6146 6145/6145
f 6311/6311 6312/6312 6147/6147 6146/6146
f 6312/6312 6313/6313 6148/6148 6147/6147
f 6313/6313 6314/6314 6149/6149 6148/6148
f 6314/6314 6315/6315 6150/6150 6149/6149
f 6315/6315 6316/6316 6151/6151 6150/6150
f 6316/6316 6317/6317 6152/6152 6151/6151
f 6317/6317 6318/6318 6153/6153 6152/6152
f 6318/6318 6319/6319 6154/6154 6153/6153
f 6319/6319 6320/6320 6155/6155 6154/6154
f 6320/6320 6321/6321 6156/6156 6155/6155
f 6321/6321 6322/6322 6157/6157 6156/6156
f 6322/6322 6323/6323 6158/6158 6157/6157
f 6323/6323 6324/6324 6159/6159 6158/6158
f 6324/6324 6325/6325 6160/6160 6159/6159
f 6325/6325 6326/6326 6161/6161 6160/6160
f 6326/6326 6327/6327 6162/6162 6161/6161
f 6327/6327 6328/6328 6163/6163 6162/6162
f 6328/6328 6329/6329 6164/6164 6163/6163
f 6329/6329 6330/6330 6165/6165 6164/6164
f 6330/6330 6331/6331 6166/6166 6165/6165
f 6331/6331 6332/6332 6167/6167 6166/6166
f 6332/6332 6333/6333 6168/6168 6167/6167
f 6333/6333 6334/6334 6169/6169 6168/6168
f 6334/6334 6335/6335 6170/6170 6169/6169
f 6335/6335 6336/6336 6171/6171 6170/6170
f 6336/6336 6337/6337 6172/6172 6171/6171
f 6337/6337 6338/6338 6173/6173 6172/6172
f 6338/6338 6339/6339 6174/6174 6173/6173
f 6339/6339 6340/6340 6175/6175 6174/6174
f 6341/6341 6342/6342 6343/6343
f 6341/6341 6343/6343 6344/6344
f 6345/6345 6346/6346 6347/6347
f 6345/6345 6347/6347 6348/6348
f 6382/6382 6383/6383 6416/6416 6415/6415
f 6383/6383 6384/6384 6417/6417 6416/6416
f 6384/6384 6385/6385 6418/6418 6417/6417
f 6385/6385 6386/6386 6419/6419 6418/6418
f 6386/6386 6387/6387 6420/6420 6419/6419
f 6387/6387 6388/6388 6421/6421 6420/6420
f 6388/6388 6389/6389 6422/6422 6421/6421
f 6389/6389 6390/6390 6423/6423 6422/6422
f 6390/6390 6391/6391 6424/6424 6423/6423
f 6391/6391 6392/6392 6425/6425 6424/6424
f 6392/6392 6393/6393 6426/6426 6425/6425
f 6393/6393 6394/6394 6427/6427 6426/6426
f 6394/6394 6395/6395 6428/6428 6427/6427
f 6395/6395 6396/6396 6429/6429 6428/6428
f 6396/6396 6397/6397 6430/6430 6429/6429
f 6397/6397 6398/6398 6431/6431 6430/6430
f 6398/6398 6399/6399 6432/6432 6431/6431
f 6399/6399 6400/6400 6433/6433 6432/6432
f 6400/6400 6401/6401 6434/6434 6433/6433
f 6401/6401 6402/6402 6435/6435 6434/6434
f 6402/6402 6403/6403 6436/6436 6435/6435
f 6403/6403 6404/6404 6437/6437 6436/6436
f 6404/6404 6405/6405 6438/6438 6437/6437
f 6405/6405 6406/6406 6439/6439 6438/6438
f 6406/6406 6407/6407 6440/6440 6439/6439
f 6407/6407 6408/6408 6441/6441 6440/6440
f 6408/6408 6409/6409 6442/6442 6441/6441
f 6409/6409 6410/6410 6443/6443 6442/6442
f 6410/6410 6411/6411 6444/6444 6443/6443
f 6411/6411 6412/6412 6445/6445 6444/6444
f 6412/6412 6413/6413 6446/6446 6445/6445
f 6413/6413 6414/6414 6447/6447 6446/6446
f 6415/6415 6416/6416 6449/6449 6448/6448
f 6416/6416 6417/6417 6450/6450 6449/6449
f 6417/6417 6418/6418 6451/6451 6450/6450
f 6418/6418 6419/6419 6452/6452 6451/6451
f 6419/6419 6420/6420 6453/6453 6452/6452
f 6420/6420 6421/6421 6454/6454 6453/6453
f 6421/6421 6422/6422 6455/6455 6454/6454
f 6422/6422 6423/6423 6456/6456 6455/6455
f 6423/6423 6424/6424 6457/6457 6456/6456
f 6424/6424 6425/6425 6458/6458 6457/6457
f 6425/6425 6426/6426 6459/6459 6458/6458
f 6426/6426 6427/6427 6460/6460 6459/6459
f 6427/6427 6428/6428 6461/6461 6460/6460
f 6428/6428 6429/6429 6462/6462 6461/6461
f 6429/6429 6430/6430 6463/6463 6462/6462
f 6430/6430 6431/6431 6464/6464 6463/6463
f 6431/6431 6432/6432 6465/6465 6464/6464
f 6432/6432 6433/6433 6466/6466 6465/6465
f 6433/6433 6434/6434 6467/6467 6466/6466
f 6434/6434 6435/6435 6468/6468 6467/6467
f 6435/6435 6436/6436 6469/6469 6468/6468
f 6436/6436 6437/6437 6470/6470 6469/6469
f 6437/6437 6438/6438 6471/6471 6470/6470
f 6438/6438 6439/6439 6472/6472 6471/6471
f 6439/6439 6440/6440 6473/6473 6472/6472
f 6440/6440 6441/6441 6474/6474 6473/6473
f 6441/6441 6442/6442 6475/6475 6474/6474
f 6442/6442 6443/6443 6476/6476 6475/6475
f 6443/6443 6444/6444 6477/6477 6476/6476
f 6444/6444 6445/6445 6478/6478 6477/6477
f 6445/6445 6446/6446 6479/6479 6478/6478
f 6446/6446 6447/6447 6480/6480 6479/6479
f 6481/6481 6482/6482 6515/6515 6514/6514
f 6482/6482 6483/6483 6516/6516 6515/6515
f 6483/6483 6484/6484 6517/6517 6516/6516
f 6484/6484 6485/6485 6518/6518 6517/6517
f 6485/6485 6486/6486 6519/6519 6518/6518
f 6486/6486 6487/6487 6520/6520 6519/6519
f 6487/6487 6488/6488 6521/6521 6520/6520
f 6488/6488 6489/6489 6522/6522 6521/6521
f 6489/6489 6490/6490 6523/6523 6522/6522
f 6490/6490 6491/6491 6524/6524 6523/6523
f 6491/6491 6492/6492 6525/6525 6524/6524
f 6492/6492 6493/6493 6526/6526 6525/6525
f 6493/6493 6494/6494 6527/6527 6526/6526
f 6494/6494 6495/6495 6528/6528 6527/6527
f 6495/6495 6496/6496 6529/6529 6528/6528
f 6496/6496 6497/6497 6530/6530 6529/6529
f 6497/6497 6498/6498 6531/6531 6530/6530
f 6498/6498 6499/6499 6532/6532 6531/6531
f 6499/6499 6500/6500 6533/6533 6532/6532
f 6500/6500 6501/6501 6534/6534 6533/6533
f 6501/6501 6502/6502 6535/6535 6534/6534
f 6502/6502 6503/6503 6536/6536 6535/6535
f 6503/6503 6504/6504 6537/6537 6536/6536
f 6504/6504 6505/6505 6538/6538 6537/6537
f 6505/6505 6506/6506 6539/6539 6538/6538
f 6506/6506 6507/6507 6540/6540 6539/6539
f 6507/6507 6508/6508 6541/6541 6540/6540
f 6508/6508 6509/6509 6542/6542 6541/6541
f 6509/6509 6510/6510 6543/6543 6542/6542
f 6510/6510 6511/6511 6544/6544 6543/6543
f 6511/6511 6512/6512 6545/6545 6544/6544
f 6512/6512 6513/6513 6546/6546 6545/6545
f 6514/6514 6515/6515 6350/6350 6349/6349
f 6515/6515 6516/6516 6351/6351 6350/6350
f 6516/6516 6517/6517 6352/6352 6351/6351
f 6517/6517 6518/6518 6353/6353 6352/6352
f 6518/6518 6519/6519 6354/6354 6353/6353
f 6519/6519 6520/6520 6355/6355 6354/6354
f 6520/6520 6521/6521 6356/6356 6355/6355
f 6521/6521 6522/6522 6357/6357 6356/6356
f 6522/6522 6523/6523 6358/6358 6357/6357
f 6523/6523 6524/6524 6359/6359 6358/6358
f 6524/6524 6525/6525 6360/6360 6359/6359
f 6525/6525 6526/6526 6361/6361 6360/6360
f 6526/6526 6527/6527 6362/6362 6361/6361
f 6527/6527 6528/6528 6363/6363 6362/6362
f 6528/6528 6529/6529 6364/6364 6363/6363
f 6529/6529 6530/6530 6365/6365 6364/6364
f 6530/6530 6531/6531 6366/6366 6365/6365
f 6531/6531 6532/6532 6367/6367 6366/6366
f 6532/6532 6533/6533 6368/6368 6367/6367
f 6533/6533 6534/6534 6369/6369 6368/6368
f 6534/6534 6535/6535 6370/6370 6369/6369
f 6535/6535 6536/6536 6371/6371 6370/6370
f 6536/6536 6537/6537 6372/6372 6371/6371
f 6537/6537 6538/6538 6373/6373 6372/6372
f 6538/6538 6539/6539 6374/6374 6373/6373
f 6539/6539 6540/6540 6375/6375 6374/6374
f 6540/6540 6541/6541 6376/6376 6375/6375
f 6541/6541 6542/6542 6377/6377 6376/6376
f 6542/6542 6543/6543 6378/6378 6377/6377
f 6543/6543 6544/6544 6379/6379 6378/6378
f 6544/6544 6545/6545 6380/6380 6379/6379
f 6545/6545 6546/6546 6381/6381 6380/6380
f 6547/6547 6548/6548 6549/6549
f 6547/6547 6549/6549 6550/6550
f 6551/6551 6552/6552 6553/6553
f 6551/6551 6553/6553 6554/6554
